Age,Height,Weight,family_history_with_overweight,FAVC,FCVC,NCP,CAEC,SMOKE,CH2O,SCC,FAF,TUE,CALC,MTRANS_Automobile,MTRANS_Bike,MTRANS_Motorbike,MTRANS_Public_Transportation,MTRANS_Walking,NObeyesdad
-0.20688898174867157,1.0540285399793792,-0.36609012870569374,1.0,0.0,-0.7850187010698834,0.4041527212394904,1,0.0,-0.013073263985237213,0.0,1.163820376321623,1.0,2.461490634110094,False,False,False,True,False,1
0.4235818278170949,1.0540285399793792,0.015808378350520555,0.0,0.0,1.088341755265735,0.4041527212394904,1,0.0,-0.013073263985237213,0.0,1.163820376321623,0.0,2.461490634110094,False,False,False,False,True,5
-0.36450668414011317,0.8396265529929473,0.12273996032626044,0.0,0.0,-0.7850187010698834,-2.1670227344876687,1,0.0,-0.013073263985237213,0.0,-1.1880391100619079,0.0,0.5211595181256249,False,False,False,True,False,6
0.7388172325999781,-0.8755893428985058,-1.282646545640608,0.0,1.0,-0.7850187010698834,0.4041527212394904,1,0.0,-0.013073263985237213,0.0,-1.1880391100619079,0.0,0.5211595181256249,True,False,False,False,False,1
-0.36450668414011317,-0.6611873559120762,-1.282646545640608,0.0,0.0,-0.7850187010698834,0.4041527212394904,1,0.0,-0.013073263985237213,0.0,2.3397501195133885,0.0,0.5211595181256249,False,False,False,True,False,1
-0.049271279357229955,0.8396265529929473,-0.8625581878787723,1.0,1.0,1.088341755265735,0.4041527212394904,1,0.0,-0.013073263985237213,0.0,-0.01210936687014236,1.0,2.461490634110094,False,False,False,True,False,1
-0.36450668414011317,0.1964205920336515,-0.7097987850562866,1.0,1.0,-0.7850187010698834,0.4041527212394904,1,0.0,-0.013073263985237213,0.0,-0.01210936687014236,1.0,-1.4191715978588444,False,False,False,True,False,1
0.2659641254256533,1.590033507445459,0.7032256910517063,1.0,1.0,1.088341755265735,0.4041527212394904,2,0.0,1.6187585428550124,0.0,1.163820376321623,2.0,0.5211595181256249,False,False,False,True,False,2
-0.36450668414011317,-0.5539863624188602,-1.1680769935237438,0.0,0.0,1.088341755265735,0.4041527212394904,1,0.0,1.6187585428550124,0.0,1.163820376321623,0.0,0.5211595181256249,False,False,False,True,False,1
2.6302296612972773,1.0540285399793792,0.4740865868179777,0.0,1.0,-0.7850187010698834,0.4041527212394904,1,0.0,-0.013073263985237213,0.0,1.163820376321623,1.0,2.461490634110094,True,False,False,False,False,2
-0.20688898174867157,0.7324255594997313,-1.015317590701258,1.0,1.0,1.088341755265735,-2.1670227344876687,1,0.0,-1.6449050708254869,0.0,-0.01210936687014236,1.0,0.5211595181256249,False,False,False,True,False,1
0.4235818278170949,2.4476414553911843,0.588656138934842,1.0,1.0,-0.7850187010698834,-2.1670227344876687,1,0.0,-1.6449050708254869,0.0,-0.01210936687014236,0.0,0.5211595181256249,False,False,False,True,False,6
-0.36450668414011317,-0.5539863624188602,-0.2515205765888294,1.0,0.0,-0.7850187010698834,0.4041527212394904,1,0.0,-0.013073263985237213,0.0,2.3397501195133885,2.0,-1.4191715978588444,False,False,False,False,True,6
-0.5221243865315548,1.590033507445459,-0.7097987850562866,1.0,1.0,-0.7850187010698834,0.4041527212394904,1,0.0,-0.013073263985237213,0.0,-1.1880391100619079,1.0,0.5211595181256249,False,False,False,True,False,1
-0.6797420889229964,-1.0899913298849377,-1.3972160977574724,1.0,0.0,-0.7850187010698834,1.6897404491030699,2,1.0,-0.013073263985237213,0.0,2.3397501195133885,2.0,-1.4191715978588444,False,False,False,True,False,1
-0.5221243865315548,-0.017981394952780436,-0.8243683371731508,1.0,1.0,-0.7850187010698834,-2.1670227344876687,2,0.0,-0.013073263985237213,0.0,-0.01210936687014236,2.0,4.401821750094563,False,False,False,False,True,1
-0.837359791314438,0.5180235725132994,-0.40427997941131516,1.0,1.0,1.088341755265735,0.4041527212394904,1,0.0,-0.013073263985237213,1.0,2.3397501195133885,1.0,0.5211595181256249,False,False,False,True,False,1
-0.20688898174867157,-0.23238338193921237,-0.6334190836450437,0.0,1.0,-0.7850187010698834,0.4041527212394904,1,0.0,-0.013073263985237213,0.0,1.163820376321623,2.0,2.461490634110094,False,False,False,False,True,1
0.7388172325999781,0.7324255594997313,-0.13695102447196517,0.0,1.0,-2.6583791574055016,1.6897404491030699,2,0.0,1.6187585428550124,0.0,-1.1880391100619079,1.0,-1.4191715978588444,False,False,True,False,False,5
2.314994256514394,0.9468275464861633,0.13037793046738483,0.0,0.0,-0.7850187010698834,-2.1670227344876687,1,0.0,-0.013073263985237213,0.0,-1.1880391100619079,0.0,0.5211595181256249,False,False,False,True,False,6
-0.36450668414011317,-0.5539863624188602,-0.9389378892900152,0.0,1.0,-0.7850187010698834,1.6897404491030699,2,0.0,-0.013073263985237213,0.0,1.163820376321623,0.0,0.5211595181256249,False,False,False,True,False,1
-0.20688898174867157,-0.5539863624188602,-0.747988635761908,1.0,1.0,-0.7850187010698834,0.4041527212394904,1,0.0,-0.013073263985237213,0.0,-0.01210936687014236,1.0,0.5211595181256249,False,False,False,True,False,1
-0.20688898174867157,-0.23238338193921237,-1.015317590701258,0.0,0.0,-0.7850187010698834,1.6897404491030699,2,0.0,-0.013073263985237213,0.0,-1.1880391100619079,0.0,-1.4191715978588444,False,False,False,False,True,1
-0.5221243865315548,-0.4467853689256443,-0.9389378892900152,1.0,1.0,-0.7850187010698834,0.4041527212394904,1,1.0,-0.013073263985237213,0.0,-0.01210936687014236,1.0,2.461490634110094,False,False,False,True,False,1
-0.5221243865315548,1.1612295334725953,-0.2515205765888294,0.0,0.0,-2.6583791574055016,0.4041527212394904,0,0.0,-0.013073263985237213,0.0,1.163820376321623,0.0,-1.4191715978588444,False,False,False,True,False,1
-0.5221243865315548,1.2684305269658112,-0.5570393822338009,1.0,1.0,-2.6583791574055016,0.4041527212394904,2,0.0,1.6187585428550124,0.0,1.163820376321623,0.0,0.5211595181256249,False,False,False,True,False,1
-0.5221243865315548,0.5180235725132994,-0.5570393822338009,1.0,1.0,-2.6583791574055016,0.4041527212394904,2,0.0,1.6187585428550124,0.0,1.163820376321623,0.0,0.5211595181256249,False,False,False,True,False,1
-0.20688898174867157,-0.23238338193921237,-0.9389378892900152,0.0,0.0,-0.7850187010698834,1.6897404491030699,2,0.0,-0.013073263985237213,0.0,-1.1880391100619079,0.0,0.5211595181256249,True,False,False,False,False,1
-0.36450668414011317,-0.017981394952780436,-0.6334190836450437,1.0,1.0,-0.7850187010698834,0.4041527212394904,1,0.0,-1.6449050708254869,0.0,-1.1880391100619079,1.0,0.5211595181256249,True,False,False,False,False,1
-0.5221243865315548,-0.6611873559120762,-0.8243683371731508,1.0,0.0,-0.7850187010698834,0.4041527212394904,1,0.0,-1.6449050708254869,0.0,-1.1880391100619079,1.0,-1.4191715978588444,False,False,False,True,False,1
-0.6797420889229964,0.6252245660065153,-1.2062668442293651,1.0,1.0,-0.7850187010698834,1.6897404491030699,1,0.0,1.6187585428550124,0.0,1.163820376321623,2.0,-1.4191715978588444,False,False,False,True,False,0
-0.6797420889229964,-0.5539863624188602,-1.0916972921125008,0.0,1.0,-0.7850187010698834,0.4041527212394904,1,0.0,-0.013073263985237213,0.0,2.3397501195133885,1.0,0.5211595181256249,False,False,False,True,False,1
-0.36450668414011317,-0.3395843754324283,-0.9389378892900152,0.0,1.0,-0.7850187010698834,-2.1670227344876687,0,0.0,-0.013073263985237213,0.0,-1.1880391100619079,0.0,0.5211595181256249,False,False,False,True,False,1
-0.36450668414011317,-0.23238338193921237,-1.2062668442293651,1.0,1.0,-0.7850187010698834,0.4041527212394904,1,0.0,-0.013073263985237213,0.0,-1.1880391100619079,2.0,0.5211595181256249,True,False,False,False,False,1
-0.20688898174867157,1.0540285399793792,0.13037793046738483,1.0,1.0,-2.6583791574055016,0.4041527212394904,3,0.0,-0.013073263985237213,0.0,-1.1880391100619079,2.0,2.461490634110094,False,False,False,True,False,6
-0.20688898174867157,-0.5539863624188602,0.321327183995492,1.0,1.0,-0.7850187010698834,0.4041527212394904,3,0.0,-0.013073263985237213,0.0,-1.1880391100619079,1.0,2.461490634110094,True,False,False,False,False,2
0.8964349349914197,0.6252245660065153,0.9705546459910562,1.0,1.0,-2.6583791574055016,0.4041527212394904,0,1.0,-0.013073263985237213,1.0,-1.1880391100619079,0.0,2.461490634110094,True,False,False,False,False,3
-0.20688898174867157,1.0540285399793792,-1.015317590701258,1.0,0.0,-0.7850187010698834,0.4041527212394904,0,0.0,1.6187585428550124,0.0,-1.1880391100619079,1.0,0.5211595181256249,False,False,False,True,False,1
-0.837359791314438,1.590033507445459,-0.8243683371731508,1.0,0.0,-0.7850187010698834,0.4041527212394904,1,0.0,1.6187585428550124,0.0,1.163820376321623,1.0,0.5211595181256249,False,True,False,False,False,1
-0.049271279357229955,-0.017981394952780436,-0.060571323060722305,1.0,1.0,-0.7850187010698834,0.4041527212394904,2,0.0,1.6187585428550124,0.0,-1.1880391100619079,1.0,2.461490634110094,False,False,False,True,False,6
-0.20688898174867157,-0.5539863624188602,-1.015317590701258,1.0,0.0,-0.7850187010698834,0.4041527212394904,1,0.0,-0.013073263985237213,0.0,-1.1880391100619079,0.0,0.5211595181256249,False,False,False,True,False,1
0.8964349349914197,1.0540285399793792,0.16856778117300628,1.0,1.0,-0.7850187010698834,0.4041527212394904,2,0.0,-0.013073263985237213,0.0,-1.1880391100619079,0.0,0.5211595181256249,False,False,False,True,False,6
-0.20688898174867157,-0.3395843754324283,-0.04147639770791159,1.0,1.0,-0.7850187010698834,0.4041527212394904,3,0.0,-0.013073263985237213,0.0,-1.1880391100619079,1.0,-1.4191715978588444,False,False,False,True,False,2
0.10834642303421166,-0.017981394952780436,-0.13695102447196517,1.0,1.0,-0.7850187010698834,0.4041527212394904,2,0.0,-0.013073263985237213,0.0,-1.1880391100619079,1.0,0.5211595181256249,False,False,False,True,False,6
-0.20688898174867157,-0.5539863624188602,-1.0726023667596902,1.0,0.0,-0.7850187010698834,0.4041527212394904,1,0.0,-0.013073263985237213,0.0,-1.1880391100619079,0.0,-1.4191715978588444,False,False,False,True,False,1
-0.5221243865315548,1.590033507445459,-0.13695102447196517,1.0,1.0,-0.7850187010698834,-2.1670227344876687,2,0.0,1.6187585428550124,0.0,-0.01210936687014236,0.0,-1.4191715978588444,False,False,False,True,False,1
-0.837359791314438,1.2684305269658112,0.015808378350520555,1.0,1.0,-0.7850187010698834,0.4041527212394904,1,0.0,-0.013073263985237213,0.0,-1.1880391100619079,0.0,-1.4191715978588444,False,False,False,True,False,5
4.83687749477746,0.8396265529929473,-0.09876117376634373,1.0,0.0,1.088341755265735,1.6897404491030699,2,0.0,1.6187585428550124,1.0,2.3397501195133885,0.0,2.461490634110094,False,False,False,False,True,5
0.2659641254256533,-0.017981394952780436,-0.6334190836450437,1.0,0.0,1.088341755265735,-2.1670227344876687,2,0.0,-0.013073263985237213,0.0,1.163820376321623,0.0,2.461490634110094,False,False,False,True,False,1
-0.20688898174867157,0.1964205920336515,-0.6334190836450437,0.0,0.0,-0.7850187010698834,0.4041527212394904,1,0.0,-0.013073263985237213,0.0,2.3397501195133885,1.0,2.461490634110094,False,False,False,True,False,1
-0.36450668414011317,-0.017981394952780436,-0.7709025461852806,1.0,0.0,-0.7850187010698834,0.4041527212394904,2,0.0,-0.013073263985237213,0.0,-1.1880391100619079,0.0,-1.4191715978588444,False,False,False,True,False,1
-0.36450668414011317,1.9116364879251047,0.13037793046738483,1.0,1.0,-0.7850187010698834,0.4041527212394904,3,0.0,-1.6449050708254869,0.0,-1.1880391100619079,1.0,0.5211595181256249,True,False,False,False,False,5
-0.36450668414011317,0.5180235725132994,0.321327183995492,1.0,0.0,-0.7850187010698834,0.4041527212394904,1,0.0,1.6187585428550124,0.0,2.3397501195133885,2.0,-1.4191715978588444,False,False,False,False,True,2
-0.5221243865315548,0.5180235725132994,-0.4424698301169366,1.0,1.0,1.088341755265735,0.4041527212394904,1,0.0,-0.013073263985237213,0.0,-1.1880391100619079,1.0,0.5211595181256249,False,False,False,True,False,1
-0.20688898174867157,-0.8755893428985058,-1.282646545640608,1.0,1.0,-0.7850187010698834,0.4041527212394904,1,0.0,-0.013073263985237213,0.0,-0.01210936687014236,1.0,0.5211595181256249,False,False,False,True,False,1
-0.20688898174867157,1.804435494431891,0.321327183995492,1.0,1.0,-2.6583791574055016,0.4041527212394904,2,0.0,-0.013073263985237213,0.0,-1.1880391100619079,2.0,2.461490634110094,False,False,False,True,False,6
-0.5221243865315548,0.5180235725132994,-1.3972160977574724,1.0,0.0,1.088341755265735,1.6897404491030699,2,0.0,-1.6449050708254869,0.0,-0.01210936687014236,0.0,-1.4191715978588444,False,False,False,False,True,0
-0.049271279357229955,-0.4467853689256443,-0.747988635761908,1.0,1.0,1.088341755265735,-2.1670227344876687,1,0.0,-0.013073263985237213,0.0,-0.01210936687014236,0.0,-1.4191715978588444,False,False,False,True,False,1
-0.20688898174867157,0.6252245660065153,0.13037793046738483,0.0,1.0,1.088341755265735,0.4041527212394904,1,0.0,-1.6449050708254869,0.0,-1.1880391100619079,0.0,-1.4191715978588444,False,False,False,True,False,6
-0.9949774937058796,0.5180235725132994,-0.2515205765888294,1.0,1.0,-0.7850187010698834,0.4041527212394904,3,0.0,-0.013073263985237213,0.0,-1.1880391100619079,0.0,2.461490634110094,False,False,False,True,False,5
-0.837359791314438,-0.3395843754324283,-0.7097987850562866,0.0,1.0,-0.7850187010698834,0.4041527212394904,1,0.0,-0.013073263985237213,0.0,-0.01210936687014236,0.0,0.5211595181256249,False,False,False,True,False,1
-0.6797420889229964,0.1964205920336515,-0.6334190836450437,1.0,1.0,1.088341755265735,0.4041527212394904,2,0.0,-1.6449050708254869,0.0,-1.1880391100619079,0.0,0.5211595181256249,False,False,False,True,False,1
0.4235818278170949,-0.017981394952780436,-0.3279002780000723,0.0,1.0,1.088341755265735,0.4041527212394904,1,0.0,1.6187585428550124,0.0,-0.01210936687014236,1.0,2.461490634110094,False,False,False,True,False,6
-0.20688898174867157,-0.8755893428985058,-1.0916972921125008,0.0,0.0,-0.7850187010698834,0.4041527212394904,1,0.0,-1.6449050708254869,0.0,-0.01210936687014236,0.0,-1.4191715978588444,False,False,False,True,False,1
0.8964349349914197,0.7324255594997313,0.855985093874192,1.0,1.0,1.088341755265735,0.4041527212394904,1,0.0,-1.6449050708254869,0.0,1.163820376321623,0.0,0.5211595181256249,True,False,False,False,False,2
-0.049271279357229955,-0.017981394952780436,-0.4424698301169366,1.0,1.0,-0.7850187010698834,0.4041527212394904,1,0.0,-0.013073263985237213,0.0,-0.01210936687014236,0.0,0.5211595181256249,True,False,False,False,False,5
0.10834642303421166,0.9468275464861633,-0.5570393822338009,1.0,1.0,-0.7850187010698834,0.4041527212394904,1,0.0,-0.013073263985237213,0.0,-0.01210936687014236,1.0,0.5211595181256249,False,False,False,True,False,1
3.1030827684716025,-1.0899913298849377,-0.2515205765888294,1.0,0.0,-0.7850187010698834,0.4041527212394904,1,1.0,1.6187585428550124,0.0,-1.1880391100619079,0.0,-1.4191715978588444,False,False,True,False,False,2
1.0540526373828614,0.6252245660065153,-0.4424698301169366,1.0,0.0,1.088341755265735,0.4041527212394904,3,0.0,1.6187585428550124,1.0,2.3397501195133885,0.0,-1.4191715978588444,False,True,False,False,False,1
0.10834642303421166,-0.017981394952780436,-0.7097987850562866,0.0,1.0,-0.7850187010698834,0.4041527212394904,2,0.0,-0.013073263985237213,0.0,-1.1880391100619079,1.0,-1.4191715978588444,False,False,False,True,False,1
-0.20688898174867157,2.0188374814183208,-0.8243683371731508,1.0,1.0,1.088341755265735,0.4041527212394904,2,0.0,1.6187585428550124,0.0,-0.01210936687014236,1.0,0.5211595181256249,False,False,False,True,False,0
0.10834642303421166,1.804435494431891,-0.7861784864675294,0.0,1.0,1.088341755265735,0.4041527212394904,3,0.0,-0.013073263985237213,0.0,1.163820376321623,0.0,2.461490634110094,False,False,False,True,False,1
-0.20688898174867157,0.41082257902008346,0.26404240793705985,0.0,1.0,-0.7850187010698834,0.4041527212394904,2,1.0,-1.6449050708254869,0.0,-0.01210936687014236,1.0,2.461490634110094,True,False,False,False,False,2
-0.36450668414011317,-0.9827903363917218,-0.747988635761908,1.0,0.0,-0.7850187010698834,1.6897404491030699,1,0.0,1.6187585428550124,1.0,1.163820376321623,2.0,0.5211595181256249,False,False,False,True,False,5
-0.5221243865315548,-0.8755893428985058,-0.6334190836450437,0.0,1.0,-0.7850187010698834,-2.1670227344876687,0,0.0,1.6187585428550124,0.0,-0.01210936687014236,0.0,0.5211595181256249,False,False,False,True,False,5
0.10834642303421166,0.8396265529929473,-0.3279002780000723,1.0,1.0,-0.7850187010698834,-2.1670227344876687,1,0.0,-0.013073263985237213,0.0,1.163820376321623,1.0,0.5211595181256249,False,False,False,True,False,1
1.526905744557186,-0.1251823884459964,-0.09876117376634373,1.0,0.0,-0.7850187010698834,0.4041527212394904,1,0.0,1.6187585428550124,0.0,1.163820376321623,0.0,-1.4191715978588444,True,False,False,False,False,6
-0.36450668414011317,0.41082257902008346,0.28313733328987056,1.0,1.0,-0.7850187010698834,0.4041527212394904,1,0.0,-0.013073263985237213,0.0,-1.1880391100619079,0.0,0.5211595181256249,False,False,False,True,False,2
-0.5221243865315548,-0.3395843754324283,-1.015317590701258,1.0,1.0,-0.7850187010698834,0.4041527212394904,2,0.0,-0.013073263985237213,0.0,1.163820376321623,1.0,0.5211595181256249,False,False,False,True,False,1
0.4235818278170949,-0.6611873559120762,-0.3279002780000723,1.0,1.0,-0.7850187010698834,-2.1670227344876687,1,0.0,-0.013073263985237213,0.0,-1.1880391100619079,0.0,2.461490634110094,True,False,False,False,False,6
-0.6797420889229964,1.375631520459027,-0.5570393822338009,1.0,0.0,1.088341755265735,0.4041527212394904,1,1.0,-1.6449050708254869,0.0,1.163820376321623,1.0,0.5211595181256249,False,False,False,True,False,1
4.83687749477746,-0.5539863624188602,-0.2515205765888294,0.0,1.0,-0.7850187010698834,0.4041527212394904,1,0.0,-0.013073263985237213,0.0,-0.01210936687014236,0.0,-1.4191715978588444,True,False,False,False,False,6
0.10834642303421166,2.0188374814183208,-0.4424698301169366,0.0,0.0,1.088341755265735,0.4041527212394904,2,0.0,-0.013073263985237213,1.0,2.3397501195133885,0.0,-1.4191715978588444,False,False,False,True,False,1
1.6845234469486279,0.7324255594997313,-0.060571323060722305,1.0,0.0,1.088341755265735,0.4041527212394904,2,0.0,1.6187585428550124,0.0,1.163820376321623,1.0,0.5211595181256249,True,False,False,False,False,6
0.8964349349914197,2.3404404618979684,1.657971958692242,1.0,0.0,-0.7850187010698834,0.4041527212394904,1,1.0,-1.6449050708254869,0.0,-0.01210936687014236,0.0,0.5211595181256249,False,False,False,True,False,3
-0.6797420889229964,-0.5539863624188602,-0.2515205765888294,1.0,0.0,-0.7850187010698834,0.4041527212394904,1,0.0,-0.013073263985237213,0.0,-0.01210936687014236,2.0,-1.4191715978588444,False,False,False,False,True,6
-0.36450668414011317,0.1964205920336515,-0.17514087517758659,0.0,1.0,-0.7850187010698834,-2.1670227344876687,1,0.0,-0.013073263985237213,0.0,1.163820376321623,1.0,0.5211595181256249,False,False,False,True,False,6
-0.9949774937058796,-1.0899913298849377,-1.0916972921125008,1.0,1.0,-0.7850187010698834,0.4041527212394904,2,0.0,-0.013073263985237213,0.0,-0.01210936687014236,0.0,0.5211595181256249,False,False,False,True,False,1
-0.9949774937058796,0.41082257902008346,-0.8625581878787723,0.0,0.0,1.088341755265735,0.4041527212394904,1,0.0,-0.013073263985237213,1.0,-1.1880391100619079,1.0,-1.4191715978588444,False,False,False,True,False,1
-0.5221243865315548,-0.8755893428985058,-0.6334190836450437,0.0,1.0,-0.7850187010698834,-2.1670227344876687,0,0.0,1.6187585428550124,0.0,-0.01210936687014236,0.0,0.5211595181256249,False,False,False,True,False,5
-0.36450668414011317,1.4828325139522431,-0.09876117376634373,1.0,1.0,1.088341755265735,0.4041527212394904,2,0.0,-0.013073263985237213,1.0,2.3397501195133885,0.0,0.5211595181256249,False,False,False,True,False,1
0.2659641254256533,2.2332394684047525,-0.09876117376634373,1.0,1.0,1.088341755265735,0.4041527212394904,2,1.0,-0.013073263985237213,0.0,1.163820376321623,2.0,2.461490634110094,False,False,False,True,False,1
-0.5221243865315548,-0.8755893428985058,-0.6334190836450437,0.0,1.0,-0.7850187010698834,-2.1670227344876687,0,0.0,1.6187585428550124,0.0,-0.01210936687014236,0.0,0.5211595181256249,False,False,False,True,False,5
-0.5221243865315548,-0.8755893428985058,-0.6334190836450437,0.0,1.0,-0.7850187010698834,-2.1670227344876687,0,0.0,1.6187585428550124,0.0,-0.01210936687014236,0.0,0.5211595181256249,False,False,False,True,False,5
2.314994256514394,0.8396265529929473,0.3595170347011134,1.0,0.0,-0.7850187010698834,0.4041527212394904,1,0.0,1.6187585428550124,0.0,-0.01210936687014236,0.0,2.461490634110094,True,False,False,False,False,2
0.10834642303421166,0.8396265529929473,0.4358967361123563,1.0,0.0,-0.7850187010698834,0.4041527212394904,1,0.0,1.6187585428550124,0.0,2.3397501195133885,2.0,-1.4191715978588444,False,False,False,True,False,2
1.6845234469486279,0.8396265529929473,0.7032256910517063,1.0,1.0,1.088341755265735,-2.1670227344876687,0,0.0,1.6187585428550124,0.0,2.3397501195133885,1.0,2.461490634110094,True,False,False,False,False,2
-0.6797420889229964,-1.0899913298849377,-1.1680769935237438,0.0,1.0,-0.7850187010698834,0.4041527212394904,1,0.0,-0.013073263985237213,0.0,-0.01210936687014236,0.0,0.5211595181256249,False,False,False,True,False,1
0.2659641254256533,0.5180235725132994,-0.2515205765888294,1.0,1.0,1.088341755265735,-2.1670227344876687,2,1.0,-0.013073263985237213,1.0,1.163820376321623,0.0,0.5211595181256249,False,False,False,True,False,5
-0.6797420889229964,1.375631520459027,-0.060571323060722305,1.0,0.0,1.088341755265735,0.4041527212394904,1,0.0,1.6187585428550124,1.0,2.3397501195133885,0.0,0.5211595181256249,True,False,False,False,False,5
-0.6797420889229964,0.8396265529929473,-0.7097987850562866,0.0,0.0,-0.7850187010698834,-2.1670227344876687,2,0.0,1.6187585428550124,1.0,1.163820376321623,1.0,-1.4191715978588444,False,False,False,True,False,1
-0.837359791314438,1.0540285399793792,-0.060571323060722305,1.0,1.0,1.088341755265735,0.4041527212394904,1,0.0,-0.013073263985237213,0.0,-0.01210936687014236,1.0,0.5211595181256249,False,False,False,False,True,5
-0.36450668414011317,0.5180235725132994,-0.480659680822558,1.0,0.0,-0.7850187010698834,0.4041527212394904,1,0.0,-0.013073263985237213,0.0,-0.01210936687014236,2.0,0.5211595181256249,False,True,False,False,False,1
2.6302296612972773,0.5180235725132994,1.1996937502247849,1.0,1.0,-0.7850187010698834,0.4041527212394904,1,0.0,-0.013073263985237213,0.0,-1.1880391100619079,0.0,0.5211595181256249,False,True,False,False,False,3
0.7388172325999781,-0.1251823884459964,0.13037793046738483,1.0,0.0,-0.7850187010698834,0.4041527212394904,1,0.0,1.6187585428550124,0.0,-0.01210936687014236,0.0,0.5211595181256249,True,False,False,False,False,2
0.4235818278170949,1.375631520459027,-0.5952292329394223,1.0,1.0,-0.7850187010698834,0.4041527212394904,1,0.0,-0.013073263985237213,0.0,2.3397501195133885,2.0,-1.4191715978588444,True,False,False,False,False,1
-0.837359791314438,0.5180235725132994,0.5122764375235991,1.0,1.0,-0.7850187010698834,0.4041527212394904,2,0.0,-0.013073263985237213,0.0,1.163820376321623,0.0,-1.4191715978588444,False,False,False,True,False,2
0.8964349349914197,0.5180235725132994,-0.5188495315281795,1.0,0.0,-0.7850187010698834,0.4041527212394904,0,0.0,-0.013073263985237213,1.0,-0.01210936687014236,0.0,0.5211595181256249,False,False,False,False,True,1
-0.6797420889229964,1.0540285399793792,1.0469343474022992,1.0,1.0,-0.7850187010698834,0.4041527212394904,2,0.0,-0.013073263985237213,0.0,-1.1880391100619079,1.0,-1.4191715978588444,False,False,False,True,False,3
-0.5221243865315548,1.0540285399793792,-0.9389378892900152,1.0,1.0,1.088341755265735,0.4041527212394904,1,0.0,-0.013073263985237213,0.0,-0.01210936687014236,0.0,-1.4191715978588444,False,False,False,True,False,1
-0.5221243865315548,-0.5539863624188602,-1.282646545640608,1.0,1.0,-0.7850187010698834,0.4041527212394904,1,0.0,-0.013073263985237213,0.0,-0.01210936687014236,0.0,0.5211595181256249,False,False,False,True,False,1
-0.5221243865315548,-0.23238338193921237,-0.6334190836450437,1.0,1.0,1.088341755265735,0.4041527212394904,1,0.0,1.6187585428550124,0.0,-1.1880391100619079,2.0,0.5211595181256249,False,False,False,True,False,1
-0.5221243865315548,0.08921959854043553,-0.4424698301169366,0.0,0.0,-0.7850187010698834,0.4041527212394904,2,0.0,1.6187585428550124,1.0,2.3397501195133885,1.0,2.461490634110094,True,False,False,False,False,5
-0.20688898174867157,0.1964205920336515,-0.17514087517758659,1.0,1.0,-0.7850187010698834,-2.1670227344876687,1,0.0,-1.6449050708254869,0.0,-0.01210936687014236,1.0,0.5211595181256249,False,False,False,True,False,6
0.10834642303421166,1.375631520459027,1.3142633023416492,1.0,0.0,1.088341755265735,0.4041527212394904,1,0.0,1.6187585428550124,0.0,1.163820376321623,0.0,0.5211595181256249,False,False,False,False,True,3
1.211670339774303,0.5180235725132994,1.2760734516360277,1.0,0.0,1.088341755265735,0.4041527212394904,1,0.0,1.6187585428550124,0.0,-1.1880391100619079,2.0,-1.4191715978588444,True,False,False,False,False,3
-0.6797420889229964,2.1260384749115366,0.16856778117300628,1.0,1.0,1.088341755265735,1.6897404491030699,1,0.0,1.6187585428550124,0.0,1.163820376321623,0.0,0.5211595181256249,False,False,False,False,True,5
-0.36450668414011317,-1.0899913298849377,-0.7861784864675294,0.0,1.0,1.088341755265735,0.4041527212394904,1,0.0,-0.013073263985237213,0.0,2.3397501195133885,0.0,-1.4191715978588444,False,True,False,False,False,5
1.3692880421657445,1.590033507445459,0.4740865868179777,1.0,1.0,-0.7850187010698834,0.4041527212394904,1,1.0,1.6187585428550124,0.0,-0.01210936687014236,0.0,0.5211595181256249,True,False,False,False,False,6
-0.5221243865315548,0.1964205920336515,-0.5570393822338009,1.0,1.0,1.088341755265735,0.4041527212394904,3,0.0,1.6187585428550124,1.0,2.3397501195133885,0.0,0.5211595181256249,True,False,False,False,False,1
-0.5221243865315548,0.6252245660065153,-0.3279002780000723,1.0,1.0,1.088341755265735,-2.1670227344876687,1,0.0,-0.013073263985237213,0.0,2.3397501195133885,0.0,0.5211595181256249,False,False,False,False,True,5
-0.6797420889229964,-0.3395843754324283,-0.3279002780000723,1.0,0.0,-0.7850187010698834,-2.1670227344876687,1,0.0,1.6187585428550124,0.0,-1.1880391100619079,0.0,2.461490634110094,True,False,False,False,False,6
4.994495197168901,0.9468275464861633,0.13037793046738483,1.0,0.0,-0.7850187010698834,0.4041527212394904,1,1.0,-0.013073263985237213,0.0,-0.01210936687014236,0.0,2.461490634110094,True,False,False,False,False,6
-0.837359791314438,0.8396265529929473,-0.213330725883208,1.0,0.0,-2.6583791574055016,0.4041527212394904,1,0.0,-0.013073263985237213,0.0,2.3397501195133885,0.0,-1.4191715978588444,False,True,False,False,False,5
-0.9949774937058796,0.5180235725132994,-0.060571323060722305,1.0,0.0,-0.7850187010698834,0.4041527212394904,1,0.0,1.6187585428550124,0.0,-0.01210936687014236,0.0,0.5211595181256249,False,False,False,True,False,6
-0.837359791314438,1.590033507445459,1.0851241981079205,0.0,0.0,-0.7850187010698834,0.4041527212394904,1,0.0,1.6187585428550124,1.0,-0.01210936687014236,2.0,-1.4191715978588444,False,False,False,True,False,2
-0.9949774937058796,-0.017981394952780436,-0.2515205765888294,0.0,0.0,1.088341755265735,-2.1670227344876687,1,0.0,-1.6449050708254869,0.0,-0.01210936687014236,0.0,-1.4191715978588444,False,False,False,True,False,6
-0.5221243865315548,0.1964205920336515,-0.4424698301169366,0.0,1.0,-0.7850187010698834,0.4041527212394904,1,0.0,-1.6449050708254869,0.0,-0.01210936687014236,0.0,-1.4191715978588444,False,False,False,True,False,5
-0.9949774937058796,0.41082257902008346,-0.6334190836450437,0.0,1.0,-0.7850187010698834,0.4041527212394904,1,0.0,-0.013073263985237213,0.0,-0.01210936687014236,1.0,0.5211595181256249,False,False,False,True,False,1
-0.20688898174867157,0.41082257902008346,-1.282646545640608,0.0,1.0,-0.7850187010698834,0.4041527212394904,2,0.0,-1.6449050708254869,0.0,2.3397501195133885,2.0,-1.4191715978588444,False,False,False,True,False,0
-0.9949774937058796,1.804435494431891,-0.747988635761908,1.0,1.0,1.088341755265735,0.4041527212394904,2,0.0,1.6187585428550124,1.0,-0.01210936687014236,1.0,0.5211595181256249,True,False,False,False,False,1
-0.9949774937058796,-0.017981394952780436,-1.3972160977574724,0.0,1.0,-2.6583791574055016,0.4041527212394904,2,0.0,-1.6449050708254869,0.0,1.163820376321623,1.0,0.5211595181256249,False,False,False,True,False,0
2.1573765541229526,-0.017981394952780436,-0.3279002780000723,0.0,1.0,1.088341755265735,0.4041527212394904,2,0.0,-0.013073263985237213,0.0,-1.1880391100619079,0.0,2.461490634110094,True,False,False,False,False,6
-1.1525951960973213,-0.3395843754324283,-1.015317590701258,0.0,0.0,-0.7850187010698834,1.6897404491030699,3,0.0,-0.013073263985237213,0.0,-1.1880391100619079,2.0,-1.4191715978588444,False,False,False,True,False,1
-0.20688898174867157,0.1964205920336515,-0.7861784864675294,1.0,1.0,-0.7850187010698834,0.4041527212394904,1,0.0,-0.013073263985237213,0.0,-1.1880391100619079,1.0,0.5211595181256249,False,False,False,False,True,1
-0.20688898174867157,1.2684305269658112,0.7796053924629491,0.0,1.0,-0.7850187010698834,0.4041527212394904,1,0.0,1.6187585428550124,0.0,-1.1880391100619079,1.0,0.5211595181256249,False,False,False,True,False,2
-0.9949774937058796,-0.017981394952780436,-1.015317590701258,0.0,1.0,-0.7850187010698834,0.4041527212394904,1,0.0,-0.013073263985237213,0.0,1.163820376321623,1.0,-1.4191715978588444,False,False,False,True,False,1
0.10834642303421166,0.08921959854043553,-0.5952292329394223,1.0,1.0,-0.7850187010698834,0.4041527212394904,2,0.0,-0.013073263985237213,0.0,-1.1880391100619079,0.0,0.5211595181256249,False,False,True,False,False,1
-1.3102128984887629,-0.3395843754324283,-1.3972160977574724,1.0,1.0,-0.7850187010698834,-2.1670227344876687,2,0.0,1.6187585428550124,0.0,-0.01210936687014236,0.0,-1.4191715978588444,False,False,False,True,False,0
-0.5221243865315548,1.2684305269658112,-0.747988635761908,0.0,1.0,-0.7850187010698834,1.6897404491030699,3,1.0,1.6187585428550124,0.0,2.3397501195133885,2.0,0.5211595181256249,False,False,False,False,True,1
-0.9949774937058796,0.9468275464861633,-1.3208363963462295,0.0,0.0,1.088341755265735,0.4041527212394904,1,0.0,-0.013073263985237213,0.0,-0.01210936687014236,1.0,0.5211595181256249,False,False,False,True,False,0
-0.5221243865315548,0.5180235725132994,-0.9389378892900152,0.0,1.0,1.088341755265735,1.6897404491030699,2,1.0,-0.013073263985237213,0.0,-1.1880391100619079,0.0,0.5211595181256249,False,False,False,True,False,1
-0.9949774937058796,-0.017981394952780436,-1.2062668442293651,1.0,1.0,-0.7850187010698834,0.4041527212394904,2,0.0,-0.013073263985237213,0.0,-1.1880391100619079,0.0,0.5211595181256249,False,False,False,True,False,1
-1.1525951960973213,-0.1251823884459964,-1.015317590701258,0.0,0.0,-0.7850187010698834,0.4041527212394904,1,0.0,1.6187585428550124,0.0,1.163820376321623,1.0,0.5211595181256249,False,False,False,False,True,1
-0.6797420889229964,0.7324255594997313,-0.6334190836450437,1.0,1.0,-2.6583791574055016,-2.1670227344876687,1,0.0,-0.013073263985237213,0.0,-0.01210936687014236,1.0,0.5211595181256249,False,False,False,True,False,1
-0.5221243865315548,0.9468275464861633,0.7032256910517063,1.0,1.0,-0.7850187010698834,0.4041527212394904,3,0.0,-1.6449050708254869,0.0,-1.1880391100619079,0.0,0.5211595181256249,False,False,False,True,False,2
-0.837359791314438,1.9116364879251047,-0.2897104272944509,0.0,0.0,-0.7850187010698834,0.4041527212394904,1,0.0,1.6187585428550124,0.0,2.3397501195133885,0.0,0.5211595181256249,True,False,False,False,False,1
-1.3102128984887629,1.2684305269658112,-0.5952292329394223,1.0,1.0,-0.7850187010698834,0.4041527212394904,2,0.0,-0.013073263985237213,0.0,1.163820376321623,1.0,0.5211595181256249,False,False,False,True,False,1
-1.1525951960973213,1.0540285399793792,-1.0916972921125008,0.0,1.0,-0.7850187010698834,0.4041527212394904,2,0.0,-0.013073263985237213,0.0,1.163820376321623,1.0,-1.4191715978588444,False,False,False,False,True,0
-0.5221243865315548,-0.017981394952780436,-0.8243683371731508,1.0,1.0,-0.7850187010698834,0.4041527212394904,2,0.0,-1.6449050708254869,0.0,-0.01210936687014236,1.0,-1.4191715978588444,False,False,False,True,False,1
-0.837359791314438,1.2684305269658112,-0.4424698301169366,1.0,0.0,-0.7850187010698834,0.4041527212394904,2,0.0,-0.013073263985237213,0.0,-0.01210936687014236,0.0,-1.4191715978588444,False,False,False,True,False,1
-0.9949774937058796,1.6972345009386751,0.8941749445798134,1.0,1.0,-0.7850187010698834,-2.1670227344876687,1,1.0,-0.013073263985237213,0.0,-0.01210936687014236,2.0,0.5211595181256249,False,False,False,True,False,2
0.2659641254256533,0.41082257902008346,-0.2515205765888294,0.0,0.0,-0.7850187010698834,0.4041527212394904,1,0.0,-0.013073263985237213,0.0,1.163820376321623,0.0,-1.4191715978588444,True,False,False,False,False,5
-0.9949774937058796,1.0540285399793792,-0.2515205765888294,1.0,1.0,-0.7850187010698834,0.4041527212394904,2,0.0,-1.6449050708254869,0.0,-1.1880391100619079,1.0,2.461490634110094,False,False,False,True,False,1
-0.20688898174867157,-0.017981394952780436,-0.4424698301169366,0.0,1.0,1.088341755265735,0.4041527212394904,1,0.0,1.6187585428550124,0.0,-0.01210936687014236,2.0,0.5211595181256249,False,False,False,True,False,5
0.2659641254256533,-0.017981394952780436,-0.6334190836450437,0.0,1.0,-0.7850187010698834,0.4041527212394904,1,1.0,-1.6449050708254869,0.0,-1.1880391100619079,0.0,0.5211595181256249,False,False,False,True,False,1
-0.9949774937058796,0.1964205920336515,-1.2062668442293651,0.0,1.0,-0.7850187010698834,1.6897404491030699,1,0.0,-0.013073263985237213,0.0,1.163820376321623,1.0,0.5211595181256249,False,False,False,True,False,1
-1.3102128984887629,1.4828325139522431,-1.5881653512855796,1.0,1.0,1.088341755265735,0.4041527212394904,3,0.0,1.6187585428550124,0.0,2.3397501195133885,2.0,0.5211595181256249,False,False,False,False,True,0
-0.6797420889229964,1.0540285399793792,-0.060571323060722305,1.0,0.0,-0.7850187010698834,0.4041527212394904,1,0.0,1.6187585428550124,0.0,1.163820376321623,1.0,0.5211595181256249,False,False,False,True,False,5
-0.20688898174867157,0.5180235725132994,1.2760734516360277,1.0,1.0,-0.7850187010698834,0.4041527212394904,1,1.0,-0.013073263985237213,0.0,1.163820376321623,1.0,0.5211595181256249,False,False,False,True,False,3
-0.6797420889229964,1.0540285399793792,-0.4424698301169366,0.0,1.0,1.088341755265735,1.6897404491030699,3,0.0,1.6187585428550124,0.0,1.163820376321623,0.0,0.5211595181256249,False,False,False,True,False,1
-1.1525951960973213,0.9468275464861633,-1.1298871428181223,1.0,1.0,-0.7850187010698834,1.6897404491030699,2,0.0,-0.013073263985237213,0.0,1.163820376321623,1.0,-1.4191715978588444,False,False,False,True,False,0
-1.1525951960973213,0.1964205920336515,-0.9389378892900152,0.0,1.0,-0.7850187010698834,0.4041527212394904,3,0.0,-0.013073263985237213,0.0,2.3397501195133885,1.0,-1.4191715978588444,False,False,False,True,False,1
-1.1525951960973213,-0.4467853689256443,-1.1680769935237438,1.0,1.0,-2.6583791574055016,0.4041527212394904,3,0.0,-0.013073263985237213,0.0,-0.01210936687014236,1.0,0.5211595181256249,False,False,False,True,False,1
0.2659641254256533,-0.017981394952780436,-0.5570393822338009,0.0,1.0,-0.7850187010698834,0.4041527212394904,3,0.0,-0.013073263985237213,0.0,-1.1880391100619079,0.0,0.5211595181256249,False,False,False,True,False,1
2.1573765541229526,0.5180235725132994,-0.4424698301169366,1.0,0.0,1.088341755265735,0.4041527212394904,2,0.0,-1.6449050708254869,0.0,1.163820376321623,1.0,-1.4191715978588444,True,False,False,False,False,1
-0.9949774937058796,0.5180235725132994,-0.6334190836450437,0.0,1.0,1.088341755265735,1.6897404491030699,1,0.0,-0.013073263985237213,0.0,-0.01210936687014236,1.0,-1.4191715978588444,False,False,False,True,False,1
-0.5221243865315548,-0.3395843754324283,-0.747988635761908,1.0,1.0,1.088341755265735,-2.1670227344876687,3,0.0,-0.013073263985237213,0.0,-0.01210936687014236,1.0,-1.4191715978588444,False,False,False,True,False,1
2.1573765541229526,0.5180235725132994,-0.4424698301169366,1.0,0.0,1.088341755265735,0.4041527212394904,2,0.0,-1.6449050708254869,0.0,2.3397501195133885,1.0,-1.4191715978588444,True,False,False,False,False,1
-0.9949774937058796,1.0540285399793792,-0.5570393822338009,1.0,1.0,-0.7850187010698834,0.4041527212394904,1,0.0,-0.013073263985237213,0.0,2.3397501195133885,0.0,0.5211595181256249,True,False,False,False,False,1
-0.9949774937058796,-0.017981394952780436,-1.1948098890176788,1.0,1.0,1.088341755265735,0.4041527212394904,1,0.0,-0.013073263985237213,0.0,2.3397501195133885,0.0,0.5211595181256249,False,False,False,True,False,1
-0.20688898174867157,0.1964205920336515,-0.40427997941131516,1.0,0.0,1.088341755265735,1.6897404491030699,2,0.0,-1.6449050708254869,0.0,-1.1880391100619079,0.0,0.5211595181256249,False,False,False,True,False,5
-0.837359791314438,0.41082257902008346,-0.480659680822558,1.0,0.0,1.088341755265735,-2.1670227344876687,1,0.0,1.6187585428550124,0.0,2.3397501195133885,1.0,0.5211595181256249,False,False,False,False,True,1
-1.1525951960973213,0.41082257902008346,-1.1680769935237438,1.0,1.0,-0.7850187010698834,0.4041527212394904,1,0.0,-0.013073263985237213,0.0,1.163820376321623,1.0,-1.4191715978588444,False,False,False,True,False,1
0.4235818278170949,1.590033507445459,-0.4424698301169366,1.0,1.0,-0.7850187010698834,-2.1670227344876687,1,0.0,-0.013073263985237213,0.0,-0.01210936687014236,0.0,-1.4191715978588444,False,False,False,False,True,1
-0.837359791314438,-0.017981394952780436,-1.3972160977574724,0.0,1.0,-2.6583791574055016,1.6897404491030699,2,0.0,-1.6449050708254869,0.0,1.163820376321623,1.0,0.5211595181256249,False,False,False,True,False,0
-0.6797420889229964,-0.017981394952780436,-0.8243683371731508,0.0,1.0,-0.7850187010698834,0.4041527212394904,1,0.0,-0.013073263985237213,0.0,-1.1880391100619079,1.0,-1.4191715978588444,False,False,False,True,False,1
-0.9949774937058796,0.8396265529929473,-0.8472822475965235,1.0,1.0,1.088341755265735,0.4041527212394904,2,0.0,-0.013073263985237213,0.0,2.3397501195133885,2.0,-1.4191715978588444,False,False,False,False,True,1
-0.5221243865315548,1.0540285399793792,-0.5570393822338009,0.0,1.0,1.088341755265735,0.4041527212394904,1,0.0,-0.013073263985237213,0.0,-0.01210936687014236,1.0,-1.4191715978588444,False,False,False,True,False,1
-0.6797420889229964,-1.0899913298849377,-1.3972160977574724,0.0,0.0,-0.7850187010698834,0.4041527212394904,1,0.0,-1.6449050708254869,0.0,-1.1880391100619079,0.0,0.5211595181256249,False,False,False,True,False,1
-0.20688898174867157,0.41082257902008346,0.7032256910517063,1.0,1.0,1.088341755265735,0.4041527212394904,1,0.0,-0.013073263985237213,0.0,-0.01210936687014236,0.0,0.5211595181256249,False,False,False,True,False,2
-0.20688898174867157,-0.5539863624188602,-0.7861784864675294,0.0,0.0,1.088341755265735,0.4041527212394904,1,0.0,-0.013073263985237213,0.0,2.3397501195133885,0.0,-1.4191715978588444,False,False,False,True,False,1
-0.9949774937058796,1.804435494431891,3.3001355390339633,1.0,1.0,1.088341755265735,0.4041527212394904,2,0.0,-0.013073263985237213,0.0,1.163820376321623,1.0,0.5211595181256249,False,False,False,True,False,4
-1.1525951960973213,-0.017981394952780436,-1.2062668442293651,0.0,1.0,1.088341755265735,0.4041527212394904,3,0.0,-0.013073263985237213,0.0,2.3397501195133885,1.0,0.5211595181256249,False,False,False,True,False,1
-1.1525951960973213,1.0540285399793792,0.3977068854067348,1.0,1.0,-0.7850187010698834,0.4041527212394904,1,0.0,1.6187585428550124,0.0,-0.01210936687014236,1.0,0.5211595181256249,False,False,False,False,True,6
-0.9949774937058796,1.2684305269658112,-0.2515205765888294,1.0,1.0,-0.7850187010698834,0.4041527212394904,1,0.0,-0.013073263985237213,0.0,2.3397501195133885,2.0,-1.4191715978588444,False,False,False,False,True,1
-0.6797420889229964,2.983646422857264,1.467022705164135,1.0,1.0,-0.7850187010698834,0.4041527212394904,3,0.0,1.6187585428550124,0.0,-0.01210936687014236,1.0,0.5211595181256249,False,False,False,True,False,2
-1.1525951960973213,0.5180235725132994,-0.6334190836450437,1.0,0.0,-0.7850187010698834,0.4041527212394904,1,0.0,-1.6449050708254869,0.0,2.3397501195133885,2.0,0.5211595181256249,False,False,False,False,True,1
-1.1525951960973213,2.1260384749115366,-1.015317590701258,0.0,0.0,1.088341755265735,0.4041527212394904,1,0.0,-0.013073263985237213,0.0,2.3397501195133885,1.0,-1.4191715978588444,False,False,False,False,True,0
2.6302296612972773,0.5180235725132994,0.8941749445798134,1.0,0.0,-0.7850187010698834,-2.1670227344876687,1,0.0,-1.6449050708254869,0.0,-0.01210936687014236,0.0,2.461490634110094,True,False,False,False,False,3
-0.6797420889229964,1.804435494431891,-0.4424698301169366,0.0,1.0,-0.7850187010698834,0.4041527212394904,2,0.0,-1.6449050708254869,0.0,-0.01210936687014236,1.0,0.5211595181256249,False,False,False,True,False,1
-0.837359791314438,1.0540285399793792,-0.2515205765888294,0.0,1.0,-0.7850187010698834,-2.1670227344876687,1,0.0,-0.013073263985237213,0.0,1.163820376321623,1.0,0.5211595181256249,False,False,False,True,False,1
-0.049271279357229955,1.4828325139522431,-0.022381472355100875,1.0,1.0,-0.7850187010698834,-2.1670227344876687,3,0.0,-0.013073263985237213,0.0,1.163820376321623,1.0,0.5211595181256249,False,False,False,True,False,5
-0.049271279357229955,-0.017981394952780436,-0.7097987850562866,0.0,1.0,1.088341755265735,0.4041527212394904,1,0.0,-0.013073263985237213,0.0,-1.1880391100619079,0.0,0.5211595181256249,False,False,True,False,False,1
1.3692880421657445,0.1964205920336515,-0.13695102447196517,1.0,1.0,-0.7850187010698834,-2.1670227344876687,1,0.0,-0.013073263985237213,0.0,2.3397501195133885,0.0,0.5211595181256249,True,False,False,False,False,6
-0.6797420889229964,-1.3043933168713697,-0.480659680822558,0.0,0.0,1.088341755265735,0.4041527212394904,2,0.0,-0.013073263985237213,0.0,2.3397501195133885,1.0,0.5211595181256249,False,False,False,True,False,6
-0.837359791314438,1.0540285399793792,-1.015317590701258,0.0,1.0,-0.7850187010698834,0.4041527212394904,1,0.0,-1.6449050708254869,0.0,-0.01210936687014236,1.0,-1.4191715978588444,False,False,False,True,False,1
-1.1525951960973213,-0.8755893428985058,-0.6716089343506652,1.0,1.0,1.088341755265735,-2.1670227344876687,3,0.0,-0.013073263985237213,1.0,-0.01210936687014236,2.0,0.5211595181256249,False,False,False,True,False,5
-0.9949774937058796,0.6252245660065153,-0.6334190836450437,1.0,1.0,-0.7850187010698834,1.6897404491030699,2,0.0,-0.013073263985237213,0.0,1.163820376321623,1.0,0.5211595181256249,True,False,False,False,False,1
2.6302296612972773,1.0540285399793792,0.2067576318786277,1.0,1.0,-0.7850187010698834,-2.1670227344876687,2,0.0,1.6187585428550124,0.0,-0.01210936687014236,0.0,0.5211595181256249,True,False,False,False,False,6
-0.9949774937058796,0.6252245660065153,-0.7097987850562866,0.0,0.0,-0.7850187010698834,1.6897404491030699,2,0.0,-0.013073263985237213,0.0,-0.01210936687014236,1.0,0.5211595181256249,False,False,False,True,False,1
-0.9949774937058796,0.30362158552686747,-0.6334190836450437,0.0,1.0,1.088341755265735,0.4041527212394904,2,0.0,-1.6449050708254869,0.0,1.163820376321623,1.0,0.5211595181256249,False,False,False,True,False,1
-1.1525951960973213,-0.017981394952780436,-0.6334190836450437,1.0,1.0,1.088341755265735,0.4041527212394904,1,0.0,-0.013073263985237213,0.0,-1.1880391100619079,2.0,0.5211595181256249,False,False,False,False,True,1
0.10834642303421166,-0.017981394952780436,-0.13695102447196517,0.0,1.0,1.088341755265735,0.4041527212394904,1,0.0,1.6187585428550124,1.0,2.3397501195133885,0.0,-1.4191715978588444,False,False,True,False,False,6
-0.5221243865315548,1.0540285399793792,-0.4424698301169366,1.0,1.0,1.088341755265735,0.4041527212394904,2,0.0,-1.6449050708254869,0.0,1.163820376321623,0.0,0.5211595181256249,False,False,False,True,False,1
-1.1525951960973213,-0.017981394952780436,0.4358967361123563,1.0,0.0,-0.7850187010698834,0.4041527212394904,1,0.0,-0.013073263985237213,0.0,-1.1880391100619079,1.0,0.5211595181256249,True,False,False,False,False,2
-0.9949774937058796,0.8396265529929473,0.8177952431685706,1.0,0.0,-0.7850187010698834,0.4041527212394904,1,0.0,1.6187585428550124,0.0,-0.01210936687014236,0.0,-1.4191715978588444,False,False,False,True,False,2
-0.20688898174867157,0.08921959854043553,-1.3972160977574724,1.0,1.0,-0.7850187010698834,0.4041527212394904,3,0.0,1.6187585428550124,0.0,-1.1880391100619079,2.0,-1.4191715978588444,False,False,False,True,False,0
-0.9949774937058796,0.6252245660065153,-0.6525140089978545,0.0,0.0,1.088341755265735,0.4041527212394904,2,0.0,1.6187585428550124,0.0,1.163820376321623,2.0,-1.4191715978588444,False,False,False,True,False,1
-0.9949774937058796,-0.017981394952780436,-0.3279002780000723,0.0,1.0,-2.6583791574055016,0.4041527212394904,1,0.0,-0.013073263985237213,0.0,-1.1880391100619079,1.0,0.5211595181256249,False,False,False,True,False,6
-0.6797420889229964,-0.4467853689256443,-1.015317590701258,0.0,1.0,-0.7850187010698834,1.6897404491030699,2,0.0,1.6187585428550124,0.0,-1.1880391100619079,0.0,-1.4191715978588444,False,False,False,True,False,1
-0.5221243865315548,1.590033507445459,1.467022705164135,1.0,1.0,1.088341755265735,-2.1670227344876687,3,0.0,-1.6449050708254869,0.0,-1.1880391100619079,0.0,0.5211595181256249,False,False,False,True,False,3
-0.5221243865315548,-0.5539863624188602,-1.015317590701258,0.0,0.0,1.088341755265735,-2.1670227344876687,2,0.0,-1.6449050708254869,0.0,-1.1880391100619079,0.0,0.5211595181256249,False,False,True,False,False,1
-0.9949774937058796,-0.5539863624188602,-0.6334190836450437,1.0,0.0,-0.7850187010698834,0.4041527212394904,1,0.0,-0.013073263985237213,0.0,-1.1880391100619079,0.0,-1.4191715978588444,False,False,False,True,False,5
0.2659641254256533,1.375631520459027,-0.17514087517758659,0.0,1.0,-0.7850187010698834,0.4041527212394904,3,0.0,-0.013073263985237213,0.0,-0.01210936687014236,1.0,0.5211595181256249,False,False,False,True,False,1
0.4235818278170949,1.375631520459027,0.4740865868179777,1.0,1.0,1.088341755265735,-2.1670227344876687,2,0.0,-0.013073263985237213,0.0,1.163820376321623,1.0,0.5211595181256249,False,False,False,False,True,6
1.526905744557186,0.8396265529929473,-0.5188495315281795,0.0,1.0,-0.7850187010698834,0.4041527212394904,1,0.0,-0.013073263985237213,0.0,2.3397501195133885,1.0,0.5211595181256249,True,False,False,False,False,1
-0.9949774937058796,0.41082257902008346,-0.022381472355100875,0.0,0.0,1.088341755265735,0.4041527212394904,1,0.0,-0.013073263985237213,0.0,2.3397501195133885,0.0,-1.4191715978588444,False,False,False,True,False,6
1.3692880421657445,0.6252245660065153,-0.7670835611147188,0.0,0.0,-0.7850187010698834,0.4041527212394904,1,0.0,-0.013073263985237213,0.0,2.3397501195133885,1.0,0.5211595181256249,True,False,False,False,False,1
-0.6797420889229964,1.1612295334725953,-0.2897104272944509,1.0,0.0,1.088341755265735,-2.1670227344876687,1,0.0,-0.013073263985237213,0.0,-1.1880391100619079,0.0,0.5211595181256249,False,False,False,True,False,1
-0.6797420889229964,1.375631520459027,-0.7861784864675294,0.0,0.0,-0.7850187010698834,0.4041527212394904,1,0.0,-0.013073263985237213,0.0,-0.01210936687014236,1.0,-1.4191715978588444,False,False,False,True,False,1
1.3692880421657445,1.590033507445459,-0.060571323060722305,0.0,1.0,-0.7850187010698834,0.4041527212394904,2,0.0,-0.013073263985237213,0.0,-0.01210936687014236,0.0,0.5211595181256249,True,False,False,False,False,1
1.3692880421657445,0.5180235725132994,-0.060571323060722305,0.0,0.0,-0.7850187010698834,0.4041527212394904,1,0.0,-0.013073263985237213,1.0,-0.01210936687014236,0.0,0.5211595181256249,False,False,False,True,False,6
1.3692880421657445,1.375631520459027,1.0087444966966777,1.0,1.0,-0.7850187010698834,-2.1670227344876687,3,0.0,-0.013073263985237213,0.0,-0.01210936687014236,2.0,2.461490634110094,True,False,False,False,False,2
-1.625448303271646,0.08921959854043553,-0.5570393822338009,1.0,1.0,1.088341755265735,0.4041527212394904,1,0.0,1.6187585428550124,0.0,1.163820376321623,1.0,-1.4191715978588444,False,False,False,False,True,1
1.526905744557186,1.4828325139522431,0.05399822905614198,0.0,1.0,1.088341755265735,0.4041527212394904,1,0.0,-1.6449050708254869,1.0,1.163820376321623,0.0,-1.4191715978588444,True,False,False,False,False,5
-0.9949774937058796,0.7324255594997313,0.015808378350520555,1.0,1.0,1.088341755265735,0.4041527212394904,1,0.0,-0.013073263985237213,0.0,-0.01210936687014236,1.0,2.461490634110094,False,False,False,True,False,6
-0.9949774937058796,-0.017981394952780436,0.13037793046738483,0.0,1.0,1.088341755265735,0.4041527212394904,1,0.0,-0.013073263985237213,0.0,1.163820376321623,0.0,0.5211595181256249,False,False,False,True,False,2
0.7388172325999781,-0.8755893428985058,0.09218807976176341,1.0,1.0,-2.6583791574055016,0.4041527212394904,1,0.0,-1.6449050708254869,0.0,-1.1880391100619079,0.0,0.5211595181256249,False,False,False,True,False,2
-0.9949774937058796,1.590033507445459,-1.015317590701258,1.0,1.0,1.088341755265735,1.6897404491030699,1,0.0,-0.013073263985237213,1.0,1.163820376321623,0.0,0.5211595181256249,True,False,False,False,False,0
-0.9949774937058796,1.4828325139522431,-1.015317590701258,1.0,1.0,1.088341755265735,1.6897404491030699,1,0.0,-0.013073263985237213,1.0,1.163820376321623,0.0,0.5211595181256249,True,False,False,False,False,0
-0.837359791314438,0.5180235725132994,-1.0916972921125008,0.0,1.0,-0.7850187010698834,0.4041527212394904,1,0.0,-0.013073263985237213,0.0,1.163820376321623,0.0,0.5211595181256249,False,True,False,False,False,1
1.3692880421657445,1.590033507445459,0.24494748258424912,1.0,1.0,-0.7850187010698834,0.4041527212394904,1,0.0,-1.6449050708254869,0.0,-0.01210936687014236,1.0,0.5211595181256249,False,False,False,False,True,6
1.3692880421657445,0.41082257902008346,-0.40427997941131516,0.0,0.0,-0.7850187010698834,0.4041527212394904,1,0.0,-1.6449050708254869,0.0,-1.1880391100619079,2.0,0.5211595181256249,False,False,False,False,True,5
-0.36450668414011317,0.5180235725132994,-0.6334190836450437,0.0,0.0,-0.7850187010698834,0.4041527212394904,1,0.0,1.6187585428550124,0.0,-0.01210936687014236,1.0,-1.4191715978588444,False,False,False,True,False,1
-0.20688898174867157,-0.017981394952780436,-0.6716089343506652,0.0,1.0,1.088341755265735,-2.1670227344876687,2,0.0,-1.6449050708254869,0.0,1.163820376321623,1.0,0.5211595181256249,False,False,False,True,False,1
0.2659641254256533,2.1260384749115366,-0.2515205765888294,1.0,1.0,-0.7850187010698834,0.4041527212394904,2,0.0,-1.6449050708254869,1.0,-0.01210936687014236,0.0,0.5211595181256249,True,False,False,False,False,1
-0.9949774937058796,-0.5539863624188602,-0.060571323060722305,0.0,1.0,-0.7850187010698834,0.4041527212394904,1,0.0,-1.6449050708254869,0.0,-0.01210936687014236,0.0,0.5211595181256249,False,False,False,True,False,2
-0.837359791314438,1.0540285399793792,-0.6334190836450437,0.0,1.0,1.088341755265735,0.4041527212394904,2,0.0,-1.6449050708254869,0.0,1.163820376321623,0.0,-1.4191715978588444,False,False,False,True,False,1
-0.837359791314438,2.0188374814183208,0.015808378350520555,0.0,1.0,-0.7850187010698834,1.6897404491030699,2,0.0,-0.013073263985237213,0.0,2.3397501195133885,1.0,2.461490634110094,True,False,False,False,False,1
0.2659641254256533,0.1964205920336515,-0.8243683371731508,1.0,1.0,-0.7850187010698834,0.4041527212394904,1,0.0,-0.013073263985237213,0.0,-1.1880391100619079,1.0,0.5211595181256249,False,False,False,False,True,1
-0.9949774937058796,0.1964205920336515,-1.282646545640608,1.0,1.0,-0.7850187010698834,0.4041527212394904,1,0.0,-0.013073263985237213,0.0,-1.1880391100619079,2.0,0.5211595181256249,False,False,False,True,False,0
-0.837359791314438,-0.017981394952780436,-1.015317590701258,1.0,1.0,-0.7850187010698834,-2.1670227344876687,1,0.0,-0.013073263985237213,0.0,1.163820376321623,0.0,0.5211595181256249,False,False,False,True,False,1
-0.837359791314438,1.375631520459027,-0.17514087517758659,1.0,1.0,1.088341755265735,0.4041527212394904,2,0.0,-0.013073263985237213,0.0,1.163820376321623,0.0,0.5211595181256249,False,False,False,True,False,1
-0.837359791314438,1.0540285399793792,0.015808378350520555,1.0,1.0,-0.7850187010698834,1.6897404491030699,1,0.0,-0.013073263985237213,0.0,1.163820376321623,1.0,0.5211595181256249,False,False,False,True,False,5
-0.837359791314438,0.08921959854043553,-0.5952292329394223,0.0,1.0,1.088341755265735,0.4041527212394904,1,0.0,-0.013073263985237213,0.0,-0.01210936687014236,1.0,0.5211595181256249,False,False,False,True,False,1
-0.837359791314438,-0.017981394952780436,-0.8243683371731508,1.0,0.0,-0.7850187010698834,0.4041527212394904,2,0.0,-0.013073263985237213,0.0,-0.01210936687014236,0.0,-1.4191715978588444,False,False,False,True,False,1
-0.20688898174867157,0.5180235725132994,-0.6716089343506652,0.0,0.0,1.088341755265735,0.4041527212394904,0,0.0,-0.013073263985237213,0.0,1.163820376321623,1.0,0.5211595181256249,True,False,False,False,False,1
-0.9949774937058796,1.590033507445459,-0.7861784864675294,0.0,1.0,-0.7850187010698834,0.4041527212394904,2,0.0,-1.6449050708254869,0.0,-0.01210936687014236,1.0,0.5211595181256249,False,False,False,True,False,1
-0.837359791314438,-0.1251823884459964,-1.015317590701258,0.0,1.0,-0.7850187010698834,0.4041527212394904,3,0.0,-1.6449050708254869,0.0,-0.01210936687014236,1.0,0.5211595181256249,False,False,False,True,False,1
-0.837359791314438,0.6252245660065153,-0.2897104272944509,1.0,1.0,-0.7850187010698834,0.4041527212394904,2,0.0,1.6187585428550124,0.0,-0.01210936687014236,2.0,2.461490634110094,False,False,False,True,False,5
-0.5221243865315548,0.08921959854043553,0.5122764375235991,1.0,1.0,-0.7850187010698834,-2.1670227344876687,1,0.0,-0.013073263985237213,0.0,-1.1880391100619079,2.0,-1.4191715978588444,False,False,False,True,False,2
0.4235818278170949,0.1964205920336515,0.05399822905614198,1.0,1.0,-0.7850187010698834,-2.1670227344876687,3,0.0,-0.013073263985237213,0.0,-1.1880391100619079,0.0,0.5211595181256249,True,False,False,False,False,6
-1.1525951960973213,1.0540285399793792,-0.7097987850562866,1.0,0.0,-0.7850187010698834,0.4041527212394904,1,0.0,-1.6449050708254869,0.0,1.163820376321623,1.0,0.5211595181256249,False,False,False,True,False,1
-0.9949774937058796,2.4476414553911843,-0.022381472355100875,0.0,0.0,1.088341755265735,1.6897404491030699,3,0.0,-0.013073263985237213,0.0,1.163820376321623,0.0,0.5211595181256249,False,False,False,False,True,1
-0.36450668414011317,0.41082257902008346,-0.4424698301169366,1.0,1.0,1.088341755265735,0.4041527212394904,2,0.0,-1.6449050708254869,0.0,-0.01210936687014236,0.0,-1.4191715978588444,True,False,False,False,False,1
-0.36450668414011317,0.41082257902008346,-0.4424698301169366,1.0,1.0,1.088341755265735,0.4041527212394904,2,0.0,-1.6449050708254869,0.0,-0.01210936687014236,0.0,-1.4191715978588444,True,False,False,False,False,1
-0.837359791314438,0.8396265529929473,-0.8625581878787723,0.0,1.0,-0.7850187010698834,0.4041527212394904,1,0.0,-1.6449050708254869,0.0,-0.01210936687014236,0.0,-1.4191715978588444,False,False,False,True,False,1
-0.837359791314438,-0.1251823884459964,-0.8243683371731508,0.0,1.0,-0.7850187010698834,0.4041527212394904,2,0.0,-1.6449050708254869,0.0,-0.01210936687014236,1.0,0.5211595181256249,False,False,False,True,False,1
-0.9949774937058796,0.41082257902008346,-0.8625581878787723,1.0,1.0,1.088341755265735,1.6897404491030699,1,0.0,-1.6449050708254869,1.0,1.163820376321623,0.0,0.5211595181256249,False,False,False,True,False,1
-0.5221243865315548,1.0540285399793792,-0.5188495315281795,1.0,1.0,-2.6583791574055016,0.4041527212394904,3,0.0,-0.013073263985237213,0.0,2.3397501195133885,1.0,0.5211595181256249,False,False,False,True,False,1
-0.20688898174867157,0.5180235725132994,-0.4424698301169366,0.0,1.0,-0.7850187010698834,0.4041527212394904,1,0.0,-0.013073263985237213,0.0,-0.01210936687014236,0.0,2.461490634110094,False,False,False,True,False,1
-0.6797420889229964,1.4828325139522431,0.6650358403460849,1.0,0.0,-0.7850187010698834,0.4041527212394904,1,0.0,1.6187585428550124,0.0,2.3397501195133885,0.0,-1.4191715978588444,False,False,True,False,False,2
-0.5221243865315548,1.9116364879251047,-0.09876117376634373,1.0,1.0,1.088341755265735,0.4041527212394904,1,0.0,1.6187585428550124,0.0,1.163820376321623,1.0,0.5211595181256249,False,False,False,False,True,1
-0.049271279357229955,0.5180235725132994,-0.09876117376634373,0.0,1.0,1.088341755265735,0.4041527212394904,0,0.0,-0.013073263985237213,1.0,-0.01210936687014236,0.0,0.5211595181256249,False,False,False,True,False,6
0.10834642303421166,-0.4467853689256443,-0.7097987850562866,0.0,1.0,-0.7850187010698834,0.4041527212394904,1,1.0,-1.6449050708254869,0.0,-0.01210936687014236,1.0,0.5211595181256249,False,False,False,True,False,1
3.260700470863044,-0.017981394952780436,-0.022381472355100875,0.0,1.0,1.088341755265735,0.4041527212394904,2,0.0,-1.6449050708254869,0.0,-1.1880391100619079,0.0,-1.4191715978588444,True,False,False,False,False,6
-0.6797420889229964,1.0540285399793792,-0.8243683371731508,0.0,1.0,-0.7850187010698834,0.4041527212394904,2,0.0,-1.6449050708254869,0.0,1.163820376321623,0.0,0.5211595181256249,False,False,True,False,False,1
-0.837359791314438,1.0540285399793792,-1.015317590701258,1.0,1.0,1.088341755265735,-2.1670227344876687,3,0.0,-1.6449050708254869,1.0,-1.1880391100619079,0.0,-1.4191715978588444,False,False,True,False,False,1
-0.9949774937058796,0.1964205920336515,-1.282646545640608,1.0,1.0,-0.7850187010698834,0.4041527212394904,1,0.0,-0.013073263985237213,0.0,-1.1880391100619079,2.0,0.5211595181256249,False,False,False,True,False,0
-0.6797420889229964,-1.5187953038578017,-1.5881653512855796,0.0,0.0,-0.7850187010698834,0.4041527212394904,1,0.0,-0.013073263985237213,0.0,-0.01210936687014236,1.0,0.5211595181256249,False,False,False,True,False,1
-0.7114147357477467,0.450508386811273,-1.2090345008998522,1.0,1.0,-0.7850187010698834,0.7760218274013095,1,0.0,1.36951908000546,0.0,0.788515343203512,2.0,0.5211595181256249,False,False,False,True,False,0
-1.122844224300127,0.752954549753681,-1.1797235231543328,1.0,1.0,-0.7850187010698834,1.6897404491030699,1,0.0,1.4295199037111692,0.0,1.163820376321623,1.340107,0.5211595181256249,False,False,False,True,False,0
-0.31958185613369494,0.5583311460667484,-1.1726879215283883,1.0,1.0,0.05840189686062614,1.6835014918597477,1,0.0,0.22802335814818256,0.0,1.163820376321623,0.58998,0.5211595181256249,False,False,False,True,False,0
-0.20688898174867157,1.9414276440168703,-0.8585059392001,1.0,1.0,1.088341755265735,0.4041527212394904,1,0.0,1.3638288824950084,0.0,0.5627356565809497,0.009254,0.5211595181256249,True,False,False,False,False,0
-0.23024256624120187,1.639260203657543,-0.8774098771095322,1.0,1.0,1.088341755265735,1.2927843840197208,1,0.0,1.0492312921178901,0.0,0.2561625410226541,0.8324,0.5211595181256249,True,False,False,False,False,0
-0.20688898174867157,1.4361250410872473,-1.0590672726320067,1.0,1.0,1.088341755265735,0.4041527212394904,1,0.0,0.03259191729738035,0.0,0.7658340103168293,0.114716,0.5211595181256249,True,False,False,False,False,0
-0.960927026222852,0.5770591596300126,-1.3208363963462295,1.0,1.0,1.088341755265735,0.4041527212394904,2,0.0,-0.013073263985237213,0.0,-0.4132260578513127,1.0,-1.4191715978588444,False,False,False,True,False,0
-0.3942664825286413,0.1177350628096321,-1.3361660697484208,1.0,1.0,1.088341755265735,0.6049011017085721,2,0.0,-1.2307412627540109,0.0,-0.5474114008469251,0.256382,-1.4191715978588444,False,False,False,True,False,0
-0.9690071401182468,-0.07946116472114023,-1.3208363963462295,1.0,1.0,1.088341755265735,0.4041527212394904,2,0.0,-0.013073263985237213,0.0,-0.2241506663029951,1.0,-1.4191715978588444,False,False,False,True,False,0
-1.1465707322765155,0.095265734573453,-1.3365372369074289,0.0,1.0,-0.7850187010698834,-0.8069544816103125,1,0.0,0.5923608138295978,0.0,-0.8493337142708972,0.714627,0.5211595181256249,False,False,False,True,False,0
-1.2618447541559012,0.547557446220681,-1.3972160977574724,0.0,1.0,-0.20348452813281143,1.122329592770017,1,0.0,-0.3592778046290439,0.0,1.0774977257334022,0.828549,0.5211595181256249,False,False,False,True,False,0
-1.2789804779067913,-0.11438724840122978,-1.2968006972482298,0.0,1.0,-0.7850187010698834,-0.8801674171244154,1,0.0,1.0865121215769624,0.0,-0.020399671559644308,0.474836,0.5211595181256249,False,False,False,True,False,0
-0.9949774937058796,0.5539251852341779,-1.3415648543731225,0.0,1.0,0.757092286016015,0.4041527212394904,1,0.0,-0.38311397183155954,0.0,0.2847799672529691,1.0,0.5211595181256249,False,False,False,True,False,0
-0.9949774937058796,0.8561676662889512,-1.3640022318393905,0.0,1.0,-0.685857985395126,0.4041527212394904,1,0.0,-0.013073263985237213,0.0,-0.5760758642669676,1.0,0.5211595181256249,False,False,False,True,False,0
-0.9949774937058796,0.580446711024398,-1.3081889871083474,0.0,1.0,0.3321860341122512,0.4041527212394904,1,0.0,-0.013073263985237213,0.0,-0.856739719793519,1.488372,0.5211595181256249,False,False,False,True,False,0
-1.0758560229517027,1.4471238630196532,-1.055671011018905,1.0,1.0,0.6532181954331172,1.4598362245537704,1,0.0,-0.013073263985237213,0.0,1.163820376321623,0.556245,-1.4191715978588444,True,False,False,False,False,0
-0.6922523635795073,0.7162703697803046,-1.0997026104275627,1.0,1.0,-0.7850187010698834,1.5574251889758945,1,0.0,1.0029672285621618,0.0,1.163820376321623,1.894105,-1.4191715978588444,True,False,False,False,False,0
-0.9277347871293454,0.808624025674708,-1.1243145943727102,1.0,1.0,-0.7850187010698834,0.5225759203793717,1,0.0,0.6828458875188896,0.0,1.163820376321623,1.839862,-1.4191715978588444,True,False,False,False,False,0
-1.0094603539078195,0.9889146565315985,-1.0274393930238785,1.0,1.0,0.27916805983749704,1.6897404491030699,1,0.0,-0.013073263985237213,0.0,1.163820376321623,0.220029,-1.4191715978588444,True,False,False,False,False,0
-1.133570897036377,1.1532001790599522,-1.0546915559178578,1.0,1.0,0.19742397632529218,1.6897404491030699,1,0.0,-0.013073263985237213,0.0,1.163820376321623,0.03838,-1.4191715978588444,True,False,False,False,False,0
-0.7854181384329576,0.7038564947337902,-1.1795149683796295,1.0,1.0,-0.7850187010698834,1.6897404491030699,1,0.0,0.24376890325238415,0.0,1.163820376321623,1.679149,-1.4191715978588444,True,False,False,False,False,0
-1.1525951960973213,1.5717450179555166,-1.0378871050509675,1.0,1.0,0.03933483413604259,0.4041527212394904,1,0.0,-0.013073263985237213,0.0,2.0863031578930107,1.0,-1.4191715978588444,True,False,False,False,False,0
-1.1525951960973213,1.3157490454937157,-1.0422348667943997,1.0,1.0,0.02483877092491712,0.4041527212394904,1,0.0,-0.013073263985237213,0.0,1.5748019419184294,1.0,-1.4191715978588444,True,False,False,False,False,0
-0.9121454506566176,1.661139926429508,-1.0436402533003666,1.0,1.0,0.32447340911351763,0.795129517800546,1,0.0,0.04691940056143739,0.0,1.2092735886852144,1.119877,-1.4191715978588444,True,False,False,False,False,0
-0.7496094454797531,0.7063006773854343,-1.1563519837499547,1.0,1.0,-0.10514247097747323,1.6897404491030699,1,0.0,0.5714031979343489,0.0,1.163820376321623,0.939819,-1.4191715978588444,True,False,False,False,False,0
-1.041682771278512,1.9476989021362239,-1.015317590701258,1.0,1.0,1.088341755265735,1.2099783928803,1,0.0,-0.013073263985237213,0.0,1.177365911033449,0.456462,-1.4191715978588444,True,False,False,False,False,0
-0.9517338161131687,1.3183325894369016,-1.0679680665664135,1.0,1.0,-0.5211746143995751,1.6897404491030699,1,0.0,1.5068768905144312,0.0,1.163820376321623,1.164457,-1.4191715978588444,True,False,False,False,False,0
-0.9949774937058796,1.4843118876624493,-1.015317590701258,1.0,1.0,1.088341755265735,1.6897404491030699,1,0.0,-0.013073263985237213,0.0,1.163820376321623,0.0,-1.4191715978588444,True,False,False,False,False,0
-1.1193484212787872,1.263681522954062,-1.0792809314713878,1.0,1.0,0.2633138102955289,1.6897404491030699,1,0.0,-0.013073263985237213,0.0,1.163820376321623,0.331483,-1.4191715978588444,True,False,False,False,False,0
-1.078606767093838,1.0395028053610484,-1.030107870652083,1.0,1.0,-0.15548715988103717,1.6897404491030699,1,0.0,-0.013073263985237213,0.0,1.163820376321623,0.133005,-1.4191715978588444,True,False,False,False,False,0
-0.9949774937058796,0.09779567801989424,-1.3618759737115045,1.0,1.0,-0.7850187010698834,0.4041527212394904,1,0.0,-0.013073263985237213,0.0,-1.1880391100619079,1.593704,0.5211595181256249,False,False,False,True,False,0
-0.9949774937058796,0.052020853798291106,-1.354376670918292,1.0,1.0,-0.7850187010698834,0.4041527212394904,1,0.0,-0.013073263985237213,0.0,-1.1880391100619079,1.329237,0.5211595181256249,False,False,False,True,False,0
-0.9949774937058796,0.1609477832867463,-1.3533251515689637,1.0,1.0,-1.1348987400578614,0.4041527212394904,1,0.0,-1.1964532128286836,0.0,-0.5760770401967108,1.673584,0.5211595181256249,False,False,False,True,False,0
-0.9949774937058796,0.17311509604822747,-1.3310521814099832,1.0,1.0,-2.407641100487717,0.4041527212394904,1,0.0,-1.1140277564333758,0.0,-0.9199447675603332,1.708309,0.5211595181256249,False,False,False,True,False,0
-0.927999269633958,0.5543539892081512,-1.2398003973877039,1.0,1.0,-0.7850187010698834,0.6181387985423835,1,0.0,0.4415191771007058,0.0,0.974355752028309,2.0,0.5211595181256249,False,False,False,True,False,0
-0.9949774937058796,-0.0002932310263981928,-1.3911932909722409,1.0,1.0,-1.2393723059867863,0.4041527212394904,1,0.0,-1.3943226103989048,0.0,-0.20734192655381198,1.616045,0.5211595181256249,False,False,False,True,False,0
-0.6829243903342795,0.5540431063270203,-1.206367130777318,1.0,1.0,-0.7850187010698834,1.0403245227850546,1,0.0,1.5806911704650435,0.0,1.1039302745008666,2.0,-1.4191715978588444,False,False,False,True,False,0
-0.6157388989837134,1.792975708227464,-0.8931205324623629,1.0,1.0,1.088341755265735,1.3035421821264832,1,0.0,1.3342143988644715,0.0,0.8105616740288712,0.071028,0.5211595181256249,True,False,False,False,False,0
-1.2318803679896693,-0.11225394863071414,-1.3972160977574724,0.0,1.0,-0.7850187010698834,-1.356014858715841,1,0.0,1.578824354878018,0.0,-0.5424642644173173,0.369134,0.5211595181256249,False,False,False,True,False,0
-0.9949774937058796,0.9303078733888586,-1.3379227265011782,0.0,1.0,0.8970697793134117,0.4041527212394904,1,0.0,-0.2814361637791505,0.0,0.17900155906364026,1.0,0.5211595181256249,False,False,False,True,False,0
-1.0931526743767348,1.1745010164670537,-1.0599726012328339,1.0,1.0,0.12164841922697324,1.3847707571238157,1,0.0,-0.013073263985237213,0.0,1.163820376321623,0.930051,-1.4191715978588444,True,False,False,False,False,0
-1.1399080743787269,0.8691711467996774,-1.1669535244956857,1.0,1.0,-0.7850187010698834,1.6897404491030699,1,0.0,0.452406758915944,0.0,1.163820376321623,1.162801,-1.4191715978588444,True,False,False,False,False,0
-1.142014319735784,2.0910266304366525,-1.0193255391531115,1.0,1.0,0.7925418859312539,0.843502327236869,1,0.0,-0.013073263985237213,0.0,1.7649050960622963,0.560351,-1.4191715978588444,True,False,False,False,False,0
-0.9949774937058796,1.5407103303392296,-1.015317590701258,1.0,1.0,1.088341755265735,1.6897404491030699,1,0.0,-0.013073263985237213,0.0,1.163820376321623,0.0,-1.4191715978588444,True,False,False,False,False,0
-1.0751620322080733,1.4253406211418314,-1.0156666077468566,1.0,1.0,0.9829633562364002,1.6897404491030699,1,0.0,-0.013073263985237213,0.0,1.163820376321623,0.128895,-1.4191715978588444,True,False,False,False,False,0
-0.9949774937058796,0.21629565622729396,-1.3011952797486268,1.0,1.0,-0.14811361312489946,0.4041527212394904,1,0.0,-0.013073263985237213,0.0,-1.1557798294169281,1.884138,0.5211595181256249,False,False,False,True,False,0
-0.9949774937058796,0.18452128175590513,-1.318608591405317,1.0,1.0,-0.8772966904280632,0.4041527212394904,1,0.0,-0.418219569492114,0.0,-0.9515173052352889,1.743319,0.5211595181256249,False,False,False,True,False,0
-0.6856574812937473,0.5859675621892991,-1.2069412769928265,1.0,1.0,-0.2652810695059551,1.0502942556146366,1,0.0,1.4420523719877025,0.0,0.8066834577358247,1.894902,-1.4191715978588444,False,False,False,True,False,0
-1.0610781024108857,0.7358988716889114,-1.1797152359567298,1.0,1.0,-0.7850187010698834,1.6897404491030699,1,0.0,0.5900958312817036,0.0,1.163820376321623,1.612466,-1.4191715978588444,True,False,False,False,False,0
-0.302010634671097,1.794765964818801,-0.9614263265866767,1.0,1.0,1.088341755265735,0.7425206968009124,1,0.0,0.3675906689236155,0.0,0.6437501603084033,0.000355,0.5211595181256249,True,False,False,False,False,0
-0.8240699395018991,1.602072179014747,-0.9670156403765485,1.0,1.0,1.088341755265735,1.682782848319872,1,0.0,0.8820305415254244,0.0,0.324178317368866,0.267076,0.5211595181256249,True,False,False,False,False,0
-0.5087859884666792,0.9174973546664187,-1.0693506537315092,1.0,1.0,0.20829883377432054,0.7247011653049955,1,0.0,0.6199877263194038,0.0,1.135999054527449,1.672508,-1.4191715978588444,True,False,False,False,False,0
-0.9841385971655272,0.9231039666261144,-1.3208363963462295,1.0,1.0,1.088341755265735,0.4041527212394904,1,0.0,-0.013073263985237213,0.0,-0.18339882105268449,1.0,0.5211595181256249,False,False,False,True,False,0
-0.9889215063445955,-0.029623422846142822,-1.3325884827241687,1.0,1.0,0.7596775234457576,0.4041527212394904,1,0.0,-0.013073263985237213,0.0,-0.5609051946500505,1.099764,0.5211595181256249,False,False,False,True,False,0
-0.6415612495488009,0.5858818013945045,-1.2227899504661073,1.0,1.0,-0.7850187010698834,1.6707780301170823,1,0.0,1.0542720205692198,0.0,1.2968780026935143,2.0,-1.4191715978588444,False,False,False,True,False,0
-1.0375464099146532,0.334302509864625,-1.35075955739856,0.0,1.0,-0.6889471567876234,-0.05112788788157331,1,0.0,0.570339243596289,0.0,-0.8454801925024578,0.897942,0.5211595181256249,False,False,False,True,False,0
-1.0703575294037768,0.6033341231351996,-1.3172343296276752,0.0,1.0,-0.3822836701668518,-0.05666619981320958,1,0.0,0.18478797442594988,0.0,-0.01400143782693788,0.85882,0.5211595181256249,False,False,False,True,False,0
-0.9949774937058796,0.9120729843956631,-1.3389978089883918,0.0,1.0,0.9300053294962488,0.4041527212394904,1,0.0,-0.37617868665248866,0.0,0.07898873440518053,1.0,0.5211595181256249,False,False,False,True,False,0
-0.9949774937058796,0.7008870272140272,-1.353954291169488,1.0,1.0,0.5431282948560985,0.4041527212394904,1,0.0,-0.22030937612672172,0.0,0.24327905475624517,1.0,0.5211595181256249,False,False,False,True,False,0
-0.9747631809918796,-0.024016810886447085,-1.3175303009706438,1.0,1.0,0.8139188020984993,0.4041527212394904,1,0.0,-0.013073263985237213,0.0,-0.3878612532906664,1.258881,0.5211595181256249,False,False,False,True,False,0
-1.0887436343877384,1.3247110485497493,-1.05680784649471,1.0,1.0,0.3031639339226997,1.54563377833593,1,0.0,-0.013073263985237213,0.0,1.163820376321623,0.453649,-1.4191715978588444,True,False,False,False,False,0
-0.7224170818454791,0.9823646758291639,-1.0842445427472989,1.0,1.0,0.16821266672965093,0.964546839753864,1,0.0,0.11246845241040357,0.0,1.195180070713061,1.443328,-1.4191715978588444,True,False,False,False,False,0
-0.9120967467865784,0.807348333852139,-1.119348806275309,1.0,1.0,-0.7850187010698834,1.3646963047532261,1,0.0,0.9261030549645657,0.0,1.163820376321623,1.84383,-1.4191715978588444,True,False,False,False,False,0
-1.0330713281083552,1.6346505609373354,-1.019850114942404,1.0,1.0,1.0248835431678225,1.6509285555988682,1,0.0,-0.013073263985237213,0.0,1.1639238581390239,0.378619,-1.4191715978588444,True,False,False,False,False,0
-1.1079980552941746,1.2846607573806843,-1.0304015124141588,1.0,1.0,0.36381772541747864,1.319726446032558,1,0.0,-0.013073263985237213,0.0,1.167344637761969,0.174848,-1.4191715978588444,True,False,False,False,False,0
-0.6808211397135682,0.6474473319576589,-1.1867489662799897,1.0,1.0,-0.7850187010698834,1.6897404491030699,1,0.0,0.8720567855220169,0.0,1.163820376321623,1.807465,-1.4191715978588444,True,False,False,False,False,0
-0.5633463018556911,0.6245063193501104,-1.206136349509504,1.0,1.0,0.38963637922669603,1.4749328812420726,1,0.0,1.608066780856595,0.0,1.163820376321623,1.425903,-1.4191715978588444,False,False,False,True,False,0
-1.1525951960973213,1.5337422657621702,-1.0415339684643996,1.0,1.0,0.025932813431416967,0.4041527212394904,1,0.0,-0.013073263985237213,0.0,1.9845593646525725,1.0,-1.4191715978588444,True,False,False,False,False,0
-1.1204542670787656,1.6256778377819512,-1.0298494017425077,1.0,1.0,0.8705542354144373,1.1700557515792243,1,0.0,-0.013073263985237213,0.0,1.2551348486696936,0.714701,-1.4191715978588444,True,False,False,False,False,0
-1.0468236302597107,1.640482294983365,-1.045508577176587,1.0,1.0,0.5406947996233187,1.3528059038582156,1,0.0,0.030246974990950692,0.0,1.174870588118396,0.613971,-1.4191715978588444,True,False,False,False,False,0
-0.700879410902201,0.6287621987917908,-1.1921098665727914,1.0,1.0,-0.5598688746251866,1.6897404491030699,1,0.0,0.9369220998439164,0.0,1.163820376321623,1.510609,-1.4191715978588444,True,False,False,False,False,0
-1.0126191702814467,1.502975580629618,-1.015317590701258,1.0,1.0,1.088341755265735,1.3453649220893416,1,0.0,-0.013073263985237213,0.0,1.1649186947017642,0.384662,-1.4191715978588444,True,False,False,False,False,0
-0.9208085924331579,1.6587064638772122,-1.0659587457613882,1.0,1.0,-0.14391728570270765,1.6088756954327228,1,0.0,0.49571720690129095,0.0,1.1795507884962997,1.128355,-1.4191715978588444,True,False,False,False,False,0
-1.0067204853871492,1.366433675217309,-1.0178757378507741,1.0,1.0,0.8279259182305211,1.6897404491030699,1,0.0,-0.013073263985237213,0.0,1.163820376321623,0.007872,-1.4191715978588444,True,False,False,False,False,0
-1.1524766675851232,1.290771214009797,-1.074777316947226,1.0,1.0,0.2632594828422951,0.4658082230800999,1,0.0,-0.013073263985237213,0.0,1.1775152541108342,0.588994,-1.4191715978588444,True,False,False,False,False,0
-1.095517255148011,1.125960406613327,-1.0442079836209566,1.0,1.0,0.011116405582259082,1.6897404491030699,1,0.0,-0.013073263985237213,0.0,1.163820376321623,0.03921,-1.4191715978588444,True,False,False,False,False,0
-0.9949774937058796,0.059835806223946325,-1.3718405077474658,1.0,1.0,-1.1843423425819277,0.4041527212394904,1,0.0,-0.7525280562640553,0.0,-0.5858525441518638,1.608265,0.5211595181256249,False,False,False,True,False,0
-0.9949774937058796,0.0689264504721706,-1.3470094668186707,1.0,1.0,-2.0891061286551467,0.4041527212394904,1,0.0,-0.41206103625309864,0.0,-1.1140354994633637,1.672532,0.5211595181256249,False,False,False,True,False,0
-0.9949774937058796,0.4037901938469286,-1.360880593442713,1.0,1.0,-0.9913075344401927,0.4041527212394904,1,0.0,-0.07911186537625542,0.0,-0.5760770401967108,1.151166,0.5211595181256249,False,False,False,True,False,0
-0.9949774937058796,0.1945660148462191,-1.3097679082959206,1.0,1.0,-2.279819843191482,0.4041527212394904,1,0.0,-0.13060431804109948,0.0,-1.1603177422959052,1.747256,0.5211595181256249,False,False,False,True,False,0
-0.9348649391324271,0.2237246850763744,-1.252706581053967,1.0,1.0,-0.7850187010698834,0.5726058523969108,1,0.0,0.10473520147778792,0.0,0.5617290607207777,2.0,0.5211595181256249,False,False,False,True,False,0
-0.9949774937058796,0.39690789006466376,-1.3877191602535504,1.0,1.0,-1.0262831741599785,0.4041527212394904,1,0.0,-1.181892377616248,0.0,-0.3826695234744747,1.487223,0.5211595181256249,False,False,False,True,False,0
0.3760726999622665,1.2287447191746217,0.014424569110202174,0.0,1.0,-0.14595362851874458,-1.4232832365763026,1,0.0,-0.013073263985237213,0.0,1.163820376321623,0.554072,-1.4191715978588444,True,False,False,False,False,5
-0.5022904053334254,-0.6817163461660259,-0.6334190836450437,0.0,1.0,-0.7850187010698834,-2.1670227344876687,0,0.0,0.1761653751586059,0.0,-0.28194290946189765,0.0,0.5211595181256249,False,False,False,True,False,5
0.1385502304903765,1.2006580588793985,-0.036214256369034796,0.0,1.0,-1.8149585594749924,1.6710248629608317,1,0.0,0.22802335814818256,0.0,-1.1329632646097783,1.0,-1.4191715978588444,True,False,False,False,False,5
-0.37026650783860393,-0.04769751034909984,-0.4204304672747224,1.0,1.0,-0.40114091652032635,1.2055418296314429,1,0.0,-0.31448402153127913,0.0,-0.024673000246403214,0.0,0.5211595181256249,False,False,False,True,False,5
-0.5221243865315548,-0.9027219143516394,-0.6765815966211932,0.0,1.0,-2.271949855914416,0.4041527212394904,0,0.0,0.6503332705994044,0.0,-0.0710940027886413,0.479221,0.5211595181256249,False,False,False,True,False,5
-0.8192367502757677,1.649455018138747,0.09087133189928412,1.0,1.0,-0.7850187010698834,0.4041527212394904,1,0.0,-1.6193228435896523,0.0,-1.1880391100619079,0.37465,0.5211595181256249,False,False,False,True,False,5
-0.49967458194453707,1.6474181992623769,-0.0065942463516055335,1.0,1.0,-0.7850187010698834,0.4041527212394904,1,0.0,-1.0814368115871622,0.0,0.10302003463704733,1.0,0.5211595181256249,False,False,False,True,False,5
-0.3704290116897691,-0.05725983896869354,-0.4424698301169366,1.0,1.0,-0.7850187010698834,0.4041527212394904,1,0.0,-0.29761740797577846,0.0,-0.36536806916289427,0.142056,0.5211595181256249,False,False,False,True,False,5
-0.11662951970961717,-0.035712439276558816,-0.4424698301169366,1.0,1.0,-0.7850187010698834,0.4041527212394904,1,0.0,-0.013073263985237213,0.0,-0.7815390127164056,1.415536,0.5211595181256249,False,False,False,True,False,5
-0.5221243865315548,-1.0320599130012043,-0.7011483637831055,0.0,1.0,-0.7850187010698834,-0.990195728401348,0,0.0,1.6187585428550124,0.0,-0.01210936687014236,0.0,0.5211595181256249,False,False,False,True,False,5
-0.2779417810451143,-0.7770287494808439,-0.6334190836450437,0.0,1.0,-0.7850187010698834,-2.1670227344876687,0,0.0,1.2977951765994102,0.0,-0.8995200438508355,0.0,0.5211595181256249,False,False,False,True,False,5
-0.5221243865315548,-0.8755893428985058,-0.6334190836450437,0.0,1.0,-0.7850187010698834,-2.1670227344876687,0,0.0,1.6187585428550124,0.0,-0.01210936687014236,0.0,0.5211595181256249,False,False,False,True,False,5
-0.5221243865315548,-0.8755893428985058,-0.6334190836450437,0.0,1.0,-0.7850187010698834,-2.1670227344876687,0,0.0,1.6187585428550124,0.0,-0.01210936687014236,0.0,0.5211595181256249,False,False,False,True,False,5
-0.5193845180108846,0.5436553300575276,-0.2855234066326384,1.0,1.0,1.088341755265735,-2.1670227344876687,1,0.0,-0.013073263985237213,0.0,1.8367226532682468,0.0,0.5211595181256249,True,False,False,False,False,5
-0.739073490163397,1.249413070720113,-0.028758069917269334,1.0,1.0,1.0040330412888068,1.3231332535113967,1,0.0,0.6901124345547497,0.0,1.8057968769520467,0.469735,0.5211595181256249,False,False,False,True,False,5
-0.7368080509269249,1.1515921641575553,-0.060571323060722305,1.0,1.0,1.088341755265735,0.4041527212394904,1,0.0,0.3608952630201496,0.0,0.702800648292521,0.628059,0.5211595181256249,False,False,False,True,False,5
-0.4569270848789542,0.08368802727618602,-0.4424698301169366,1.0,1.0,-0.7850187010698834,0.4041527212394904,1,0.0,1.3638288824950084,0.0,1.1900612485409472,0.009254,0.5211595181256249,False,False,False,True,False,5
-0.5174537011565892,-1.0140715862930443,-0.7204070854055926,1.0,1.0,-0.7850187010698834,1.2927843840197208,0,0.0,1.6187585428550124,0.0,0.2561625410226541,0.3352,0.5211595181256249,False,False,False,True,False,5
-0.6797420889229964,1.3901786952760546,0.11710913416867168,1.0,1.0,0.2554475697393751,0.780040574638611,1,0.0,1.6187585428550124,0.0,1.163820376321623,0.315918,0.5211595181256249,False,False,False,True,False,5
-0.9747699585530827,0.8229782387034494,-0.24106392813667518,1.0,1.0,-1.5903969682135852,0.4041527212394904,1,0.0,-0.013073263985237213,0.0,1.9962398747916965,0.0,-1.4191715978588444,False,False,False,True,False,5
-0.5221243865315548,0.0845134749260849,-0.4424698301169366,1.0,1.0,-0.7850187010698834,0.4041527212394904,1,0.0,-0.6065280645060582,0.0,-0.01210936687014236,0.0,0.5211595181256249,False,False,False,True,False,5
0.32253611355028716,0.5750223407536424,-0.1664032664752449,1.0,1.0,-0.8915567102216899,1.1238774403943645,1,0.0,0.5874343136047476,0.0,-0.9110723776479513,0.879977,0.5211595181256249,False,False,False,True,False,5
-0.25145554471755427,0.06854052689559345,-0.4424698301169366,1.0,1.0,0.5533980568777299,0.4041527212394904,1,0.0,1.6187585428550124,0.0,0.10174179900619808,1.89388,0.5211595181256249,False,False,False,True,False,5
-0.708594166963452,1.1285010701591167,-0.05753183103291266,1.0,1.0,-0.7850187010698834,0.4041527212394904,1,0.0,0.4635407473340147,0.0,0.06763866052389361,0.19668,0.5211595181256249,False,False,False,True,False,5
-0.20688898174867157,0.11662017247730154,-0.42410952473229946,1.0,1.0,1.088341755265735,1.245005516113671,1,0.0,-1.2697224609558107,0.0,-0.25495179406641705,1.597608,0.5211595181256249,False,False,False,True,False,5
-0.17962395635359504,1.682483644234008,0.07979558777734161,1.0,1.0,-0.7850187010698834,0.11726096388945396,1,0.0,-1.1908788753765176,0.0,-0.5328933722374796,1.0,0.5211595181256249,True,False,False,False,False,5
-0.8253110212905289,-0.8755893428985058,-0.6513826346707006,0.0,1.0,-0.26301805007470147,-2.1670227344876687,1,0.0,1.0133244650401774,0.0,-0.01210936687014236,1.285373,0.5211595181256249,False,False,False,True,False,5
0.8555325107500311,1.2734796937593404,0.04135081981826011,0.0,1.0,1.088341755265735,0.4041527212394904,1,0.0,-1.3599692872013038,0.0,1.163820376321623,0.0,-1.4191715978588444,True,False,False,False,False,5
-0.9908074021537092,0.5407823434319101,-0.2515205765888294,1.0,1.0,-0.7850187010698834,0.13952220098513984,1,0.0,0.6027180503076134,0.0,-1.0689926865801462,0.105895,-1.4191715978588444,False,False,False,True,False,5
-0.762406269119212,1.6675505458404034,0.059298101967516184,1.0,1.0,-0.6689602740789795,1.6897404491030699,1,0.0,0.6828458875188896,0.0,1.163820376321623,0.160138,0.5211595181256249,False,False,False,True,False,5
0.642865880092164,1.161872739433554,0.026760578305430775,0.0,1.0,1.088341755265735,0.4041527212394904,1,0.0,-1.3093466008895058,0.0,1.163820376321623,0.0,-1.4191715978588444,True,False,False,False,False,5
0.3855196745728,1.0732175178146643,0.015090485536956135,0.0,1.0,0.4382069957781093,-0.2538252193460958,1,0.0,-0.013073263985237213,0.0,1.163820376321623,0.096614,-1.4191715978588444,True,False,False,False,False,5
-0.5167978538969383,-0.8124372376316538,-0.6334190836450437,0.0,1.0,-0.7850187010698834,-2.1670227344876687,0,0.0,0.001221582642683538,0.0,-0.44580401545669734,0.0,0.5211595181256249,False,False,False,True,False,5
-0.29676070423984313,-0.6572209191528251,-0.6334190836450437,0.0,1.0,-0.7850187010698834,-2.1670227344876687,0,0.0,0.09982338773919847,0.0,-0.32973034236572457,0.0,0.5211595181256249,False,False,False,True,False,5
0.3684816737973923,0.9580514905049032,-0.12690251095430202,0.0,1.0,-2.1378659546126504,1.6892146437223738,1,0.0,0.7962239296263438,0.0,-1.184017430340192,1.0,-1.4191715978588444,True,False,False,False,False,5
-0.4246778724988557,-0.23982313088764126,-0.4424698301169366,1.0,1.0,-0.7850187010698834,0.4041527212394904,1,0.0,-0.08182070617561023,0.0,-0.018468794921323393,0.117303,0.5211595181256249,False,False,False,True,False,5
-0.7205332350664966,1.2339439673590433,-0.0024158565960524596,1.0,1.0,-0.7850187010698834,0.4041527212394904,1,0.0,0.27639085290292703,0.0,-0.7919695095385166,0.004813,0.5211595181256249,False,False,False,True,False,5
-0.8032544728709777,1.1877296190641184,0.006195801978662067,1.0,1.0,-0.7850187010698834,0.4041527212394904,1,0.0,0.2621368020701779,0.0,-0.037982173079847546,0.142638,0.5211595181256249,False,False,False,True,False,5
-0.31988794971173906,1.8144159069261072,0.10179813560347518,1.0,1.0,-0.7850187010698834,0.14700817832448937,1,0.0,-1.5121832944797486,0.0,-0.6655182564638764,1.0,0.5211595181256249,False,False,False,True,False,5
-0.5084885638622666,1.7367380670409245,0.11353063058800264,1.0,1.0,-0.7850187010698834,0.4041527212394904,1,0.0,-1.6355595700677126,0.0,-1.1880391100619079,0.798219,0.5211595181256249,False,False,False,True,False,5
-0.13570961543720833,-0.3371509128801326,-0.4424698301169366,1.0,1.0,-0.7850187010698834,0.4041527212394904,1,0.0,-0.013073263985237213,0.0,-1.03615249664203,1.983678,0.5211595181256249,False,False,False,True,False,5
-0.24782623950228866,0.16734768259829083,-0.40625958851249155,1.0,1.0,-0.7850187010698834,0.4041527212394904,1,0.0,-0.013073263985237213,0.0,-1.1880391100619079,2.0,0.5211595181256249,False,False,False,True,False,5
-0.8530816842748773,0.5218720881797059,-0.25806154326843456,1.0,1.0,-0.7850187010698834,-0.5881757332579444,1,0.0,0.06036569464980145,0.0,0.3332200411642675,0.961806,2.461490634110094,False,False,False,True,False,5
-0.1800452684720876,0.06303039583004319,-0.43075692652582104,1.0,1.0,-0.21670295951271548,0.45914245071112725,1,0.0,-1.1918498153015873,0.0,-0.07680666948106693,0.366126,0.5211595181256249,False,False,False,True,False,5
-0.5221243865315548,-0.8755893428985058,-0.6334190836450437,0.0,1.0,-0.7850187010698834,-2.1670227344876687,0,0.0,1.6187585428550124,0.0,-0.01210936687014236,0.0,0.5211595181256249,False,False,False,True,False,5
-0.5221243865315548,-0.8755893428985058,-0.6334190836450437,0.0,1.0,-0.7850187010698834,-2.1670227344876687,0,0.0,1.6187585428550124,0.0,-0.01210936687014236,0.0,0.5211595181256249,False,False,False,True,False,5
-0.5221243865315548,-0.8755893428985058,-0.6334190836450437,0.0,1.0,-0.7850187010698834,-2.1670227344876687,0,0.0,1.6187585428550124,0.0,-0.01210936687014236,0.0,0.5211595181256249,False,False,False,True,False,5
-0.5221243865315548,-0.8755893428985058,-0.6334190836450437,0.0,1.0,-0.7850187010698834,-2.1670227344876687,0,0.0,1.6187585428550124,0.0,-0.01210936687014236,0.0,0.5211595181256249,False,False,False,True,False,5
-0.5221243865315548,-0.8755893428985058,-0.6334190836450437,0.0,1.0,-0.7850187010698834,-2.1670227344876687,0,0.0,1.6187585428550124,0.0,-0.01210936687014236,0.0,0.5211595181256249,False,False,False,True,False,5
-0.5221243865315548,-0.8755893428985058,-0.6334190836450437,0.0,1.0,-0.7850187010698834,-2.1670227344876687,0,0.0,1.6187585428550124,0.0,-0.01210936687014236,0.0,0.5211595181256249,False,False,False,True,False,5
-0.23025218092104757,0.5406965826371155,-0.27387680062234815,1.0,1.0,1.088341755265735,-2.1670227344876687,1,0.0,-0.013073263985237213,0.0,1.5353941843645869,0.0,0.5211595181256249,False,False,False,True,False,5
0.2659641254256533,0.46477683904521966,-0.2515205765888294,1.0,1.0,-0.3779992948032123,-1.9181470918382861,1,0.0,-0.013073263985237213,0.0,1.163820376321623,0.0,0.5211595181256249,False,False,False,True,False,5
-0.7129535573761949,1.2753235508474243,-0.060571323060722305,1.0,1.0,1.088341755265735,0.4041527212394904,1,0.0,1.2258885080309951,0.0,0.8854507597240389,0.453314,0.5211595181256249,False,False,False,True,False,5
-0.6961537169491007,1.132606868209907,-0.057752873888796616,1.0,1.0,0.7165059317295036,0.4041527212394904,1,0.0,1.1859673747084551,0.0,1.4082738272660704,0.143675,0.5211595181256249,False,False,False,True,False,5
-0.7280039989244462,1.0540285399793792,-0.060571323060722305,1.0,1.0,-0.4314743690293131,0.4041527212394904,1,0.0,1.164058400869818,0.0,0.6099198375265196,1.0,0.5211595181256249,False,False,False,True,False,5
-0.8016886986154216,1.2068435562039574,-0.050808813334993826,1.0,1.0,1.0346718515521758,0.9057157741513711,1,0.0,0.20521198132036278,0.0,1.538344592090255,0.678618,0.5211595181256249,False,False,False,True,False,5
-0.4193215501184875,-0.01604105697055337,-0.44028624902314145,1.0,1.0,-0.623735479302581,1.106536147533213,1,0.0,0.11930256401745067,0.0,1.1563720373282464,0.673835,0.5211595181256249,False,False,False,True,False,5
-0.7841789480567561,1.6964519336861748,0.019849933870995155,1.0,1.0,-0.3872668089807047,1.6897404491030699,1,0.0,0.5973036323725172,0.0,1.163820376321623,0.622638,0.5211595181256249,False,False,False,True,False,5
-0.4115330289725164,2.0839406447667503,0.15040697956845525,1.0,1.0,0.016196959139840955,1.323741336506676,1,0.0,1.4165680546602781,0.0,0.9471764878739178,0.426465,0.5211595181256249,False,False,False,True,False,5
-0.424362794711775,-1.0330247219426447,-0.7624379185357828,1.0,1.0,-0.11529983137172543,0.8884554733170748,1,0.0,0.28855942268653484,0.0,0.40909102819500015,0.014885,0.5211595181256249,False,False,False,True,False,5
-0.5221243865315548,0.1113137232993883,-0.4424698301169366,1.0,1.0,-0.7850187010698834,0.4041527212394904,1,0.0,-1.1003513740602477,0.0,-0.01210936687014236,0.0,0.5211595181256249,False,False,False,True,False,5
-0.5221243865315548,-0.2751136979456087,-0.4424698301169366,1.0,1.0,-0.7850187010698834,0.4041527212394904,1,0.0,-1.3771834809316619,0.0,-0.01210936687014236,0.0,0.5211595181256249,False,False,False,True,False,5
0.7112692834291093,0.6881944295844297,-0.1734206133525518,1.0,1.0,-2.538180603806096,1.6763060573468953,1,0.0,0.033313186956003826,0.0,-0.22945646130427644,0.894678,0.5211595181256249,False,False,False,True,False,5
0.2733842940011354,0.4746071701485458,-0.25081135287137557,1.0,1.0,-0.7979430148581428,0.6240936408978476,1,0.0,0.5817261659444204,0.0,0.2521726114040045,0.022245,0.5211595181256249,False,False,False,True,False,5
-0.20688898174867157,-0.12308124897352846,-0.4424698301169366,1.0,1.0,0.3782688279776516,0.4041527212394904,1,0.0,1.3324683388311518,0.0,-0.3006837017791448,2.0,0.5211595181256249,False,False,False,True,False,5
-0.6797420889229964,1.2414158766055199,-0.060571323060722305,1.0,1.0,0.99688429778743,0.4041527212394904,1,0.0,1.6187585428550124,0.0,1.6740774586279075,0.561602,0.5211595181256249,False,False,False,True,False,5
-0.16820833664019247,0.0674363566626137,-0.4278157733635781,1.0,1.0,0.2679972114363679,0.5391484317792614,1,0.0,-1.363533207867443,0.0,-0.9705897097401162,0.923082,0.5211595181256249,False,False,False,True,False,5
-0.08056848081488434,1.6519849615851883,-0.01861889369403093,1.0,1.0,-0.7850187010698834,-0.4027605576190915,1,0.0,-0.5422224684939045,0.0,0.06578539524862337,1.0,0.5211595181256249,True,False,False,False,False,5
-0.14900987001810576,1.6245843876483224,0.018988294459374628,1.0,1.0,-0.7850187010698834,-2.041919621513808,1,0.0,-1.1083016586231733,0.0,0.298638299276484,1.0,0.5211595181256249,True,False,False,False,False,5
1.385141388289978,1.4698719138389131,0.04856954177833786,0.0,1.0,0.7407453426740299,-0.09972696075800053,1,0.0,-0.2429004556606181,0.0,1.163820376321623,0.516084,-1.4191715978588444,True,False,False,False,False,5
-0.7619345193359545,1.097970227212247,-0.05307545735407348,1.0,1.0,0.07668214819354939,0.8007051117762903,1,0.0,0.11422756709817758,0.0,0.9046995536903449,0.871772,0.5211595181256249,False,False,False,True,False,5
-0.7696278393896807,1.199468127851624,-0.01684761022845363,1.0,1.0,0.41989489731742885,1.4602129017580345,1,0.0,0.6349663104743898,0.0,1.2157553134296875,0.471663,0.5211595181256249,False,False,False,True,False,5
0.23222211578620525,1.2560809725153923,0.0170456531336813,0.0,1.0,-0.24833652417839863,-1.2494190666723044,1,0.0,-0.3440723958529066,0.0,0.7624732031107871,0.926581,-1.4191715978588444,True,False,False,False,False,5
0.3901419713131316,1.2431418126007616,0.01990679855869553,0.0,1.0,1.0351158379803278,0.07411278297916864,1,0.0,-1.0005224314449883,0.0,1.163820376321623,0.470243,-1.4191715978588444,True,False,False,False,False,5
-0.516211516044042,-0.6977214544945627,-0.6334190836450437,0.0,1.0,-0.7850187010698834,-2.1670227344876687,0,0.0,1.4256753079742532,0.0,-0.11124142015095134,0.0,0.5211595181256249,False,False,False,True,False,5
-0.5208177357787299,-0.860452562617264,-0.6334190836450437,0.0,1.0,-0.7850187010698834,-2.1670227344876687,0,0.0,1.285295344959014,0.0,-0.2370294488504314,0.0,0.5211595181256249,False,False,False,True,False,5
0.3768812787755348,1.08480594521128,-0.031164641549334408,1.0,1.0,0.8487782934699925,0.4707513078937355,1,0.0,0.16954992901367552,0.0,-0.19589660236332654,0.153559,0.5211595181256249,True,False,False,False,False,5
-0.4068275100853223,-0.05870705238085192,-0.4272247854239088,1.0,1.0,-0.5805189269353745,0.719311981549791,1,0.0,-0.05913334856511024,0.0,-0.024650657581282584,0.0,0.5211595181256249,False,False,False,True,False,5
-0.5137873557812621,-0.07551616816058832,-0.44047631991010316,1.0,1.0,-0.4498951223964612,1.128895089296216,1,0.0,-0.2513353942701753,0.0,-0.014777551457444436,0.0,0.5211595181256249,False,False,False,True,False,5
-0.7993647832113621,1.6630481041136873,0.07819592950083515,1.0,1.0,-0.6968414977506221,1.470034791998912,1,0.0,-0.5988649823411364,0.0,0.6403164454582833,0.248218,0.5211595181256249,False,False,False,True,False,5
-0.6384580722241179,1.1348366488745658,-0.04849855650640775,1.0,1.0,-0.7850187010698834,0.4041527212394904,1,0.0,-0.06527393165425004,0.0,0.0733360401296577,0.776758,0.5211595181256249,False,False,False,True,False,5
-0.6307324405414018,1.5838694503195994,-0.05185960707715877,1.0,1.0,-0.5103878048919943,0.4041527212394904,1,0.0,0.1502926818611542,0.0,0.1891627679745602,0.833761,0.5211595181256249,False,False,False,True,False,5
-0.4558403108209652,0.11573040423130726,-0.4424698301169366,1.0,1.0,-0.7850187010698834,0.4041527212394904,1,0.0,-1.0531343207293251,0.0,-0.10469266741111648,0.139013,0.5211595181256249,False,False,False,True,False,5
-0.11828655461485832,0.1688913769045947,-0.4282920771815787,1.0,1.0,-0.7850187010698834,0.4041527212394904,1,0.0,-0.013073263985237213,0.0,-1.045063692235937,1.967259,0.5211595181256249,False,False,False,True,False,5
-0.18823855187779934,-0.2584010630600154,-0.4424698301169366,1.0,1.0,-0.7850187010698834,0.4041527212394904,1,0.0,-0.013073263985237213,0.0,-0.7945977125145502,1.905826,0.5211595181256249,False,False,False,True,False,5
-0.5221243865315548,-0.9805498356277146,-0.6767642586771183,0.0,1.0,-0.9532914306997737,0.32461983645521,0,0.0,1.5259024175503815,0.0,-0.015399618291592882,0.207922,0.5211595181256249,False,False,False,True,False,5
-0.5221243865315548,-0.9553897624548557,-0.6539095425223391,0.0,1.0,-0.7850187010698834,-1.8332481638779032,0,0.0,1.6187585428550124,0.0,-0.01210936687014236,0.0,0.5211595181256249,False,False,False,True,False,5
-0.3616336286609219,-0.7963034881109238,-0.6334190836450437,0.0,1.0,-0.7850187010698834,-2.1670227344876687,0,0.0,1.5798834137206568,0.0,-0.2706763265923774,0.0,0.5211595181256249,False,False,False,True,False,5
-0.5221243865315548,-0.8755893428985058,-0.6334190836450437,0.0,1.0,-0.7850187010698834,-2.1670227344876687,0,0.0,1.6187585428550124,0.0,-0.01210936687014236,0.0,0.5211595181256249,False,False,False,True,False,5
-0.5221243865315548,-0.8755893428985058,-0.6334190836450437,0.0,1.0,-0.7850187010698834,-2.1670227344876687,0,0.0,1.6187585428550124,0.0,-0.01210936687014236,0.0,0.5211595181256249,False,False,False,True,False,5
-0.5221243865315548,-0.8755893428985058,-0.6334190836450437,0.0,1.0,-0.7850187010698834,-2.1670227344876687,0,0.0,1.6187585428550124,0.0,-0.01210936687014236,0.0,0.5211595181256249,False,False,False,True,False,5
-0.6842089746087698,1.296013342591615,-0.0573494744957935,1.0,1.0,1.0800970958974019,0.527135900050104,1,0.0,0.9140633998936981,0.0,2.015546289315419,0.330457,0.5211595181256249,False,False,False,True,False,5
-0.7385334919150043,1.2192145508530756,-0.049032412429421864,1.0,1.0,1.0642653266809097,1.0256688226874098,1,0.0,0.5731557852948954,0.0,1.2348641717565536,0.598999,0.5211595181256249,False,False,False,True,False,5
-0.3756365429590803,-0.038896308783307236,-0.4424698301169366,1.0,1.0,-0.7850187010698834,0.4041527212394904,1,0.0,1.2329494442591928,0.0,0.5790434502595332,0.127879,0.5211595181256249,False,False,False,True,False,5
-0.23393066285945943,0.09366843977040458,-0.4370141044248328,1.0,1.0,0.6874576044935631,0.4041527212394904,1,0.0,0.8455852099514545,0.0,-0.10016533789982815,2.0,0.5211595181256249,False,False,False,True,False,5
-0.23610231956300848,0.15663830334831888,-0.4161786766261134,1.0,1.0,-0.7850187010698834,0.4041527212394904,1,0.0,-0.013073263985237213,0.0,-1.0794490538566075,1.466496,0.5211595181256249,False,False,False,True,False,5
-0.7464644994639364,1.4261767888910788,0.10857912549476531,1.0,1.0,-0.14372432957570555,1.1868828093492305,1,0.0,1.4210882287652256,0.0,1.163820376321623,0.208323,0.5211595181256249,False,False,False,True,False,5
-0.8813286679558523,0.7927368384390137,-0.24718629586269614,1.0,1.0,-1.3703145818032767,0.09098997867056174,1,0.0,0.11605521872183831,0.0,2.2592306822078188,0.68173,-1.4191715978588444,False,False,False,True,False,5
-0.5221243865315548,0.13481218107310092,-0.4424698301169366,1.0,1.0,-0.7850187010698834,0.4041527212394904,1,0.0,-1.511752490882743,0.0,-0.01210936687014236,0.0,0.5211595181256249,False,False,False,True,False,5
-0.5221243865315548,-0.08628986800665807,-0.4424698301169366,1.0,1.0,-0.7850187010698834,0.4041527212394904,1,0.0,-0.28549942497818254,0.0,-0.01210936687014236,0.0,0.5211595181256249,False,False,False,True,False,5
-0.004372143036301606,0.8004660300698742,-0.16257461937245388,1.0,1.0,-0.8039302748765913,0.4747302019114728,1,0.0,0.119052893751004,0.0,0.11435364550192961,0.939726,-1.4191715978588444,False,False,False,True,False,5
0.31142375029628555,0.7089056615273195,-0.14861080598074927,1.0,1.0,-0.8835480942708551,0.5558687857678549,1,0.0,0.20911532300232455,0.0,-0.26615370080006184,0.88868,-1.4191715978588444,False,False,False,True,False,5
-0.13512185902499066,0.00899037501011228,-0.4424698301169366,1.0,1.0,-0.48056203306667483,0.4041527212394904,1,0.0,0.23605197063783628,0.0,0.07970017189981152,1.502839,0.5211595181256249,False,False,False,True,False,5
-0.7369253184975043,1.206060988951457,-0.0490750704926598,1.0,1.0,0.9458089983058963,0.8359507849233978,1,0.0,0.594692701481573,0.0,0.34729356833078656,0.311436,0.5211595181256249,False,False,False,True,False,5
-0.20688898174867157,-0.0010007575834547202,-0.4388964439762622,1.0,1.0,1.088341755265735,0.6677097757410749,1,0.0,1.0369582850986443,0.0,-0.014415365096541403,1.898139,0.5211595181256249,False,False,False,True,False,5
-0.22664509980181963,0.12505689066521863,-0.41084408914044807,1.0,1.0,0.16635054643605343,1.2374629729142956,1,0.0,-1.1883903318710862,0.0,-1.0320767241521271,1.82753,0.5211595181256249,False,False,False,True,False,5
-0.24373574488982594,1.8479698178894846,0.1209947605287149,1.0,1.0,-0.7850187010698834,0.2370327445558643,1,0.0,-1.399624431939329,0.0,-0.6968250340168708,1.0,0.5211595181256249,True,False,False,False,False,5
-0.7019704406381544,-0.8755893428985058,-0.6496377403919604,0.0,1.0,-0.4366898045397508,-2.1670227344876687,0,0.0,1.3144708658335111,0.0,-0.01210936687014236,1.110222,0.5211595181256249,False,False,False,True,False,5
-0.808999322887741,-0.687590960609454,-0.6334190836450437,1.0,1.0,-0.7850187010698834,-2.12792029815697,1,0.0,0.18065128079560994,0.0,-0.5656677101099772,0.0,-1.4191715978588444,False,False,False,True,False,5
0.7630757003219377,0.7716182427208498,0.01849060432497914,0.0,1.0,-1.5423321589853822,1.1995741313987,1,0.0,-1.1971483731783976,0.0,0.580562751487737,0.370067,-1.4191715978588444,True,False,False,False,False,5
-0.9927183591775031,0.5290545547437507,-0.2515205765888294,1.0,1.0,-0.7850187010698834,0.1540236305554407,1,0.0,0.18745275576652,0.0,-1.1343567413554605,0.017225,2.461490634110094,False,False,False,True,False,5
-0.7293916651763007,1.4642438616805182,0.11116480752664015,1.0,1.0,-0.4971974739189351,1.3235382136456737,1,0.0,1.1346544235423632,0.0,1.163820376321623,0.226097,0.5211595181256249,False,False,False,True,False,5
-0.7575439206181385,1.3161242489709422,0.040862027919078815,1.0,1.0,0.7016070960202663,1.417969774608165,1,0.0,0.6870788592258336,0.0,1.2749951261024592,0.393358,0.5211595181256249,False,False,False,True,False,5
-0.49369866437606785,0.7727974536492758,0.1029889333383273,1.0,1.0,-0.7650037179543937,-1.7529516399832719,1,0.0,-0.013073263985237213,0.0,-0.5525702046303074,0.973834,0.5211595181256249,False,False,False,True,False,6
-0.39701943331861006,0.5676576325006574,0.09479365870585559,1.0,1.0,-0.7850187010698834,-0.8280085518295341,1,0.0,0.6188536032136492,0.0,-0.23092990127249566,0.0,0.5211595181256249,False,False,False,True,False,6
-0.5410131343684426,-0.29319850554791416,-0.2515205765888294,1.0,1.0,-0.7850187010698834,0.4041527212394904,1,0.0,-0.013073263985237213,0.0,0.7715184546954182,1.443212,-1.4191715978588444,False,False,False,True,False,6
-0.4931952334346295,0.1964205920336515,-0.2302917933278421,1.0,1.0,-0.7850187010698834,-0.27923871755050306,1,0.0,-0.013073263985237213,0.0,1.163820376321623,1.0,-1.4191715978588444,False,False,False,True,False,6
1.3337433588640455,2.267983310395904,0.5688758585212684,1.0,1.0,-0.7850187010698834,-0.7388157608580874,1,0.0,0.2735286199137292,0.0,-0.01210936687014236,0.0,0.5211595181256249,False,False,False,False,True,6
1.105689615245619,0.3892108587318509,-0.15516326780541703,1.0,1.0,-0.22224623310301286,0.4954654463741848,1,0.0,-0.43904827067462293,0.0,-1.0820325715023997,0.0,0.5211595181256249,True,False,False,False,False,6
0.8895309643912699,0.021554331447519032,-0.16719822640753296,1.0,1.0,-0.560884235992521,0.7807733596434935,1,0.0,-0.46448363304784196,0.0,-1.1880391100619079,0.987102,0.5211595181256249,True,False,False,False,False,6
-0.45853809541509677,0.15684198523595588,-0.2515205765888294,1.0,1.0,-0.7850187010698834,0.4041527212394904,1,0.0,-0.013073263985237213,0.0,2.2651385532376143,1.40913,-1.4191715978588444,False,False,False,True,False,6
-0.27128542785542115,-0.5539863624188602,-0.2515205765888294,1.0,1.0,-0.7850187010698834,0.4041527212394904,1,0.0,-0.013073263985237213,0.0,-0.6576030733624527,2.0,-1.4191715978588444,False,False,False,True,False,6
2.287440948341644,0.8486957570424724,-0.03430621504808024,1.0,1.0,0.9046100551501634,-2.0063538370224623,1,0.0,1.2333525067154822,0.0,-0.1821488077356716,0.999183,0.5211595181256249,True,False,False,False,False,6
1.7187537562300848,1.3023918017044602,0.19263720190917913,1.0,1.0,-0.7850187010698834,0.39746766505459996,1,0.0,-1.1700762835029177,0.0,-0.15793641432335315,0.85405,0.5211595181256249,True,False,False,False,False,6
-0.8202116157650585,0.7171815782249956,0.04648670551070377,1.0,1.0,0.6287052738619661,0.4041527212394904,1,0.0,1.5499295090742975,0.0,1.449282025200397,0.786609,0.5211595181256249,False,False,False,True,False,6
-0.3562866057249948,0.9739172375418983,0.13016464015119408,1.0,1.0,-1.2127200067744994,-1.022575826503048,1,0.0,-0.013073263985237213,0.0,-1.1880391100619079,1.36595,0.5211595181256249,False,False,False,True,False,6
-0.22741427418948987,1.003761994130411,0.1253668110171962,1.0,1.0,-1.5863861034765707,-1.0253346977670432,1,0.0,-0.013073263985237213,0.0,-1.1880391100619079,0.552498,0.5211595181256249,False,False,False,True,False,6
0.05787833805238884,-0.017981394952780436,-0.07250358915429067,1.0,1.0,-0.7850187010698834,0.4041527212394904,1,0.0,0.020255268837668403,0.0,-1.1880391100619079,1.0,0.5211595181256249,False,False,False,True,False,6
-0.06752151788172996,0.13022397855159026,-0.10055731882473058,1.0,1.0,-0.7850187010698834,-0.02677628514038137,1,0.0,-0.3219170154114366,0.0,-0.2356653703483289,1.0,0.5211595181256249,False,False,False,True,False,6
1.10666511120572,1.4333163750577251,0.17084370532580784,1.0,1.0,-0.7850187010698834,0.4041527212394904,1,0.0,-1.3442726970513077,0.0,-1.005089136545876,0.453404,0.5211595181256249,False,False,False,True,False,6
-0.032136501312554015,-0.017981394952780436,-0.22244248055291294,1.0,1.0,-0.7850187010698834,0.4041527212394904,1,0.0,1.4219628906136916,0.0,-1.1880391100619079,0.322405,0.5211595181256249,False,False,False,True,False,6
-1.0627390777586867,-0.017981394952780436,-0.1293499457266226,1.0,0.0,-0.6026039733551148,-0.1781079589381146,1,0.0,-0.7659580320343504,0.0,-0.01210936687014236,0.761898,-1.4191715978588444,False,False,False,True,False,6
0.20803126605857158,1.4500611702413662,0.3668747677177598,1.0,1.0,-2.063158212974442,-0.5232034150794468,1,0.0,-0.013073263985237213,0.0,0.9365601941523826,1.93977,0.5211595181256249,False,False,False,True,False,6
-0.21585270048367286,1.264292568616973,0.24824781129237847,1.0,1.0,-1.0056349952102472,-1.8584225427649277,1,0.0,-0.013073263985237213,0.0,-1.1880391100619079,1.541493,0.5211595181256249,False,False,False,True,False,6
-0.1618807739776882,0.1725683709814118,-0.04863168632596736,1.0,1.0,0.9976542489349843,0.4041527212394904,1,0.0,1.5723443507730548,0.0,-1.1880391100619079,0.947192,0.5211595181256249,False,False,False,True,False,6
-0.20688898174867157,0.9668419719713474,0.13037793046738483,1.0,1.0,-0.6579730150025711,0.4041527212394904,1,0.0,-1.5109577887928116,0.0,-1.1880391100619079,1.922364,0.5211595181256249,False,False,False,True,False,6
1.5883618324258242,-0.22080567464194537,-0.11525785262639769,1.0,1.0,-0.7850187010698834,-1.3175475027227068,1,0.0,0.7739494254629741,0.0,-0.14004464328069047,0.0,-1.4191715978588444,True,False,False,False,False,6
4.875690853991353,0.7245891668753769,-0.23275641353298027,0.0,1.0,-0.7850187010698834,0.4041527212394904,1,0.0,-0.013073263985237213,0.0,-0.01210936687014236,0.0,-1.4191715978588444,True,False,False,False,False,6
1.6125808957221852,0.6808404414307955,-0.060571323060722305,1.0,1.0,0.5156198699152664,0.4041527212394904,1,0.0,1.0538689581129297,0.0,1.1236270976993286,0.891189,-1.4191715978588444,True,False,False,False,False,6
-0.39474422178458973,-0.5539863624188602,-0.2515205765888294,1.0,1.0,-0.7850187010698834,0.4041527212394904,1,0.0,-0.013073263985237213,0.0,-0.21600500097190573,2.0,-1.4191715978588444,False,False,False,True,False,6
-0.9763349447201273,-0.5029908498141362,-0.2515205765888294,1.0,1.0,0.7548405067474993,-0.8248241510276163,1,0.0,-0.08655791391086727,0.0,-0.01210936687014236,0.854536,-1.4191715978588444,False,False,False,True,False,6
-0.36450668414011317,-0.1112140989938298,-0.23093624705849944,1.0,1.0,-0.7850187010698834,-0.8321031487427799,1,0.0,-0.013073263985237213,0.0,1.9966726169371911,1.506576,0.5211595181256249,False,False,False,True,False,6
-0.20688898174867157,-0.010048521434282857,-0.20099654980081355,1.0,1.0,-0.7850187010698834,0.04501350475897628,1,0.0,-0.796842080810609,0.0,-0.8595137380577085,1.043435,0.5211595181256249,False,False,False,True,False,6
-0.20688898174867157,0.14408506701026294,-0.18847761122070503,1.0,1.0,-0.7850187010698834,-0.9113326348232844,1,0.0,-0.6184877598183903,0.0,-0.15253419308313018,1.127675,0.5211595181256249,False,False,False,True,False,6
1.121288093545086,1.5759151366024025,0.4740865868179777,1.0,1.0,0.6373976663793629,-0.11963428672396802,1,0.0,0.8838092381948803,0.0,0.49028662510290516,0.519395,0.5211595181256249,True,False,False,False,False,6
1.5723388896538169,1.4365002445644734,0.3602239288376747,1.0,1.0,-0.7850187010698834,-1.464236919235125,1,0.0,1.6187585428550124,0.0,-0.01210936687014236,0.0,0.5211595181256249,True,False,False,False,False,6
-0.7314602399024857,-0.023620167210523874,-0.3279002780000723,1.0,0.0,-0.925400840225849,-0.42081149490602426,1,0.0,1.2500347232768099,0.0,-1.1880391100619079,0.133566,-1.4191715978588444,False,False,False,True,False,6
4.180015019505569,0.47008328822313294,-0.17014839237454193,1.0,1.0,-0.7850187010698834,0.4041527212394904,1,0.0,-0.380597687185412,0.0,-0.07882456492038392,0.0,-1.4191715978588444,True,False,False,False,False,6
-0.9994579345140587,0.20048350968704576,-0.060571323060722305,1.0,1.0,-0.7850187010698834,0.4041527212394904,1,0.0,1.2964684973404492,0.0,-0.01210936687014236,0.41758,0.5211595181256249,False,False,False,True,False,6
-0.9949774937058796,0.6122210854957892,-0.05864052058874768,1.0,1.0,0.8016820115977151,0.4041527212394904,1,0.0,1.4193650143772025,0.0,-0.01210936687014236,0.429081,0.5211595181256249,False,False,False,True,False,6
-0.8843667491694474,0.03463285265369136,-0.1986572686856912,1.0,1.0,0.43384393927530357,-2.1670227344876687,1,0.0,-0.4894327095426223,0.0,1.0180650605827468,0.938791,0.5211595181256249,False,False,False,True,False,6
-1.1244631157213896,0.9070559779001791,0.33192074306242597,1.0,1.0,-0.7850187010698834,0.4041527212394904,1,0.0,1.6187585428550124,0.0,0.07293152029799986,0.651904,0.5211595181256249,False,False,False,True,False,6
1.3821496466808865,0.04223340309235874,-0.13630301908519196,1.0,1.0,-0.7850187010698834,0.143949765119902,1,0.0,1.6051670157358402,0.0,1.3387258144644798,0.0,-1.4191715978588444,True,False,False,False,False,6
1.4119154345421054,0.3404880071891841,-0.06997251860892538,1.0,1.0,0.3981301955357218,-0.07514909457670438,1,0.0,0.4004688161678326,0.0,1.9761009020097942,0.845774,-1.4191715978588444,True,False,False,False,False,6
1.5652298584228561,1.5168366690882906,0.2333190549428944,1.0,1.0,-0.7850187010698834,-0.5320971109808073,1,0.0,1.0134191112849735,0.0,-0.01210936687014236,0.075823,0.5211595181256249,True,False,False,False,False,6
-0.15643240285912338,0.04433454256482668,-0.17468404818344607,1.0,1.0,0.6845782494721755,-0.7238926585130465,1,0.0,1.592898904212015,0.0,1.357227893043859,0.203978,0.5211595181256249,False,False,False,True,False,6
-0.7265395728515273,0.026410536452759724,-0.29769455024237085,1.0,0.0,-1.4397488137569001,0.4041527212394904,1,0.0,-0.013073263985237213,0.0,0.8490710212589152,1.0,0.5211595181256249,False,False,False,True,False,6
-0.8021702206962273,0.04721824928979499,-0.3250922546573895,1.0,0.0,-0.8574297027886241,0.4041527212394904,1,0.0,-0.013073263985237213,0.0,0.7586984686351417,1.0,0.5211595181256249,False,False,False,True,False,6
0.8484565792365718,1.5143817663372956,0.275425083889124,1.0,1.0,-0.5340727011414459,0.27914988410840336,1,0.0,-0.41537855031640514,0.0,0.8463040585731849,1.0,0.5211595181256249,False,False,False,True,False,6
0.4235818278170949,1.9222708264796327,0.49790857551142886,1.0,1.0,0.4973489853846245,-2.1670227344876687,1,0.0,-1.5524128440137814,0.0,0.5948432422890577,0.084006,0.5211595181256249,False,False,False,True,False,6
-0.5177643656480029,0.26903854502595653,-0.14253632832751326,1.0,1.0,-0.28675540041693026,0.002409127457577327,1,0.0,-0.013073263985237213,0.0,1.4192558351377387,0.648522,0.5211595181256249,False,False,False,True,False,6
1.3716929730688336,0.32463298025153736,-0.08670815136484407,1.0,1.0,-0.7850187010698834,0.4041527212394904,1,0.0,0.3229388551930453,0.0,0.33290371606334884,0.0,-1.4191715978588444,True,False,False,False,False,6
-0.9949774937058796,0.5317238594817312,0.014419337100655688,1.0,0.0,1.088341755265735,0.4041527212394904,1,0.0,-0.013073263985237213,0.0,0.3073519386735351,0.155278,0.5211595181256249,False,False,False,True,False,6
0.9836128133310191,0.8444291575014434,0.07049448782783815,1.0,1.0,-0.7850187010698834,-1.937277922816624,1,0.0,-0.3536594077180932,0.0,-0.13750816282462586,0.276364,0.5211595181256249,False,False,False,True,False,6
1.3692880421657445,1.590033507445459,0.4328549145036535,1.0,1.0,-0.7850187010698834,0.4041527212394904,1,0.0,-1.4532235794668038,0.0,-0.01210936687014236,0.663649,0.5211595181256249,False,False,False,True,False,6
0.09447511951755044,0.8958105936827423,0.055429584660588754,1.0,1.0,-2.0835497415416553,-0.5220540996507371,1,0.0,-0.013073263985237213,0.0,-1.1880391100619079,0.739609,0.5211595181256249,False,False,False,True,False,6
0.02084432508079301,0.1840388772851849,-0.010165035582431972,1.0,1.0,-0.7850187010698834,-0.010201202565036182,1,0.0,1.1193821096621455,0.0,-1.1880391100619079,0.688013,0.5211595181256249,False,False,False,True,False,6
-0.14630483500966343,0.2563137870983113,-0.15680157421083715,1.0,1.0,0.5502133441019593,0.21604038254758012,1,0.0,-0.7860507770719745,0.0,-0.01210936687014236,0.173665,0.5211595181256249,False,False,False,True,False,6
-0.3507326307458272,0.906498532734015,0.122835129434219,1.0,1.0,-1.3130141055253393,-1.355580330063823,1,0.0,-0.013073263985237213,0.0,-1.1880391100619079,0.306124,0.5211595181256249,False,False,False,True,False,6
-0.4625387479371964,0.1807049263875464,-0.2515205765888294,1.0,1.0,-0.7850187010698834,0.4041527212394904,1,0.0,-0.013073263985237213,0.0,2.0124253717769878,1.269982,-1.4191715978588444,False,False,False,True,False,6
1.1168287735090272,2.3355413764953292,0.5712640608351442,1.0,1.0,-0.7850187010698834,-2.1600921310467562,1,0.0,-0.00991403760719423,0.0,-0.01210936687014236,0.0,0.5211595181256249,False,False,False,True,False,6
1.1304174684853008,0.06363072139360579,-0.15272751912741217,1.0,1.0,0.7044639707161782,0.7261500226742975,1,0.0,-1.044593313052323,0.0,-1.1610421150177113,0.0,-1.4191715978588444,True,False,False,False,False,6
-0.4103483743213425,-0.46401256858000317,-0.2515205765888294,1.0,1.0,-0.7850187010698834,0.4041527212394904,1,0.0,-0.013073263985237213,0.0,2.2688803616804503,1.692287,-1.4191715978588444,False,False,False,True,False,6
1.6563795452450163,1.1125495623273245,0.13567409896324018,1.0,1.0,-0.7850187010698834,-1.1257866660591196,1,0.0,0.2722280499636776,0.0,-0.787147021661687,0.020153,0.5211595181256249,True,False,False,False,False,6
-0.7674344314432011,0.4615608092404236,0.02649733566451673,1.0,1.0,0.04401074183505598,0.4041527212394904,1,0.0,1.3342143988644715,0.0,2.3397501195133885,0.0,0.5211595181256249,False,False,False,True,False,6
-0.21566056450445784,1.0512627543472532,0.12967829240245776,1.0,1.0,-2.018851364821648,-0.9499439766419393,1,0.0,-0.013073263985237213,0.0,-1.1880391100619079,0.975504,0.5211595181256249,False,False,False,True,False,6
-0.03840511495436376,0.05611593174973069,-0.03216849996498233,1.0,1.0,-0.7850187010698834,0.3966937412424258,1,0.0,1.206397908930095,0.0,-1.1880391100619079,0.799756,0.5211595181256249,False,False,False,True,False,6
0.7728656510528749,0.5423045975395124,0.05766682249462552,1.0,1.0,-0.7850187010698834,-1.0172136400901288,1,0.0,-0.013073263985237213,0.0,-1.1880391100619079,0.0,0.5211595181256249,False,False,False,True,False,6
0.06918015778466484,0.3608990763502938,-0.12405350990181191,1.0,1.0,0.3527386716787094,0.4041527212394904,1,0.0,-0.013073263985237213,0.0,-0.6576842125147329,0.630866,0.5211595181256249,False,False,False,True,False,6
-1.0829923220451771,-0.017981394952780436,-0.12113767661058691,1.0,0.0,-0.6700243428181779,-0.13670560616226826,1,0.0,-0.1611571049605692,0.0,-0.01210936687014236,0.962468,0.5211595181256249,False,False,False,True,False,6
-0.0299490828387653,1.6624906589475232,0.35520372020301777,1.0,1.0,-2.440941955959539,-0.3041199824355752,1,0.0,-0.013073263985237213,0.0,-0.09871659245621588,1.97117,0.5211595181256249,False,False,False,True,False,6
-0.20688898174867157,0.7788435896822932,0.13037793046738483,1.0,1.0,-0.5668995964178144,0.4041527212394904,1,0.0,-1.641164912324209,0.0,-1.1880391100619079,1.066708,0.5211595181256249,False,False,False,True,False,6
1.5591560602612013,0.19115702325313438,-0.08285452809969167,1.0,1.0,-0.7264836802512208,0.4041527212394904,1,0.0,1.2972909405710973,0.0,1.145569946707287,0.418623,-1.4191715978588444,True,False,False,False,False,6
4.858609981200894,-0.47657652501740755,-0.21358992039994718,1.0,1.0,-0.7850187010698834,0.4041527212394904,1,0.0,-0.013073263985237213,0.0,-0.01210936687014236,0.0,-1.4191715978588444,True,False,False,False,False,6
1.6798527615736627,0.1251104911619656,-0.07117962341002833,1.0,1.0,0.8714290947475469,0.4041527212394904,1,0.0,1.6187585428550124,0.0,1.163820376321623,0.8324,-1.4191715978588444,True,False,False,False,False,6
-0.5241995812012402,-0.2626355023029966,-0.2370246640072431,1.0,1.0,-0.7850187010698834,0.3549224247886824,1,0.0,-0.013073263985237213,0.0,0.7658340103168293,1.114716,-1.4191715978588444,False,False,False,True,False,6
-0.33474688575158507,0.17200020571589691,-0.17781760181354334,1.0,1.0,-0.7850187010698834,-1.9709436086461878,1,0.0,-0.4648312132226986,0.0,0.44669138173355694,1.094941,0.5211595181256249,False,False,False,True,False,6
-0.20688898174867157,0.18549681079669408,-0.18774543540297695,1.0,1.0,-0.7850187010698834,-1.2291183508616106,1,0.0,-0.9917692856330974,0.0,-0.14390404469784585,1.011983,0.5211595181256249,False,False,False,True,False,6
1.397994481449191,1.4661198790666499,0.3988239003500233,1.0,1.0,-0.7850187010698834,-0.9107194094770937,1,0.0,1.6187585428550124,0.0,-0.01210936687014236,0.0,0.5211595181256249,True,False,False,False,False,6
-0.8137634755602251,-0.019932453034355938,-0.3279002780000723,1.0,0.0,-2.47768417458965,-0.2498064721087943,1,0.0,0.7213636454875472,0.0,-1.1880391100619079,0.726118,0.5211595181256249,False,False,False,True,False,6
3.4958438587350376,0.17602024297189264,0.07694567016843416,1.0,1.0,-0.5415399159203993,0.4041527212394904,1,0.0,-0.7179674904269855,0.0,-0.16483089040768653,0.0,-1.4191715978588444,True,False,False,False,False,6
-1.0115613978806974,0.31851180352307606,-0.09628360720181652,1.0,0.0,-0.7481622074519361,0.2027255504500971,1,0.0,1.3446173266330776,0.0,-0.01210936687014236,0.608607,0.5211595181256249,False,False,False,True,False,6
-0.8555094697448125,-0.02155118803610363,-0.2638203818055888,1.0,0.0,0.592457622392328,-0.6793868969621376,1,0.0,-1.5026648195504495,0.0,-1.0584822265354983,0.003695,-1.4191715978588444,False,False,False,True,False,6
-0.2580077126059665,1.308791701016007,0.3956164493588105,1.0,1.0,-1.555378241203304,-0.10792901046176967,1,0.0,0.7530211825402482,0.0,0.8540075743208341,1.886855,0.5211595181256249,False,False,False,True,False,6
1.3770303813249145,0.07573371355898918,-0.13688831673710639,1.0,1.0,-0.7850187010698834,-1.9471525221543442,1,0.0,0.6480992928558402,0.0,1.516930911466733,0.0,-1.4191715978588444,True,False,False,False,False,6
2.077376743567962,1.429489299590018,0.22082520709469963,1.0,1.0,-0.7850187010698834,-1.3022001564274714,1,0.0,1.2380097546922044,0.0,-0.01210936687014236,0.027093,0.5211595181256249,True,False,False,False,False,6
0.05437780649997729,0.07635547932125104,-0.11708798665191247,1.0,1.0,0.5068075823286632,0.03662247365921105,1,0.0,0.44255702212985637,0.0,-0.046609969605645576,0.828549,0.5211595181256249,False,False,False,True,False,6
-0.993130529469257,-0.22175976348403506,-0.26095667766057723,1.0,1.0,-0.01102858837208483,-0.21094186950775085,1,0.0,-0.037041609564106855,0.0,-1.179748805372406,0.965464,0.5211595181256249,False,False,False,True,False,6
0.47870783113998944,1.4321371641293015,0.4201724469828239,1.0,1.0,0.9449041652054861,-1.732451658074759,1,0.0,-0.10430082114664152,0.0,1.0836560697984974,1.0,0.5211595181256249,False,False,False,True,False,6
-0.9949774937058796,0.44104253908582,-0.0007985546085205823,1.0,1.0,1.088341755265735,0.4041527212394904,1,0.0,-0.013073263985237213,0.0,1.2118171247197382,0.860321,0.5211595181256249,False,False,False,True,False,6
1.370751522532449,0.42360093744447563,-0.06922709091300226,1.0,1.0,-0.7850187010698834,0.4041527212394904,1,0.0,0.045597616797896826,0.0,0.23570136349111756,0.0,-1.4191715978588444,True,False,False,False,False,6
-0.9949774937058796,0.6222336582880555,-0.019307189373298325,1.0,1.0,0.868263115576339,0.4041527212394904,1,0.0,0.7261236988681002,0.0,-0.01210936687014236,0.746651,0.5211595181256249,False,False,False,True,False,6
0.9089452096479306,1.1678331146717769,0.23961060370754125,1.0,1.0,-0.7850187010698834,0.4041527212394904,1,0.0,-0.6288645782780874,0.0,-1.1483573608779016,0.105895,0.5211595181256249,False,False,False,True,False,6
0.11400726281560017,0.6584675940887619,0.0743164517067552,1.0,1.0,-0.8346646265232338,-2.0618552304097886,1,0.0,-0.013073263985237213,0.0,-1.1880391100619079,0.464022,0.5211595181256249,False,False,False,True,False,6
-0.07972475325398302,0.3303360731053762,-0.07745898961230045,1.0,1.0,1.0737389105085986,0.4041527212394904,1,0.0,0.6621999514987473,0.0,-0.6491845923309428,0.688293,0.5211595181256249,False,False,False,True,False,6
-0.4615583658283218,0.8469055004511353,0.11767621526179937,1.0,1.0,-1.195760474563293,-1.5614427785143459,1,0.0,-0.013073263985237213,0.0,-0.6382190474756796,0.568668,0.5211595181256249,False,False,False,True,False,6
-0.2493805076655708,0.6111490755608548,0.11791459630990388,1.0,1.0,-0.47767143788254923,0.3825561329991104,1,0.0,0.2625496555173082,0.0,-0.3026510322395046,0.0,0.5211595181256249,False,False,False,True,False,6
-0.48971345838880276,0.031041619371666523,-0.2515205765888294,1.0,1.0,-0.7850187010698834,0.4041527212394904,1,0.0,-0.013073263985237213,0.0,2.1607277513396177,1.413375,-1.4191715978588444,False,False,False,True,False,6
-0.469570073640879,0.15938264878174557,-0.25129873174608053,1.0,1.0,-0.7850187010698834,0.12561214176965557,1,0.0,-0.013073263985237213,0.0,1.7948419154644721,1.206535,-1.4191715978588444,False,False,False,True,False,6
1.335731390944309,2.1671178956181376,0.5051136636948049,1.0,1.0,-0.7850187010698834,-1.0575450982886652,1,0.0,0.3075343629364732,0.0,-0.01210936687014236,0.0,0.5211595181256249,True,False,False,False,False,6
1.3078199753517248,0.4380301911686609,-0.12201944207352897,1.0,1.0,-0.32097982259372504,0.47305765227752256,1,0.0,-0.14422521813279487,0.0,-0.7082327284555741,0.0,-1.4191715978588444,True,False,False,False,False,6
0.8999967798300613,0.49378542788448254,-0.12495341554383946,1.0,1.0,-0.7631828115908356,0.6173507332652025,1,0.0,-0.26658649433690407,0.0,-0.14150514802173472,0.395979,-1.4191715978588444,True,False,False,False,False,6
-0.5027298434876926,0.1646569376616111,-0.2515205765888294,1.0,1.0,-0.7850187010698834,0.4041527212394904,1,0.0,-0.013073263985237213,0.0,1.4819740479908712,1.343044,-1.4191715978588444,False,False,False,True,False,6
2.0431506899644702,0.4757327805802248,-0.12617262652761646,1.0,1.0,0.6132725304226733,-2.092300518981054,1,0.0,0.42054850655100184,0.0,-0.146596923809755,0.673408,-1.4191715978588444,True,False,False,False,False,6
1.5423797048717636,1.495171348303311,0.19904721559071475,1.0,1.0,-0.7850187010698834,0.40082819137523523,1,0.0,-1.2215197812135565,0.0,-0.08828962342333455,0.9976,0.5211595181256249,True,False,False,False,False,6
-0.7120113187512985,0.6142043038754125,0.048706299633714575,1.0,1.0,-0.16292440089268923,0.4041527212394904,1,0.0,1.617934467792558,0.0,1.6412043426569816,0.441502,0.5211595181256249,False,False,False,True,False,6
-0.35078511744072377,0.972930988401761,0.1303293911671379,1.0,1.0,-0.9634900050240649,-0.09926286358824142,1,0.0,-1.3117258116638788,0.0,-1.1880391100619079,1.895312,0.5211595181256249,False,False,False,True,False,6
-0.33522825021468833,0.8884566055291057,0.12414122232835119,1.0,1.0,-0.8225908183821506,-1.3963591727916558,1,0.0,-0.013073263985237213,0.0,-0.9875666074425757,0.819475,0.5211595181256249,False,False,False,True,False,6
-0.20688898174867157,-0.31706144669950226,-0.21563231361568355,1.0,1.0,-0.7850187010698834,-0.3726186677516022,1,0.0,-0.9909158375981199,0.0,-0.2606315347260333,1.544357,-1.4191715978588444,False,False,False,True,False,6
-0.019182690441513533,-0.017981394952780436,-0.06632466225937474,1.0,1.0,-0.7850187010698834,0.4041527212394904,1,0.0,0.07839580428357915,0.0,-1.1880391100619079,1.0,0.5211595181256249,False,False,False,True,False,6
-0.058723612969644685,0.21087128595653837,-0.09926856412281838,1.0,1.0,-0.021030459848460248,0.20377844679921725,1,0.0,-0.03975534585888214,0.0,-0.16648424762661418,0.089354,0.5211595181256249,False,False,False,True,False,6
1.0957626947313035,1.0875717308434059,0.17056186422760045,1.0,1.0,-0.7850187010698834,0.4041527212394904,1,0.0,-1.3193268842201409,0.0,-1.1319025759814192,0.163329,0.5211595181256249,False,False,False,True,False,6
-1.043987614940582,0.12780123609864533,-0.12603816006328172,1.0,1.0,-0.7663750178084309,0.03918207882538725,1,0.0,-0.5668941335815221,0.0,-0.01210936687014236,0.60473,0.5211595181256249,False,False,False,True,False,6
-0.8119880697604879,-0.41754093790069435,-0.348018538592391,1.0,0.0,-0.7688028929598418,-1.6492252797483269,1,0.0,1.6187585428550124,0.0,-1.0558845977327878,0.32803,0.5211595181256249,False,False,False,True,False,6
0.18047701217960735,1.454949535544657,0.3576849529932127,1.0,1.0,-2.4295912649546016,0.2314430091151137,1,0.0,-0.013073263985237213,0.0,0.3262644167332881,1.944177,0.5211595181256249,False,False,False,True,False,6
-0.2087797637065593,1.1426837615982688,0.18244188660540356,1.0,1.0,-0.8525252451139375,-1.091980851167219,1,0.0,-0.24908509820854258,0.0,-1.1880391100619079,1.667745,0.5211595181256249,False,False,False,True,False,6
-0.11181540222547569,0.13754580640717678,-0.05533499806092246,1.0,1.0,-0.1859629877847045,0.2561147232005433,1,0.0,0.2396942192307041,0.0,-0.8052339970417197,0.954216,0.5211595181256249,False,False,False,True,False,6
-0.22539991995292732,0.9838226093406707,0.12691254522450626,1.0,1.0,-0.9740107973468458,-0.3993061833943222,1,0.0,-0.9945548225273739,0.0,-1.1880391100619079,1.365793,0.5211595181256249,False,False,False,True,False,6
1.5951020382331884,-0.07161405199743492,-0.08152139679125978,1.0,1.0,-0.5421037974177562,0.010307778457571637,1,0.0,0.9769427749066737,0.0,0.18876647965110455,0.290898,-1.4191715978588444,True,False,False,False,False,6
4.840422947375053,-0.3032003582408296,-0.23623295021226492,1.0,1.0,-0.7850187010698834,0.4041527212394904,1,0.0,-0.013073263985237213,0.0,-0.01210936687014236,0.0,-1.4191715978588444,True,False,False,False,False,6
1.628890072241735,0.7270547897257204,-0.060571323060722305,1.0,1.0,0.7187202437888924,0.4041527212394904,1,0.0,1.5836170448947076,0.0,1.134017612910171,0.936925,-1.4191715978588444,True,False,False,False,False,6
-0.36492673531698644,-0.5539863624188602,-0.2515205765888294,1.0,1.0,-0.7850187010698834,0.4041527212394904,1,0.0,-0.013073263985237213,0.0,-0.5679231433574191,2.0,-1.4191715978588444,False,False,False,True,False,6
-0.9663192854393654,-0.41817342376230465,-0.25673173447701436,1.0,0.0,0.13809465067314297,-0.5341167693012807,1,0.0,-0.025171665001150877,0.0,0.5199600362426061,0.864583,-1.4191715978588444,False,False,False,True,False,6
-0.4475589191196162,-0.07776738902394631,-0.23963310719013856,1.0,1.0,-0.7850187010698834,-0.05002356802333828,1,0.0,-0.013073263985237213,0.0,1.9017339291206037,1.358812,-1.4191715978588444,False,False,False,True,False,6
-0.26208796206777335,-0.1783004807218853,-0.21248600457545025,1.0,1.0,-0.7850187010698834,0.09126895120750832,1,0.0,-0.6558909766629756,0.0,-0.6788932813629395,1.749586,-1.4191715978588444,False,False,False,True,False,6
-0.18256683647494584,0.22935273723476704,-0.16221498554835906,1.0,1.0,-0.19316418537885854,-0.034903770755934836,1,0.0,-0.7172478526001691,0.0,-0.07093407634356719,0.544899,0.5211595181256249,False,False,False,True,False,6
1.206217082506964,1.490422344291562,0.44580406175196063,1.0,1.0,-0.1602473688005858,-1.1118393247995277,1,0.0,0.8995531514672748,0.0,0.37264661359400103,0.481357,0.5211595181256249,True,False,False,False,False,6
1.3985515024094426,1.4400271572504006,0.41360978846801744,1.0,1.0,-0.7850187010698834,-1.235116903199822,1,0.0,1.6187585428550124,0.0,-0.01210936687014236,0.0,0.5211595181256249,True,False,False,False,False,6
-0.7294088455058612,-0.011259892660754134,-0.3260592598671062,1.0,0.0,-1.4349230372213797,0.08714992812743315,1,0.0,0.3003412483319218,0.0,0.5463831775721251,0.518542,0.5211595181256249,False,False,False,True,False,6
3.687229735304524,0.45300616995966414,-0.07091324920135673,1.0,1.0,0.21781925161341864,0.4041527212394904,1,0.0,-1.4056866871017404,0.0,-0.8190205973509,0.0,-1.4191715978588444,True,False,False,False,False,6
-0.9954489282537327,0.4392737226931822,-0.060571323060722305,1.0,0.0,-0.7850187010698834,0.4041527212394904,1,0.0,1.5799682689746128,0.0,-0.01210936687014236,0.121992,0.5211595181256249,False,False,False,True,False,6
-0.9994245195611515,0.5656315337236357,-0.0604611835312875,1.0,1.0,0.6495426622177871,0.4041527212394904,1,0.0,1.36604327825689,0.0,-0.01210936687014236,0.42683,0.5211595181256249,False,False,False,True,False,6
-0.6115382295972789,0.1893667666617974,-0.22131954618276484,1.0,1.0,-0.3813769637059859,-0.7320561405849807,1,0.0,-0.3231865805571582,0.0,1.0586652108961858,0.971746,-1.4191715978588444,False,False,False,True,False,6
-1.1464389638773163,1.052977970243144,0.3373542422614188,1.0,1.0,-0.7850187010698834,0.4041527212394904,1,0.0,1.6187585428550124,0.0,0.043500350685396295,0.933802,0.5211595181256249,False,False,False,True,False,6
1.3803436630468846,0.0830877017126234,-0.13641510629701326,1.0,1.0,-0.7850187010698834,-2.1096495253685728,1,0.0,0.004077288304653841,0.0,2.111385739315291,0.0,-1.4191715978588444,True,False,False,False,False,6
1.683551733813384,0.5443521365152334,-0.06882964913670883,1.0,1.0,0.39828943117451016,0.3811664126652897,1,0.0,1.257449767007092,0.0,1.9490345271107494,0.905181,-1.4191715978588444,True,False,False,False,False,6
1.7979226062580669,-0.1686309511087953,-0.12450877111207366,1.0,1.0,-0.7850187010698834,-2.1549047845648266,1,0.0,0.2095053308041588,0.0,0.05885681720173748,0.0,-1.4191715978588444,True,False,False,False,False,6
1.1392845675687358,1.3551775709005214,0.18749917758509538,1.0,1.0,-0.7850187010698834,0.017040401388392835,1,0.0,0.04421055976208295,0.0,-0.48431806640571406,0.017016,0.5211595181256249,True,False,False,False,False,6
-0.15402542292590338,0.12545353434114184,-0.17187377163957138,1.0,1.0,0.5580102703212282,-0.11255198393116758,1,0.0,1.4644688455182668,0.0,0.6939553047642325,0.176892,0.5211595181256249,False,False,False,True,False,6
-0.7192053059238488,-0.22419322603633082,-0.265976848105383,1.0,0.0,-1.0895147096426745,0.4041527212394904,1,0.0,-0.013073263985237213,0.0,0.2166313108457768,1.212762,-1.4191715978588444,False,False,False,True,False,6
-0.7482276110828874,0.041879639813831665,-0.32692166307574055,1.0,0.0,-0.904016430616778,0.19510072963613775,1,0.0,0.24799861129571396,0.0,0.5473650789076904,0.646514,0.5211595181256249,False,False,False,True,False,6
0.9528218799334462,1.5026861379471863,0.26840544562077406,1.0,1.0,-0.7006668998024591,0.33481197596171264,1,0.0,-1.143013984818279,0.0,0.508221905546066,0.934493,0.5211595181256249,False,False,False,True,False,6
0.4235818278170949,1.429081935814744,0.47727459917518156,1.0,1.0,0.639872375542182,-2.1670227344876687,1,0.0,-1.0959927513041772,0.0,1.0449209440577605,0.487375,0.5211595181256249,False,False,False,True,False,6
-0.4621767000748035,0.24829515278501907,-0.16458710993508835,1.0,1.0,-0.6080048715507308,-1.0440824236024777,1,0.0,-0.013073263985237213,0.0,1.2575525602216953,0.880414,0.5211595181256249,False,False,False,True,False,6
1.3932309592475165,-0.17742143257523948,-0.09926165175984075,1.0,1.0,-0.7850187010698834,-0.27218084092453204,1,0.0,0.7258022280021528,0.0,-0.09114125305057459,0.0,-1.4191715978588444,True,False,False,False,False,6
-0.9949774937058796,0.5190634221501838,-0.008169463123660242,1.0,1.0,0.9142353811748151,0.4041527212394904,1,0.0,1.1958660664487484,0.0,0.24639174078647386,0.037634,0.5211595181256249,False,False,False,True,False,6
1.2497487276419446,0.6033662834332497,0.050409108696977,1.0,1.0,-0.7850187010698834,-1.144234849953962,1,0.0,-0.24960075705950407,0.0,0.08616543362787984,0.218574,0.5211595181256249,False,False,False,True,False,6
1.1585238571757426,1.57893820461891,0.4707358475069172,1.0,1.0,-0.03655312458965721,-0.08041229073457763,1,0.0,0.8601639953137652,0.0,0.024052824592490682,0.606264,0.5211595181256249,True,False,False,False,False,6
0.005487317101390429,0.9381764263112607,0.10721918491113847,1.0,1.0,-1.681226849939018,-0.6564982930552545,1,0.0,-0.013073263985237213,0.0,-1.1880391100619079,0.632467,0.5211595181256249,False,False,False,True,False,6
0.007805873503568675,0.16079770189585624,-0.05059082566716565,1.0,1.0,-0.7850187010698834,-0.01218743560458558,1,0.0,0.12390106604912647,0.0,-0.4446586598868287,0.993786,0.5211595181256249,False,False,False,True,False,6
-0.07966296711464535,0.2947989437623756,-0.15500565829155452,1.0,1.0,0.6065059524543883,0.3239410461348979,1,0.0,-0.021770927515695836,0.0,-0.01210936687014236,0.023564,0.5211595181256249,False,False,False,True,False,6
2.407328440370027,0.18734066788477566,-0.004629187583547621,1.0,1.0,-0.17500944919650985,-1.764115683812039,1,0.0,-0.10104531669199492,0.0,-0.47747297937059485,0.0,-1.4191715978588444,True,False,False,False,False,6
0.2548908513618452,0.7586790828062191,0.7032256910517063,1.0,1.0,1.088341755265735,0.4041527212394904,1,0.0,0.06047176371724568,0.0,0.8415344875347993,1.619596,0.5211595181256249,False,False,False,True,False,2
0.2727003907904587,1.4519264675281494,0.7304252283314134,1.0,1.0,1.088341755265735,0.4041527212394904,1,0.0,0.8177690049720554,0.0,1.163820376321623,1.564796,0.5211595181256249,False,False,False,True,False,2
0.9834023936983264,0.8865484278449287,0.6219769746247503,1.0,1.0,-0.27676476910329195,0.4041527212394904,1,0.0,-0.38643964505389994,0.0,1.163820376321623,0.413752,0.5211595181256249,True,False,False,False,False,2
2.434716722808373,0.9737028355549129,0.5802581525748254,1.0,1.0,-0.16004691923175732,-0.7354243804319831,1,0.0,0.8095918957879787,0.0,2.3385518471050766,1.0,0.5211595181256249,True,False,False,False,False,2
-0.03673688919225307,0.3404880071891841,0.43253087362041653,1.0,1.0,-0.7850187010698834,0.4041527212394904,1,0.0,1.3636624356507105,0.0,0.3516104064180435,1.338655,-1.4191715978588444,False,False,False,True,False,2
-0.4912073589720685,-0.5539863624188602,0.0720375487455985,1.0,1.0,0.01621756610486103,-2.164923369728067,1,0.0,1.6187585428550124,0.0,0.19090431992422727,1.0,-1.4191715978588444,False,False,False,True,False,2
-0.24556111550122117,0.34904264646994354,0.321327183995492,1.0,1.0,-0.7850187010698834,0.4041527212394904,1,0.0,0.4556671588660107,0.0,1.9507278659409457,1.237867,-1.4191715978588444,False,False,False,True,False,2
-0.16702651910766173,0.7947629372160353,0.4287561123969713,1.0,1.0,-0.7850187010698834,0.4041527212394904,1,0.0,1.6187585428550124,0.0,2.3397501195133885,2.0,-1.4191715978588444,False,False,False,True,False,2
0.26508036296834425,0.5536250224523954,0.8177499881954842,1.0,1.0,1.088341755265735,0.4041527212394904,1,0.0,-0.3769864433968745,0.0,0.878920821860095,0.0,0.5211595181256249,True,False,False,False,False,2
-0.20688898174867157,0.05196725330154414,0.14947495626198448,1.0,1.0,-0.7850187010698834,0.4041527212394904,1,0.0,-0.7792297201193821,0.0,-0.05017774044648937,1.0,-1.4191715978588444,False,False,False,True,False,2
1.1037956809336835,-0.30365060241350217,0.13037793046738483,1.0,1.0,-0.42887414471591934,-0.8430499282455384,1,0.0,0.5564050317976803,0.0,1.1013867384663427,0.0,0.5211595181256249,True,False,False,False,False,2
-0.26023374741684047,-0.44331205673646423,0.29036159277830076,1.0,1.0,-0.7850187010698834,0.4041527212394904,1,0.0,-0.013073263985237213,0.0,-1.1880391100619079,0.105936,-1.4191715978588444,False,False,False,True,False,2
2.522700815695705,0.9073561406819616,0.45297947642133846,1.0,1.0,-0.7850187010698834,0.4041527212394904,1,0.0,1.09704885955373,0.0,0.6342909814541687,0.522259,0.5211595181256249,True,False,False,False,False,2
-0.14925622648694314,0.6004718566089305,0.3351440810315323,1.0,1.0,-0.7850187010698834,0.4041527212394904,1,0.0,1.6187585428550124,0.0,2.3397501195133885,2.0,-1.4191715978588444,False,False,False,True,False,2
-0.40843946632767963,0.11240717343301959,0.462628524100621,1.0,1.0,-0.7850187010698834,0.3752822776348578,1,0.0,0.32304655609229666,0.0,1.985647099665025,2.0,-1.4191715978588444,False,False,False,True,False,2
1.7459141234707727,0.8396265529929473,0.5446473006772048,1.0,1.0,-0.6552566423408841,-1.5548207161281205,1,0.0,1.6187585428550124,0.0,1.2255802064340546,0.092736,2.461490634110094,True,False,False,False,False,2
0.308776403366919,-0.43654767404704176,0.13037793046738483,1.0,1.0,-0.7850187010698834,0.4041527212394904,1,0.0,1.6187585428550124,0.0,-0.4010152033980094,0.505266,0.5211595181256249,True,False,False,False,False,2
-0.587223965208673,0.8605521869228225,0.6234323134554399,1.0,1.0,-0.7850187010698834,0.4041527212394904,1,0.0,-0.5192789132897303,0.0,0.533761923638448,0.0,-1.4191715978588444,False,False,False,True,False,2
-0.416602802369937,0.5180235725132994,0.39542523277632724,1.0,1.0,-0.7850187010698834,0.4041527212394904,1,0.0,1.2458343882060037,0.0,1.5863777943104087,1.206251,-1.4191715978588444,False,False,False,True,False,2
-0.5495558562203564,0.9830400420881703,0.7282414562883641,1.0,1.0,-0.7850187010698834,0.4041527212394904,1,0.0,-1.3913445173514216,0.0,-1.1834082987332186,0.526999,0.5211595181256249,False,False,False,True,False,2
-0.9669179174730481,1.6412755823352163,1.0765253713230427,1.0,1.0,-0.7850187010698834,-1.0684417398700368,1,0.0,0.24829560468455839,0.0,-0.01210936687014236,2.0,0.5211595181256249,False,False,False,True,False,2
-0.20688898174867157,0.9619964870654527,0.7084986783081838,1.0,1.0,-0.29387791687191805,0.4041527212394904,1,0.0,0.042653792218357155,0.0,-0.8148425189733395,0.508663,0.5211595181256249,False,False,False,True,False,2
-0.20688898174867157,0.557859461695379,0.7601824162925772,1.0,1.0,0.6024538737873345,0.4041527212394904,1,0.0,0.11911327152785756,0.0,-0.4234084334976102,0.76906,0.5211595181256249,False,False,False,True,False,2
-0.524346796135274,0.8450187629656553,0.6340841884244013,1.0,1.0,-0.7850187010698834,0.4041527212394904,1,0.0,-0.6525424577953395,0.0,-0.6257871182306561,0.0,-1.4191715978588444,False,False,False,True,False,2
-0.44253643103291296,1.2670047537523497,0.7428846289342713,1.0,1.0,-0.7850187010698834,0.4041527212394904,1,0.0,1.154097699520865,0.0,-1.1880391100619079,0.621605,-1.4191715978588444,False,False,False,True,False,2
-0.9949774937058796,0.9594129431222669,0.8544804137563905,1.0,1.0,-0.7850187010698834,-2.0553437285681593,1,0.0,0.4424101572672405,0.0,-0.01210936687014236,1.609773,-1.4191715978588444,False,False,False,True,False,2
-0.9949774937058796,1.278400219360679,0.8461323033413954,1.0,1.0,-0.7850187010698834,-1.8387479081777036,1,0.0,0.7980532130818117,0.0,-0.01210936687014236,1.441605,-1.4191715978588444,False,False,False,True,False,2
-0.37261185925018825,0.7709535965611918,0.7032558228439129,1.0,1.0,-0.3117085616953203,0.4041527212394904,1,0.0,1.5573543437954207,0.0,-0.01210936687014236,0.0,0.5211595181256249,False,False,False,True,False,2
-0.4882969480974107,2.4521010167205017,1.221099505253942,1.0,1.0,-0.7850187010698834,0.4041527212394904,1,0.0,1.6187585428550124,0.0,-0.3270398151133018,1.0,0.5211595181256249,False,False,False,True,False,2
-0.3207111869713297,2.6342355046654764,1.1574215954279863,1.0,1.0,-0.7850187010698834,0.4041527212394904,1,0.0,1.6187585428550124,0.0,-0.04128771158795961,1.0,0.5211595181256249,False,False,False,True,False,2
-1.0463766264557288,0.3943672265188741,0.40479010977650925,1.0,1.0,-0.7850187010698834,0.4041527212394904,1,0.0,-0.013073263985237213,0.0,-1.1880391100619079,0.233314,-1.4191715978588444,False,False,False,True,False,2
-0.9949774937058796,1.2725577652152984,0.8328804251465445,1.0,1.0,-0.7850187010698834,-0.6695200111507843,1,0.0,0.14110057329322306,0.0,-0.01210936687014236,0.676557,0.5211595181256249,False,False,False,True,False,2
-0.9949774937058796,0.970829848929293,0.8271280406941595,1.0,1.0,-0.7850187010698834,-0.6990885288916467,1,0.0,1.5205989641781505,0.0,-0.01210936687014236,0.103056,0.5211595181256249,False,False,False,True,False,2
0.8186170262906339,1.3431496194305819,0.8464949923535465,1.0,1.0,-0.7850187010698834,0.24677492835761458,1,0.0,0.5711845324722322,0.0,-0.1564018260084879,1.817146,0.5211595181256249,True,False,False,False,False,2
0.06631104274803347,-0.6678016572106062,0.17876779382841873,1.0,1.0,-2.590640316664862,0.4041527212394904,1,0.0,-1.6449050708254869,0.0,-0.783503991317279,0.329367,0.5211595181256249,True,False,False,False,False,2
0.7388172325999781,-0.2011235722365891,0.1300598472008576,1.0,1.0,-1.0636585886243306,0.4041527212394904,1,0.0,0.1707852256914538,0.0,-0.7314620446025842,0.0,0.5211595181256249,True,False,False,False,False,2
-0.5066723350776099,-0.12049770503034264,0.3735241935733691,1.0,1.0,-0.7850187010698834,0.3505822806194152,1,0.0,-0.013073263985237213,0.0,-1.1880391100619079,1.595306,-1.4191715978588444,False,False,False,True,False,2
-0.823238033268677,-0.016223298659491125,0.4819038583081649,1.0,1.0,-0.7850187010698834,-0.7273881715451075,1,0.0,-0.013073263985237213,0.0,-1.1880391100619079,1.882539,-1.4191715978588444,False,False,False,True,False,2
-0.9539844392856157,1.073839283576924,0.693369425242495,1.0,1.0,-0.7850187010698834,0.4041527212394904,1,0.0,1.6187585428550124,0.0,0.9096525697686685,0.0,-1.4191715978588444,False,False,False,True,False,2
0.26664093583972237,1.5337637059608695,0.7042112947187169,1.0,1.0,1.088341755265735,0.4041527212394904,1,0.0,1.4964184804643919,0.0,1.163820376321623,1.758865,0.5211595181256249,False,False,False,True,False,2
0.26513600201728854,1.1784031326302071,0.7430249384457639,1.0,1.0,1.088341755265735,0.4041527212394904,1,0.0,1.3873174695226667,0.0,0.9442954600030979,0.680215,0.5211595181256249,False,False,False,True,False,2
1.9566688513986312,0.9202524201991937,0.5361280233513473,1.0,1.0,-0.7265979552390575,0.39464708557966693,1,0.0,1.3776619207215925,0.0,1.165266769905749,0.36037,2.461490634110094,True,False,False,False,False,2
2.2042298347181295,0.937275937965918,0.514807202550159,1.0,1.0,-0.7584282227526559,-0.8170000641158388,1,0.0,0.2883374935608047,0.0,1.1644800729075535,0.853891,2.461490634110094,True,False,False,False,False,2
-0.20688898174867157,-0.5008039495468759,0.3133294272708698,1.0,1.0,-0.7850187010698834,0.4041527212394904,1,0.0,-0.8443071725761715,0.0,-0.4186094642156446,1.0,-1.4191715978588444,False,False,False,True,False,2
-0.21074651739699993,0.0033087223549727023,0.321327183995492,1.0,1.0,-0.7850187010698834,0.4041527212394904,1,0.0,0.021635798546254734,0.0,0.9461193270347885,1.066603,-1.4191715978588444,False,False,False,True,False,2
-0.2509511680699017,-0.5539863624188602,0.09750445068864204,1.0,1.0,-0.5914349983144422,0.35790241714187054,1,0.0,1.6187585428550124,0.0,-0.44373790689790943,1.0,-1.4191715978588444,False,False,False,True,False,2
-0.06699239525480226,-0.4682791681210321,0.13037793046738483,1.0,1.0,-0.7850187010698834,0.4041527212394904,1,0.0,1.6187585428550124,0.0,-0.4782032317411169,0.969085,-1.4191715978588444,False,False,False,True,False,2
-0.24288697356244796,0.5221400906634382,0.33371146516201217,1.0,1.0,-0.7850187010698834,0.4041527212394904,1,0.0,1.6187585428550124,0.0,2.3397501195133885,2.0,-1.4191715978588444,False,False,False,True,False,2
-0.2727147051807072,0.551052198608558,0.3316036527320167,1.0,1.0,-0.7850187010698834,0.4041527212394904,1,0.0,1.6187585428550124,0.0,2.3397501195133885,2.0,-1.4191715978588444,False,False,False,True,False,2
0.807978304232319,0.7337762920177466,0.8408128390366093,1.0,1.0,1.088341755265735,0.4041527212394904,1,0.0,-1.3784856827135201,0.0,1.0062728371180198,1.604608,0.5211595181256249,True,False,False,False,False,2
0.8777258713352581,0.6058104660848939,0.8453642290640035,1.0,1.0,1.088341755265735,0.4041527212394904,1,0.0,-1.2023881851101617,0.0,1.0988243875559278,0.0,0.5211595181256249,True,False,False,False,False,2
-0.2169610681668893,0.01230288570905388,0.2693247517069599,1.0,1.0,-0.7850187010698834,0.4041527212394904,1,0.0,-0.4272370720567131,0.0,-0.6527370760851251,0.335158,-1.4191715978588444,False,False,False,True,False,2
-0.20688898174867157,0.3642866277446792,0.2613387574563552,1.0,1.0,-0.7850187010698834,0.4041527212394904,1,0.0,-1.2380779785575649,0.0,-0.04331266260573583,1.0,-1.4191715978588444,False,False,False,True,False,2
1.1533603012453988,-0.3213066060418343,0.13037793046738483,1.0,1.0,0.08984437875976299,-1.0728744463557103,1,0.0,0.15672536284371827,0.0,1.1539014089378006,0.0,0.5211595181256249,True,False,False,False,False,2
1.1550983516496691,-0.2688853202236511,0.13014161167121865,1.0,1.0,0.9659569900137851,-0.7275732961779201,1,0.0,0.05458574638997339,0.0,-0.5082646996960712,0.0,0.5211595181256249,True,False,False,False,False,2
-0.38460546307826027,-0.018002835151479695,0.34288260504956475,1.0,1.0,-0.7850187010698834,0.3664528611198909,1,0.0,-0.013073263985237213,0.0,-1.1880391100619079,0.169294,-1.4191715978588444,False,False,False,True,False,2
-0.3905303125111548,0.2262760687215125,0.28673420618872875,1.0,1.0,-0.7850187010698834,0.36147506543760327,1,0.0,-0.013073263985237213,0.0,-1.1880391100619079,1.281541,-1.4191715978588444,False,False,False,True,False,2
1.845919560901797,-0.33243406916643115,0.15237276394367635,1.0,1.0,0.9076467724498827,-1.5130635411393836,1,0.0,0.7213636454875472,0.0,0.5226211652514493,0.0,0.5211595181256249,True,False,False,False,False,2
2.418479577578817,0.9467417856913686,0.4367279764028148,1.0,1.0,-0.703791665043627,-0.6123434969540518,1,0.0,1.2692266971570585,0.0,0.29317728154910155,0.669616,0.5211595181256249,True,False,False,False,False,2
-0.020129184744373866,0.7199259236584223,0.41488250343263305,1.0,1.0,-0.7850187010698834,0.4041527212394904,1,0.0,1.5758886894575124,0.0,1.7419568271239092,1.36595,-1.4191715978588444,False,False,False,True,False,2
-0.16948598573577775,0.6360304261506304,0.429379408950338,1.0,1.0,-0.7850187010698834,0.4041527212394904,1,0.0,1.600434703496003,0.0,1.6693796193038566,1.978043,-1.4191715978588444,False,False,False,True,False,2
1.7352940003013393,0.8396265529929473,0.5988129206792557,1.0,1.0,0.6904193873750303,-2.019740662032705,1,0.0,1.6187585428550124,0.0,1.9991279582409756,0.572185,0.5211595181256249,True,False,False,False,False,2
1.1152054687920978,1.1635343548326977,0.7129394323380841,1.0,1.0,-0.04077005897686911,-0.8341330917650766,1,0.0,1.0629876342495537,0.0,0.060811212434922254,1.771135,0.5211595181256249,True,False,False,False,False,2
0.8001681894611204,-0.2124975976462191,0.13037793046738483,1.0,1.0,-0.6193949031252511,-0.052626883172262245,1,0.0,1.2487178350086898,0.0,0.2847799672529691,0.0,0.5211595181256249,True,False,False,False,False,2
1.048916979785841,-0.14194862382833429,0.13037793046738483,1.0,1.0,-0.44772577098802413,0.06099978815496043,1,0.0,1.2591354492635582,0.0,0.5219144314757909,0.0,0.5211595181256249,True,False,False,False,False,2
-1.1442550129929803,0.0958231797396171,0.5069395586468912,1.0,1.0,-0.7850187010698834,0.4041527212394904,1,0.0,-0.013073263985237213,0.0,-1.1086744357641525,0.894105,-1.4191715978588444,False,False,False,True,False,2
-0.9872668357048905,0.21125720953311314,0.4905315948100266,1.0,1.0,-0.7850187010698834,0.4041527212394904,1,0.0,-0.013073263985237213,0.0,0.6692607801572056,0.839862,-1.4191715978588444,False,False,False,True,False,2
-0.8799849770429654,1.6482758072103234,1.0039815730862245,1.0,1.0,-0.7850187010698834,-0.3323129213076232,1,0.0,0.9237173168629651,0.0,-0.01210936687014236,2.0,0.5211595181256249,False,False,False,True,False,2
-0.5203710472101526,1.6577309348364233,1.206712930214926,1.0,1.0,-0.7850187010698834,0.4041527212394904,1,0.0,1.6187585428550124,0.0,-0.2607185535270295,1.220029,0.5211595181256249,False,False,False,True,False,2
-0.20688898174867157,1.0476608009658823,0.7616107548988182,1.0,1.0,-0.5542975006280453,0.4041527212394904,1,0.0,0.6646966541632126,0.0,-0.840930520326049,0.569852,0.5211595181256249,False,False,False,True,False,2
-0.3675255359940164,1.2670905145471443,0.7432683605541619,1.0,1.0,-0.7850187010698834,0.4041527212394904,1,0.0,1.2030363354080045,0.0,-1.1880391100619079,0.80898,0.5211595181256249,False,False,False,True,False,2
-0.5194976875212015,0.9486714035742473,0.704837073612379,1.0,1.0,-0.2985463311291059,0.4041527212394904,1,0.0,-1.6022440918992622,0.0,-0.871948019162218,0.077818,0.5211595181256249,False,False,False,True,False,2
-0.407476422166068,0.8801699687320811,0.703236231450501,1.0,1.0,-0.701980125482351,0.4041527212394904,1,0.0,0.5714162525888032,0.0,-0.7772033597532576,0.0,0.5211595181256249,False,False,False,True,False,2
-0.9949774937058796,0.8814992610513971,0.8639138415385891,1.0,1.0,-0.7850187010698834,-1.0513434230894512,1,0.0,0.7023185364699143,0.0,-0.01210936687014236,0.802305,-1.4191715978588444,False,False,False,True,False,2
-0.9949774937058796,1.5280498930076798,0.8634523171928112,1.0,1.0,-0.7850187010698834,-1.4619974254131864,1,0.0,0.2992609756757933,0.0,-0.01210936687014236,1.676944,-1.4191715978588444,False,False,False,True,False,2
-0.30902131245576575,0.5685259605479525,0.7032526530863042,1.0,1.0,0.8469349067809584,0.4041527212394904,1,0.0,1.011013791201691,0.0,-0.01210936687014236,0.0,0.5211595181256249,False,False,False,True,False,2
-0.2905286579049877,0.6521856158700596,0.7032293954672246,1.0,1.0,-0.2552267439368016,0.4041527212394904,1,0.0,0.15706804752315479,0.0,-0.01210936687014236,0.0,0.5211595181256249,False,False,False,True,False,2
-0.7546580981050532,2.5840547196113026,1.339391422119083,1.0,1.0,-0.7850187010698834,0.4041527212394904,1,0.0,1.6187585428550124,0.0,-0.01210936687014236,1.014808,0.5211595181256249,False,False,False,True,False,2
-0.6022769286401625,2.9371533519792563,1.3029184343417837,1.0,1.0,-0.7850187010698834,0.4041527212394904,1,0.0,1.6187585428550124,0.0,-0.2860857099471623,1.0,0.5211595181256249,False,False,False,True,False,2
-0.8319955880489499,0.015229472831418327,0.44722579351402947,1.0,1.0,-0.7850187010698834,-0.37780215747034823,1,0.0,-0.013073263985237213,0.0,-1.1880391100619079,1.119877,-1.4191715978588444,False,False,False,True,False,2
-1.1409869675515967,0.05701642009507341,0.49488844573792695,1.0,1.0,-0.7850187010698834,0.4041527212394904,1,0.0,-0.013073263985237213,0.0,0.8487770388231172,0.048617,-1.4191715978588444,False,False,False,True,False,2
-0.9949774937058796,0.8868164303286611,0.833572196102226,1.0,1.0,-0.7850187010698834,-0.27021003493771745,1,0.0,1.057073875781564,0.0,-0.01210936687014236,0.169879,-1.4191715978588444,False,False,False,True,False,2
-0.9949774937058796,0.9756324534377891,0.8256068625608535,1.0,1.0,-0.7850187010698834,-0.26590331604937417,1,0.0,1.565012530464922,0.0,-0.01210936687014236,0.4346,-1.4191715978588444,False,False,False,True,False,2
0.8369821681201773,1.2046673760360458,0.8717048766013411,1.0,1.0,-0.021030459848460248,-0.791401441278619,1,0.0,-0.3455475718062902,0.0,0.2636261671026924,0.178708,0.5211595181256249,True,False,False,False,False,2
1.021939606697629,0.9406206089629049,0.8788781144492287,1.0,1.0,-0.3822836701668518,-0.5183953169772368,1,0.0,-1.3512699918390385,0.0,0.8954191161570755,0.537659,0.5211595181256249,True,False,False,False,False,2
1.1068692261303168,-0.3846302328982781,0.12039495073353262,1.0,1.0,-0.27141070491908514,-2.103342431975674,1,0.0,-1.060428608905901,0.0,0.5551720764727404,0.0,0.5211595181256249,True,False,False,False,False,2
0.7388172325999781,-0.3748535022916965,0.09402695926308995,1.0,1.0,-0.9764836331492088,0.4041527212394904,1,0.0,-1.329897890664852,0.0,-1.174493575350082,0.0,0.5211595181256249,True,False,False,False,False,2
-0.5099317115453622,0.003480243944562019,0.43481206797261523,1.0,1.0,-0.7850187010698834,-1.3141895475775272,1,0.0,-0.013073263985237213,0.0,-1.1880391100619079,1.865851,-1.4191715978588444,False,False,False,True,False,2
-0.5139257441239619,-0.08423160893158627,0.494364290036992,1.0,1.0,-0.7850187010698834,-1.3021423049797174,1,0.0,-0.013073263985237213,0.0,-1.1880391100619079,1.946173,-1.4191715978588444,False,False,False,True,False,2
-0.6137267513949844,1.4471238630196532,0.7130612197719841,1.0,1.0,-0.7850187010698834,0.4041527212394904,1,0.0,1.2817934339015353,0.0,1.4218076026804647,0.202902,-1.4191715978588444,False,False,False,True,False,2
-0.588168725716807,1.0363832564503954,0.6537857977455213,1.0,1.0,-0.7850187010698834,0.4041527212394904,1,0.0,0.6418053175768573,0.0,2.2127332442322736,0.0,-1.4191715978588444,False,False,False,True,False,2
0.27107346086637446,1.3159420072820043,0.7082650709914173,1.0,1.0,1.088341755265735,0.4041527212394904,1,0.0,0.16742528400116966,0.0,1.0355346728476038,1.58483,0.5211595181256249,False,False,False,True,False,2
0.2589282288086017,1.379748038609166,0.72153058296297,1.0,1.0,1.088341755265735,0.4041527212394904,1,0.0,0.7706580207085775,0.0,0.9248467579804492,1.596562,0.5211595181256249,False,False,False,True,False,2
0.26839900369219616,1.374634551219539,0.7198830728035291,1.0,1.0,1.088341755265735,0.4041527212394904,1,0.0,0.35394855501843075,0.0,0.9069843851813666,1.59405,0.5211595181256249,False,False,False,True,False,2
0.25347103109870284,1.3086845000225131,0.7337836056126148,1.0,1.0,0.9517925116034317,0.4041527212394904,1,0.0,0.234142727423833,0.0,0.18317023000325497,1.509831,0.5211595181256249,False,False,False,True,False,2
0.8387019348709703,1.4275382415084423,0.7108392196883789,1.0,1.0,0.7240349674035165,0.4041527212394904,1,0.0,-0.2042472556519931,0.0,1.163820376321623,0.70778,0.5211595181256249,True,False,False,False,False,2
1.3528385858910668,0.8814456605546501,0.6563045329691094,1.0,1.0,0.9056310365988658,-1.2224217243871693,1,0.0,0.9664141960889406,0.0,1.297866959607539,0.584755,0.5211595181256249,True,False,False,False,False,2
2.2753229841463845,0.8617849983479955,0.649238303082899,1.0,1.0,0.7997711839322527,-0.9737144937301367,1,0.0,1.0350082460894703,0.0,2.339653693274447,1.0,2.461490634110094,True,False,False,False,False,2
2.4230957272287545,0.8506896955214464,0.37112121178727,1.0,1.0,-0.3116242604747851,-0.27048772188693593,1,0.0,1.4945043417549682,0.0,1.3583532578080937,0.616045,2.461490634110094,True,False,False,False,False,2
-0.19170204327014892,0.2841431650091506,0.4343652849092099,1.0,1.0,-0.7850187010698834,0.3863756141385926,1,0.0,0.5812529347204366,0.0,1.7428505337287346,1.632506,-1.4191715978588444,False,False,False,True,False,2
-0.23598268772689357,0.33250153317393955,0.4527434249541271,1.0,1.0,-0.7850187010698834,0.39595452829890426,1,0.0,0.5199401182420277,0.0,1.44202889054439,1.529423,-1.4191715978588444,False,False,False,True,False,2
-0.21171744244373086,-0.0004647526159875097,0.321327183995492,1.0,1.0,-0.7850187010698834,0.4041527212394904,1,0.0,0.2047256954419238,0.0,0.023402535444505868,1.082838,-1.4191715978588444,False,False,False,True,False,2
-0.24860597427601935,0.23845410158234212,0.3115464577109768,1.0,1.0,-0.7850187010698834,0.4041527212394904,1,0.0,0.2857950996057473,0.0,1.084311062665455,0.212767,-1.4191715978588444,False,False,False,True,False,2
-0.15570893760514662,0.7268939882354818,0.36251348676717793,1.0,1.0,-0.7850187010698834,0.4041527212394904,1,0.0,1.6187585428550124,0.0,2.3397501195133885,2.0,-1.4191715978588444,False,False,False,True,False,2
-0.1015787629259607,0.8119258162743012,0.42987824478025444,1.0,1.0,-0.7850187010698834,0.4041527212394904,1,0.0,1.6187585428550124,0.0,2.3397501195133885,2.0,-1.4191715978588444,False,False,False,True,False,2
0.26784418937977855,0.810156999881661,0.7586913699514773,1.0,1.0,1.088341755265735,0.4041527212394904,1,0.0,-0.15768783053922708,0.0,1.0592755184329024,1.032392,0.5211595181256249,False,False,False,True,False,2
0.21816435052761535,1.2115711200170098,0.800977578613336,1.0,1.0,0.9407677853178971,0.4041527212394904,1,0.0,1.4057049503221424,0.0,-0.9743103514475748,0.133523,0.5211595181256249,False,False,False,True,False,2
0.025291666171470002,-0.5137752697595543,0.17638726767453425,1.0,1.0,-1.7351234302677936,0.4041527212394904,1,0.0,-1.6361470295181753,0.0,-0.10296287475888138,0.733221,-1.4191715978588444,True,False,False,False,False,2
-0.1313615734990381,-0.23055024495047685,0.17116675327292677,1.0,1.0,-2.2461948963607137,0.4041527212394904,1,0.0,-1.5694263224318978,0.0,-0.575392649086173,0.61599,-1.4191715978588444,True,False,False,False,False,2
1.1775498900314132,-0.3078636014577841,0.13037793046738483,1.0,1.0,0.9932537252230517,-1.1615530022360123,1,0.0,0.3312383517626347,0.0,1.1552584318614438,0.0,0.5211595181256249,True,False,False,False,False,2
0.8462034341808866,-0.2317616161769505,0.13016219600074858,1.0,1.0,-0.5887429793386878,-0.39757321113716193,1,0.0,0.3437936656844641,0.0,0.6015378103170487,0.0,0.5211595181256249,True,False,False,False,False,2
-0.4294856852749018,-0.39584345681766714,0.29293482491884554,1.0,1.0,-0.7850187010698834,0.373424603368095,1,0.0,-0.013073263985237213,0.0,-1.1880391100619079,1.39322,-1.4191715978588444,False,False,False,True,False,2
-0.40452376974716897,-0.35509635919089644,0.3004905723114005,1.0,1.0,-0.7850187010698834,0.3631399015451864,1,0.0,-0.013073263985237213,0.0,-1.1880391100619079,1.292476,-1.4191715978588444,False,False,False,True,False,2
2.404679359645934,0.8962929981534602,0.5287601318344128,1.0,1.0,0.8481169972289059,-1.1479437705488484,1,0.0,1.1150479643831779,0.0,1.805533468689572,0.903903,2.461490634110094,True,False,False,False,False,2
1.9492155831056475,0.847398625021204,0.4660730958748649,1.0,1.0,0.22837376442441293,-2.01737903737662,1,0.0,1.5030991998815963,0.0,2.0896522058016207,0.732881,2.461490634110094,True,False,False,False,False,2
-0.21839334022852047,0.5292367964326908,0.33224558593252784,1.0,1.0,-0.7850187010698834,0.4041527212394904,1,0.0,0.8522887750139542,0.0,2.2117854448592604,1.287117,-1.4191715978588444,False,False,False,True,False,2
-0.15497853717226479,0.532656508125124,0.33241862414607504,1.0,1.0,-0.7850187010698834,0.4041527212394904,1,0.0,1.6187585428550124,0.0,2.3397501195133885,2.0,-1.4191715978588444,False,False,False,True,False,2
-0.3445956278855141,0.16706896001521,0.45801461728762105,1.0,1.0,-0.7850187010698834,0.38425567997534554,1,0.0,0.41699764053931754,0.0,2.1276841255559287,2.0,-1.4191715978588444,False,False,False,True,False,2
-0.41507706301078795,0.4257556774136882,0.4428663074864306,1.0,1.0,-0.7850187010698834,0.37600220676246154,1,0.0,1.077416291085635,0.0,1.7074162427771373,1.402414,-1.4191715978588444,False,False,False,True,False,2
1.9483568818630188,0.9693397551197385,0.5613796109161124,1.0,1.0,-0.36860439211468965,-1.422987551398894,1,0.0,1.2786913216367317,0.0,1.5778546555317552,0.317846,0.5211595181256249,True,False,False,False,False,2
2.147295956348806,0.9034861848168559,0.4816973275955488,1.0,1.0,-0.7004177428617666,-1.0427351276636765,1,0.0,1.38462494704138,0.0,1.1700363409441348,0.105408,0.5211595181256249,True,False,False,False,False,2
0.2586869161062404,-0.47562243617531785,0.13037793046738483,1.0,1.0,-0.7850187010698834,0.4041527212394904,1,0.0,1.6187585428550124,0.0,-0.7016240032988365,0.920858,0.5211595181256249,True,False,False,False,False,2
0.39630781821298233,-0.30434740887120787,0.13037793046738483,1.0,1.0,-0.7850187010698834,0.4041527212394904,1,0.0,1.6187585428550124,0.0,-0.14741772277050283,0.12228,0.5211595181256249,True,False,False,False,False,2
-0.5730183545452392,0.8530373972789475,0.624971975476488,1.0,1.0,-0.7850187010698834,0.4041527212394904,1,0.0,-0.6361245979867196,0.0,-0.5158212242258214,0.0,-1.4191715978588444,False,False,False,True,False,2
-0.3964419220570477,0.7922865942663434,0.6499850674235966,1.0,1.0,-0.5566392011984643,0.4041527212394904,1,0.0,0.8037499379194908,0.0,0.23199012922160445,0.0,-1.4191715978588444,False,False,False,True,False,2
-0.2511188733052461,0.4820576391963255,0.39295232537358626,1.0,1.0,-0.7850187010698834,0.4041527212394904,1,0.0,1.1522031427931232,0.0,1.9176148603024088,1.224737,-1.4191715978588444,False,False,False,True,False,2
-0.3365927466642915,0.42532687343971487,0.38770167917977216,1.0,1.0,-0.7850187010698834,0.4041527212394904,1,0.0,1.1253921462067382,0.0,1.8869101587779284,1.229474,-1.4191715978588444,False,False,False,True,False,2
-0.5339759768097723,1.0888152623679273,0.729427403912177,1.0,1.0,-0.7850187010698834,0.4041527212394904,1,0.0,0.4607584741033523,0.0,-1.1867620503608016,0.544128,0.5211595181256249,False,False,False,True,False,2
-0.525911467066914,0.9751929293644674,0.7268706697871367,1.0,1.0,-0.7850187010698834,0.4041527212394904,1,0.0,-1.6036605219075997,0.0,-1.1856519726832286,0.175587,0.5211595181256249,False,False,False,True,False,2
-0.3871561903560612,1.8257684921370403,1.1090903916776362,1.0,1.0,-0.7850187010698834,-0.42060965763274943,1,0.0,0.8285684678697242,0.0,-0.03289980472977281,1.157466,0.5211595181256249,False,False,False,True,False,2
-0.9727926444765815,1.6871147271529148,0.9413465898931883,1.0,1.0,-0.7850187010698834,-1.2586894397779287,1,0.0,0.05140693803024849,0.0,-0.01210936687014236,2.0,0.5211595181256249,False,False,False,True,False,2
-0.3115130907128722,0.900924081072367,0.7053523310780992,1.0,1.0,-0.3097340397743428,0.4041527212394904,1,0.0,0.8427115541396086,0.0,-0.5034598507653897,0.175694,0.5211595181256249,False,False,False,True,False,2
-0.20688898174867157,0.4376228273933868,0.704320403122183,1.0,1.0,-0.04722003902803239,0.4041527212394904,1,0.0,0.011387894799298224,0.0,-0.03702143847965993,0.41322,0.5211595181256249,False,False,False,True,False,2
-0.350627026885225,1.0876038911414536,0.7540017326645289,1.0,1.0,-0.13169360872511793,0.4041527212394904,1,0.0,0.14480809515836346,0.0,-0.5476701053904273,0.67688,0.5211595181256249,False,False,False,True,False,2
-0.20688898174867157,0.7822097008779818,0.7401512285598673,1.0,1.0,-0.19898471631669326,0.4041527212394904,1,0.0,0.10686147832210086,0.0,-0.46547026448183654,0.579541,0.5211595181256249,False,False,False,True,False,2
-0.5232171500622347,0.8639504584165588,0.7020811412260586,1.0,1.0,-0.7850187010698834,0.4041527212394904,1,0.0,-1.2615176106310182,0.0,-1.1781989299708793,0.0,0.5211595181256249,False,False,False,True,False,2
-0.5765415830467955,0.8481061515782605,0.623837316822173,1.0,1.0,-0.7850187010698834,0.4041527212394904,1,0.0,-0.6432393846645433,0.0,0.28383099195021333,0.0,0.5211595181256249,False,False,False,True,False,2
-0.423683935267575,0.948446281487911,0.7536624922207105,1.0,1.0,0.13438165024868592,0.4041527212394904,1,0.0,1.0549883947324221,0.0,-1.055801106721021,0.756339,0.5211595181256249,False,False,False,True,False,2
-0.4145288686418709,1.253861911950082,0.7222050921061327,1.0,1.0,-0.6387429699182852,0.4041527212394904,1,0.0,1.4484181478661864,0.0,-1.1142495186766246,0.261793,0.5211595181256249,False,False,False,True,False,2
-0.9949774937058796,1.127214658237197,0.8494697143945596,1.0,1.0,-0.7850187010698834,-1.8471170842860956,1,0.0,0.6661163478351635,0.0,-0.01210936687014236,1.546738,-1.4191715978588444,False,False,False,True,False,2
-0.9949774937058796,1.1739757315989374,0.8483839387491476,1.0,1.0,-0.7850187010698834,-1.8449213004469045,1,0.0,0.18466558704043715,0.0,-0.01210936687014236,0.741069,-1.4191715978588444,False,False,False,True,False,2
-0.9949774937058796,1.1798610661417164,0.8520639127631415,1.0,1.0,-0.7850187010698834,-1.9071038932559379,1,0.0,0.5791674536712945,0.0,-0.01210936687014236,1.47574,-1.4191715978588444,False,False,False,True,False,2
-0.9949774937058796,1.051659398023179,0.8534864847019259,1.0,1.0,-0.7850187010698834,-1.9165709612839255,1,0.0,0.6964994242467224,0.0,-0.01210936687014236,1.541455,-1.4191715978588444,False,False,False,True,False,2
-0.3328603594716618,0.7252216527369871,0.7032476884057125,1.0,1.0,0.49913991798088214,0.4041527212394904,1,0.0,1.0467345894534241,0.0,-0.01210936687014236,0.0,0.5211595181256249,False,False,False,True,False,2
-0.41359561422601104,1.1293801183057601,0.7298194991093715,1.0,1.0,-0.68159234363605,0.4041527212394904,1,0.0,1.4324882057678114,0.0,-0.12574063388450588,0.14451,0.5211595181256249,False,False,False,True,False,2
-0.553145757010024,1.9387904995769374,1.1793964556123582,1.0,1.0,-0.7850187010698834,-0.6479465634895056,1,0.0,0.5174205699322664,0.0,-0.13976359607206765,1.223661,0.5211595181256249,False,False,False,True,False,2
-0.7561356064472708,1.9024600828820857,1.00618516566179,1.0,1.0,-0.7850187010698834,-0.685083336184301,1,0.0,0.8578190530073356,0.0,-0.10904948710964191,1.285838,0.5211595181256249,False,False,False,True,False,2
-0.3704616385541641,2.4611809408693777,1.2074512545986178,1.0,1.0,-0.7850187010698834,0.4041527212394904,1,0.0,1.6187585428550124,0.0,-0.31362598453271345,1.0,0.5211595181256249,False,False,False,True,False,2
-0.5955602078704535,1.7117923958550534,1.1003207035007014,1.0,1.0,-0.7850187010698834,0.4041527212394904,1,0.0,1.6187585428550124,0.0,-0.026701479053408982,1.914531,0.5211595181256249,False,False,False,True,False,2
-0.8986420268573376,0.13363297014467496,0.3812399564403809,1.0,1.0,-0.7850187010698834,0.36184274352777224,1,0.0,-0.013073263985237213,0.0,-1.1880391100619079,0.467048,-1.4191715978588444,False,False,False,True,False,2
-1.0875575611772432,0.23062842905733608,0.41108731063906034,1.0,1.0,-0.7850187010698834,0.4041527212394904,1,0.0,-0.013073263985237213,0.0,-1.1880391100619079,0.931721,-1.4191715978588444,False,False,False,True,False,2
-0.9949774937058796,0.922525081261251,0.8185289083904762,1.0,1.0,-0.7850187010698834,-0.39310450819510867,1,0.0,0.9923603218177003,0.0,-0.01210936687014236,0.652485,-1.4191715978588444,False,False,False,True,False,2
-0.9949774937058796,0.8688066634217995,0.8194875500228889,1.0,1.0,-0.7850187010698834,-0.03903436412556069,1,0.0,0.47304290394524606,0.0,-0.01210936687014236,0.552665,-1.4191715978588444,False,False,False,True,False,2
-0.9949774937058796,1.027474853891109,0.829880879702573,1.0,1.0,-0.7850187010698834,-0.9568900071355863,1,0.0,1.1425378030012088,0.0,-0.01210936687014236,1.425852,-1.4191715978588444,False,False,False,True,False,2
-0.9949774937058796,1.091838330384437,0.8273825760491124,1.0,1.0,-0.7850187010698834,-1.2548391045329772,1,0.0,0.852053791233769,0.0,-0.01210936687014236,0.6454,-1.4191715978588444,False,False,False,True,False,2
0.8034129074825509,1.0671499415829477,0.8237601159502814,1.0,1.0,-0.06283449843159016,0.2550039754036692,1,0.0,0.21627090547531846,0.0,0.15825463060450787,1.767468,0.5211595181256249,True,False,False,False,False,2
0.6476405931507081,1.3674735248541934,0.78373715241079,1.0,1.0,0.08717109338857194,0.3210793278526738,1,0.0,0.7711116699508787,0.0,-0.009957415440101433,1.670313,0.5211595181256249,True,False,False,False,False,2
-0.1680043793332983,-0.5221369472520252,0.256797182220592,1.0,1.0,-1.9671503629476979,0.4041527212394904,1,0.0,-0.08952132047208923,0.0,-1.0649110344415276,0.22183,-1.4191715978588444,True,False,False,False,False,2
0.02654787925952983,-0.43309580205656095,0.15882803259829786,1.0,1.0,-1.322957902827569,0.4041527212394904,1,0.0,-1.3802986478509198,0.0,-0.6483097006020082,0.885532,-1.4191715978588444,True,False,False,False,False,2
0.7388172325999781,-0.6420626986728865,0.10841674224956524,1.0,1.0,-2.0388588544953126,0.4041527212394904,1,0.0,-0.20731509944885254,0.0,-0.8093744456674978,0.0,0.5211595181256249,True,False,False,False,False,2
0.57627634127434,-0.2992017611835331,0.13018827966878088,1.0,1.0,-0.8579504969954854,0.4041527212394904,1,0.0,1.0514146830754425,0.0,-0.5185705479654039,0.319008,0.5211595181256249,True,False,False,False,False,2
-0.4622807277583818,-0.002833894572187867,0.38665989824237323,1.0,1.0,-0.7850187010698834,0.3542616326965607,1,0.0,1.0041193018177912,0.0,-0.033645344186956416,1.35537,-1.4191715978588444,False,False,False,True,False,2
-0.46644798219190914,0.08633589181546722,0.3225560188216469,1.0,1.0,-0.7850187010698834,0.37005379234563657,1,0.0,-0.013073263985237213,0.0,-1.1880391100619079,1.331527,-1.4191715978588444,False,False,False,True,False,2
-0.6263388470872401,-0.03053463129083637,0.45777008767355326,1.0,1.0,-0.7850187010698834,-0.37644200565426855,1,0.0,-0.013073263985237213,0.0,-1.1880391100619079,1.80931,-1.4191715978588444,False,False,False,True,False,2
-0.5661566254893305,0.038878011996021,0.5074536704170906,1.0,1.0,-0.7850187010698834,-1.7899058592207104,1,0.0,-0.013073263985237213,0.0,-1.1880391100619079,1.917679,-1.4191715978588444,False,False,False,True,False,2
-0.8561777688029522,1.0986241532725565,0.6805722354101456,1.0,1.0,-0.7850187010698834,0.4041527212394904,1,0.0,1.6187585428550124,0.0,1.4466314795592428,0.0,-1.4191715978588444,False,False,False,True,False,2
-0.7033021526056595,0.8938916958992121,0.6721893340411577,1.0,1.0,-0.7850187010698834,0.4041527212394904,1,0.0,0.23426348297753938,0.0,0.7004840666984332,0.0,-1.4191715978588444,False,False,False,True,False,2
0.9281075818161701,0.5815508812573802,0.9816252344831541,1.0,1.0,-0.18978838983654162,0.4041527212394904,1,0.0,0.2361661988643151,0.0,-1.1880391100619079,1.108145,-1.4191715978588444,True,False,False,False,False,3
0.15793121841183314,0.9232647681163528,1.0899995908287017,1.0,1.0,-1.556629645988136,0.4041527212394904,1,0.0,0.1761653751586059,0.0,0.6241532911381126,0.0,-1.4191715978588444,True,False,False,False,False,3
2.02920105044972,0.03430052957386116,0.8157891303110041,1.0,1.0,0.24492115733522563,1.6710248629608317,1,0.0,-1.6449050708254869,0.0,1.1362824535955585,0.0,-1.4191715978588444,False,False,False,True,False,3
1.323208979724714,-0.06786201722517397,0.6196168036612921,1.0,1.0,0.7044639707161782,-0.7144255904850593,1,0.0,-1.6449050708254869,0.0,1.1512567429453624,0.0,-1.4191715978588444,False,False,False,True,False,3
0.5122299640846016,2.2183170901104985,1.61321811282704,1.0,1.0,-0.39858939957879747,0.4041527212394904,1,0.0,-0.3180920016562028,0.0,1.1048357404031242,0.0,0.5211595181256249,False,False,False,True,False,3
0.9628859278488421,1.2608835770238884,1.3577201826870378,1.0,1.0,-0.7850187010698834,0.4041527212394904,1,0.0,-0.03865549122107171,0.0,-0.2552187301181216,0.0,0.5211595181256249,False,False,False,True,False,3
0.4149347630461982,0.7673623632791693,1.2055881627319442,1.0,0.0,-0.4411821229140443,0.4041527212394904,1,0.0,0.4404731729125214,0.0,-0.3862549332614663,0.0,0.5211595181256249,True,False,False,False,False,3
1.5488860060087803,0.7822418611760295,1.2818770486782087,1.0,0.0,1.017931502514361,0.4041527212394904,1,0.0,0.2686608656339248,0.0,0.10302003463704733,0.0,0.5211595181256249,True,False,False,False,False,3
0.3014977754881848,0.7717040035156445,1.1294369893873237,1.0,1.0,0.04401074183505598,0.4041527212394904,1,0.0,0.27147088000530367,0.0,-1.1880391100619079,1.928972,0.5211595181256249,False,False,False,True,False,3
0.6384382412142862,0.9840906118244055,0.9982424787018852,1.0,1.0,-0.8014293386673835,0.4041527212394904,1,0.0,-0.013073263985237213,0.0,-1.1880391100619079,0.292956,0.5211595181256249,False,False,False,True,False,3
0.5798545783540303,1.3283558823285186,1.3089314645252348,1.0,1.0,1.088341755265735,0.4041527212394904,1,0.0,1.6187585428550124,0.0,-0.37503773944116015,1.415536,0.5211595181256249,False,False,False,True,False,3
0.18695840971964534,1.971057998618395,1.32392850432778,1.0,1.0,-0.019636679668946402,0.4041527212394904,1,0.0,1.3770907795891991,0.0,0.36426458638453013,0.0,0.5211595181256249,False,False,False,True,False,3
0.9918291089212801,0.5180235725132994,1.2760734516360277,1.0,1.0,0.6357266288523117,0.4041527212394904,1,1.0,0.27127016469306253,0.0,0.08140527002743951,1.358163,0.5211595181256249,True,False,False,False,False,3
1.1261490234868377,1.8480662987836276,1.6147198141364865,1.0,1.0,1.0064702832424999,0.4041527212394904,1,1.0,-1.1959881407637343,0.0,-0.127439852363418,1.875023,0.5211595181256249,True,False,False,False,False,3
0.08143950505896871,0.5819904053307019,0.9803375490970616,1.0,1.0,-1.966118141336257,0.4041527212394904,1,0.0,-0.013073263985237213,0.0,0.6894220956042283,0.0026,0.5211595181256249,False,False,False,True,False,3
0.0672745597627522,0.5938039548136537,1.172893373264653,1.0,1.0,-1.922776073818476,0.4041527212394904,1,0.0,-0.013073263985237213,0.0,0.10311175715701631,0.630866,0.5211595181256249,False,False,False,True,False,3
2.6302296612972773,0.5180235725132994,1.1460122247702789,1.0,1.0,-0.7850187010698834,0.18787958336872804,1,0.0,-0.46145821687796007,0.0,-0.7690694537196002,0.0,0.5211595181256249,True,False,False,False,False,3
0.5546771994271287,0.02519916522628845,0.5746906069998556,1.0,1.0,0.39594960396454687,-2.1670227344876687,1,0.0,-1.6449050708254869,0.0,-0.8995200438508355,0.315261,0.5211595181256249,True,False,False,False,False,3
-0.16589876444705082,1.579345568394184,1.3301023137827013,1.0,1.0,1.088341755265735,-0.11634832449154842,1,0.0,0.07516314547422896,0.0,-0.20581909753637873,0.0,0.5211595181256249,False,False,False,True,False,3
-0.2532645230879007,1.504154791558044,1.3534061425817785,1.0,1.0,1.088341755265735,-0.20327462429877236,1,0.0,-0.5918219962628138,0.0,0.017803933937169853,0.0,0.5211595181256249,False,False,False,True,False,3
-0.042802175997978274,-0.9453664695632411,0.45463901638375104,1.0,1.0,1.088341755265735,-0.7259611691671793,1,0.0,-1.6449050708254869,0.0,0.6268743925638582,0.890213,-1.4191715978588444,False,False,False,True,False,3
-0.6775502571535412,-0.5773454589010313,0.7608903415551072,1.0,1.0,0.8443890099207985,-1.5641489406814988,1,0.0,-0.5742895953301221,0.0,-1.1880391100619079,1.444033,-1.4191715978588444,False,False,False,True,False,3
0.8996172364027029,0.6074292010866416,0.970955792182868,1.0,1.0,-1.0319051288894419,0.4041527212394904,1,0.0,0.02499410840473179,0.0,-1.1880391100619079,0.613992,0.5211595181256249,True,False,False,False,False,3
0.13271727217797658,0.608050966848901,0.9739543828805721,1.0,1.0,-2.4548141901387046,0.4041527212394904,1,0.0,-0.013073263985237213,0.0,0.25861200267772266,0.001716,0.5211595181256249,True,False,False,False,False,3
1.0336764512885053,-0.33128701853605286,0.5743803526527228,1.0,1.0,0.9155130130060365,1.6780737404727077,1,0.0,-1.6449050708254869,0.0,1.1635263938858251,0.0,-1.4191715978588444,False,False,False,True,False,3
0.6935801639251223,-0.3869136140596814,0.46116925171530837,1.0,1.0,1.009679349704202,0.19107041210928558,1,0.0,-1.6449050708254869,0.0,1.1636863203308994,0.0,-1.4191715978588444,False,False,False,True,False,3
1.0084240463352654,2.2781138042810127,1.6523401395985347,1.0,1.0,-0.41547774409266264,0.4041527212394904,1,0.0,-1.4624010015484734,0.0,-0.12165545395665771,0.976473,0.5211595181256249,False,False,False,True,False,3
0.8692428865925504,2.1216217939796174,1.4391155099508526,1.0,1.0,-0.6932952264067789,0.4041527212394904,1,0.0,1.329713806741206,0.0,0.06570072830711347,0.0,0.5211595181256249,False,False,False,True,False,3
1.1910113875218564,0.5180235725132994,1.203623371292841,1.0,1.0,-0.5242544189897904,0.4041527212394904,1,0.0,0.06595635042003639,0.0,-0.7552663903940152,0.360986,0.5211595181256249,True,False,False,False,False,3
1.927709435702847,0.5180235725132994,1.2544826285903512,1.0,1.0,0.5823283624049215,0.4041527212394904,1,0.0,0.036018764091744856,0.0,-0.4911749127382653,0.754417,0.5211595181256249,True,False,False,False,False,3
-0.4344320440113501,0.7717040035156445,1.1294369893873237,1.0,1.0,-0.7850187010698834,0.4041527212394904,1,0.0,-0.013073263985237213,0.0,0.45730179580637625,1.0,0.5211595181256249,False,False,False,True,False,3
-0.05500084045686122,0.97896640433543,1.1272329003436994,1.0,1.0,-0.794986852058045,0.4041527212394904,1,0.0,-0.013073263985237213,0.0,-0.05136542948711313,0.739006,0.5211595181256249,False,False,False,True,False,3
-0.026370215288265313,1.3283558823285186,1.3089314645252348,1.0,1.0,-0.02926575241451217,0.4041527212394904,1,0.0,0.7875246342640785,0.0,1.163820376321623,0.707768,0.5211595181256249,False,False,False,True,False,3
0.15537954542781798,1.3464621301295234,1.3141133689877786,1.0,1.0,1.088341755265735,0.4041527212394904,1,0.0,1.6187585428550124,0.0,0.11749572977573802,0.396352,0.5211595181256249,False,False,False,True,False,3
1.173115000739225,0.7904856175756579,1.3220795427058671,1.0,1.0,0.6357266288523117,0.4041527212394904,1,0.0,0.2501461019535159,0.0,-0.68453774413026,0.716327,0.5211595181256249,True,False,False,False,False,3
0.9955213035997995,0.6999972589680329,1.213571025414791,1.0,1.0,1.021498380823224,0.4041527212394904,1,0.0,0.6025467079678951,0.0,-0.4648905311184429,1.875023,0.5211595181256249,True,False,False,False,False,3
-0.13524259418502285,0.5632409515687384,1.1761972536288976,1.0,1.0,-1.5023415333239862,0.4041527212394904,1,0.0,-0.013073263985237213,0.0,0.9498623114073678,0.631825,0.5211595181256249,False,False,False,True,False,3
-0.13876235509712578,0.5715811888625101,1.2412273896886385,1.0,1.0,-1.4760189455520143,0.4041527212394904,1,0.0,-0.013073263985237213,0.0,0.6854321659855787,0.86374,0.5211595181256249,False,False,False,True,False,3
2.551453909819059,0.49768754404763593,0.8295619944491808,1.0,1.0,-0.19030356396203435,1.3481893583274576,1,0.0,-1.6449050708254869,0.0,0.7271235791006994,0.0,-1.4191715978588444,True,False,False,False,False,3
1.6178060801741645,0.33846190841216234,0.6523994297852062,1.0,1.0,0.1539545202964809,-0.8177148508925309,1,0.0,-1.6449050708254869,0.0,0.8658197885911955,0.0,-1.4191715978588444,True,False,False,False,False,3
-0.3208514667264578,1.5894975024779918,1.3442990470738598,1.0,1.0,1.088341755265735,-0.5314800288714328,1,0.0,-0.7383670198442956,0.0,-0.7778289543766356,0.0,0.5211595181256249,False,False,False,True,False,3
-0.37021449399681444,1.5857561878050794,1.3651866040187925,1.0,1.0,1.088341755265735,-0.6008104894473878,1,0.0,-1.0898913321784016,0.0,-0.6844366141723456,0.0,0.5211595181256249,False,False,False,True,False,3
-0.049005693528700635,-1.024963207231954,0.5108149501269457,1.0,1.0,1.088341755265735,-1.628576169663382,1,0.0,-1.6449050708254869,0.0,0.21251673267434865,1.384186,-1.4191715978588444,False,False,False,True,False,3
-0.6753659910338002,-0.9674177139247953,0.6335489194769114,1.0,1.0,1.056573308647196,-2.025664650282701,1,0.0,-0.9424928605619424,0.0,-1.1880391100619079,1.690901,-1.4191715978588444,False,False,False,True,False,3
0.6922352120706161,0.6561734928280077,1.043190978236134,1.0,1.0,-0.17926572415330447,0.4041527212394904,1,0.0,0.2562573120701324,0.0,-1.1880391100619079,1.493716,0.5211595181256249,True,False,False,False,False,3
0.38797835311240386,0.581679522449571,0.981541025862348,1.0,1.0,-1.8560394809219762,0.4041527212394904,1,0.0,0.17904719012948567,0.0,-0.6173345352365938,0.696948,0.5211595181256249,True,False,False,False,False,3
0.19336714549888176,0.9152246936043638,1.1014799946087213,1.0,1.0,-0.7983401672748861,0.4041527212394904,1,0.0,0.21745724719889192,0.0,0.13022281738630254,0.0,0.5211595181256249,False,False,False,True,False,3
0.15566451823374178,0.6815908483852481,1.0595378765017203,1.0,1.0,-1.6040443991379902,0.4041527212394904,1,0.0,0.11011861460855343,0.0,0.6390429135464066,0.000436,0.5211595181256249,False,False,False,True,False,3
1.0847026605544965,0.2637320958480409,0.9214696509674786,1.0,1.0,-1.169385432698544,1.5797635613352523,1,0.0,-0.05873844526785477,0.0,-0.40138562126711486,0.0,-1.4191715978588444,True,False,False,False,False,3
2.597769398813677,0.36634488681974864,0.8899486265616253,1.0,1.0,-0.2129899590882584,0.6215314645562152,1,0.0,-1.6096411854796693,0.0,-0.11914131616571362,0.0,-1.4191715978588444,True,False,False,False,False,3
1.4565073739610723,-0.020200455518088353,0.6589893176635653,1.0,1.0,0.294878060624328,-0.341930403099771,1,0.0,-1.6449050708254869,0.0,1.143099318316841,0.0,-1.4191715978588444,False,False,False,True,False,3
0.9443827129120036,0.016344363163748887,0.628159720504737,1.0,1.0,0.6287034005015094,-0.6559017803495258,1,0.0,-0.7608879306104979,0.0,-0.7662225278113329,1.0739,-1.4191715978588444,False,False,False,True,False,3
1.047440732385243,2.1991602725732613,1.6143086240139384,1.0,1.0,0.4024201909807302,0.4041527212394904,1,0.0,-0.6343034736902861,0.0,0.9848462212673228,0.424612,0.5211595181256249,False,False,False,True,False,3
0.8065435102874496,2.2438202064625337,1.6555150528369464,1.0,1.0,-0.4092450738544339,0.4041527212394904,1,0.0,-1.1623773010382454,0.0,0.056539059677906574,0.0,0.5211595181256249,False,False,False,True,False,3
0.9785307457528116,0.8830322352583501,1.3006745132838733,1.0,1.0,0.1499904895708747,0.4041527212394904,1,0.0,0.05375351216848449,0.0,-0.20174097318698964,0.489854,0.5211595181256249,True,False,False,False,False,3
0.9926504547684418,0.8815850218461917,1.2970622880650318,1.0,1.0,-0.6784806919180768,0.4041527212394904,1,0.0,0.571266124062574,0.0,-1.0781861053124195,1.759954,0.5211595181256249,True,False,False,False,False,3
0.3827044647903865,1.7388606467120893,1.2838105626295837,1.0,1.0,-0.3208093467921988,0.4041527212394904,1,0.0,1.3185259678735093,0.0,-0.3499234079158136,0.0,0.5211595181256249,False,False,False,True,False,3
0.3732034273079326,1.1854462379027129,1.2102974296021558,1.0,1.0,-0.3360978414763535,0.4041527212394904,1,0.0,1.1035304954904996,0.0,-0.036444056975752745,0.0,0.5211595181256249,False,False,False,True,False,3
2.0086158632819933,0.5196315874156987,1.2075824367357915,1.0,1.0,-0.6111146499082475,0.4041527212394904,1,0.0,0.11372659473347789,0.0,-0.48406288965144145,0.0,0.5211595181256249,True,False,False,False,False,3
0.7112781100204428,1.2185499046934176,1.2913401499744057,1.0,1.0,1.02708286834356,0.4041527212394904,1,0.0,0.8518547077533342,0.0,0.040933296056008615,0.947866,0.5211595181256249,True,False,False,False,False,3
0.24764090990494605,0.7010907091016643,1.052019287833902,1.0,1.0,-0.3621431719007876,0.4041527212394904,1,0.0,0.23876081143719144,0.0,0.30170629997647136,0.390178,0.5211595181256249,False,False,False,True,False,3
0.1850307452193982,0.6516067305051962,1.1054267629197443,1.0,1.0,-0.45098354482159203,0.4041527212394904,1,0.0,0.2574909769161036,0.0,0.4825748778470535,1.875683,0.5211595181256249,False,False,False,True,False,3
0.8779969737833712,0.8294317385117433,0.9873012010442769,1.0,1.0,-0.6618415043449041,0.4041527212394904,1,0.0,0.11469427099493391,0.0,-1.1880391100619079,0.677354,0.5211595181256249,True,False,False,False,False,3
0.4169059300323053,0.8474629456173017,1.0071375441586865,1.0,1.0,-0.2918659277418135,0.4041527212394904,1,0.0,0.13788586463374772,0.0,-1.1880391100619079,1.836853,0.5211595181256249,True,False,False,False,False,3
0.3433427535898744,1.831417984494132,1.310383098940406,1.0,1.0,0.04588784901230459,0.4041527212394904,1,0.0,1.5200196638867225,0.0,0.23265100173727815,0.738935,0.5211595181256249,False,False,False,True,False,3
0.5116587575311347,1.0671499415829477,1.2398076437988061,1.0,1.0,0.6106235987374147,0.4041527212394904,1,0.0,0.7683098147385344,0.0,-0.38313048793380594,0.677909,0.5211595181256249,False,False,False,True,False,3
-0.2212512644082823,1.8783827397435098,1.3248736649428934,1.0,1.0,0.3954550368040742,0.1551318071768593,1,0.0,-0.061199247632569974,0.0,0.34571547061542324,0.0,0.5211595181256249,False,False,False,True,False,3
-0.01749208296566265,0.7922437138689449,1.2985832752490847,1.0,1.0,-0.5717497266392673,0.4041527212394904,1,0.0,0.5026981833709538,0.0,0.9335227676257182,0.357314,0.5211595181256249,False,False,False,True,False,3
1.162773072814513,0.6862219313041549,1.2792409560434028,1.0,1.0,0.7543721666334156,0.4041527212394904,1,0.0,0.26968891967223435,0.0,0.10143370541348184,0.232858,0.5211595181256249,True,False,False,False,False,3
0.9346725167384763,0.6227803833548688,1.214296059730437,1.0,1.0,-0.19954110437222533,0.4041527212394904,1,0.0,0.3264587164003997,0.0,0.07810796302752977,1.035711,0.5211595181256249,True,False,False,False,False,3
1.1087215493688207,1.3064332791591553,1.5228156328946028,1.0,1.0,0.973693968698452,0.4041527212394904,1,1.0,-0.8632674263398484,0.0,-0.07471233860844236,1.360463,0.5211595181256249,False,False,False,True,False,3
0.9874344121432017,1.7928899474326694,1.4694769377298806,1.0,1.0,-0.6901910681306304,0.4041527212394904,1,1.0,-0.8042130650821065,0.0,-0.18872107907037045,0.261901,0.5211595181256249,False,False,False,True,False,3
0.12798480066367324,0.7486129095172058,1.0166545313342286,1.0,1.0,-1.8008334216342214,0.4041527212394904,1,0.0,0.0199696982714713,0.0,0.6425413045324021,0.00133,0.5211595181256249,False,False,False,True,False,3
0.18857919255333672,0.7559025770747447,1.0506638154628074,1.0,1.0,-0.42287939125564517,0.4041527212394904,1,0.0,0.1337638574896692,0.0,0.4123942148436259,0.857438,0.5211595181256249,False,False,False,True,False,3
0.18379202769630387,1.6786351285676016,1.1834466420390921,1.0,1.0,-0.7314949194719186,0.4041527212394904,1,0.0,0.8524960176534229,0.0,0.3554509929593078,0.066805,0.5211595181256249,False,False,False,True,False,3
0.12418905115468254,1.3820206996712208,1.2158922045406784,1.0,1.0,-1.8048723867780812,0.4041527212394904,1,0.0,0.5797826542624731,0.0,0.15802767616407173,0.101026,0.5211595181256249,False,False,False,True,False,3
2.2399124335094216,0.6877870658091556,1.2200583353541548,1.0,1.0,-0.45175536932960203,0.3882782839758312,1,0.0,-0.4290353507078509,0.0,-0.41598478902884056,0.0,0.5211595181256249,True,False,False,False,False,3
2.2696255770580414,0.7354057471188428,1.1726507531431205,1.0,1.0,-0.3122162423789875,0.2021200386302732,1,0.0,-0.20990318469450134,0.0,-0.10690341532831699,0.0,0.5211595181256249,True,False,False,False,False,3
0.22144059208952346,-0.3021605086039453,0.6538149366016099,1.0,1.0,0.4681639028353723,-1.9943413052933048,1,0.0,-1.1889010952266268,0.0,-1.0558293290348577,1.135503,-1.4191715978588444,False,False,False,True,False,3
1.252591520522276,0.01788805747005036,0.614863503893217,1.0,1.0,0.5712062213756564,-0.9789236952034399,1,0.0,-1.6449050708254869,0.0,0.7193836095310113,0.069367,-1.4191715978588444,False,False,False,True,False,3
-0.13279762838552664,1.51398512266137,1.3197066927119747,1.0,1.0,1.088341755265735,0.02064776055277815,1,0.0,1.1920100478891842,0.0,-0.021219294590648908,0.0,0.5211595181256249,False,False,False,True,False,3
0.015163625468903487,0.8347703479877042,1.2279555763917196,1.0,1.0,0.5943328562091201,0.3950289051348427,1,0.0,0.0612746249662117,0.0,-0.18266974461190563,0.428452,0.5211595181256249,False,False,False,True,False,3
0.020555096596904746,1.8405407890404042,1.345946366284047,1.0,1.0,0.5678491594379029,-0.03444224476163182,1,0.0,0.600017368667292,0.0,0.3400451373937524,0.0,0.5211595181256249,False,False,False,True,False,3
-0.22165114051924942,0.5812935988729963,1.2768815870668095,1.0,1.0,1.0350896109339387,0.1565742366075223,1,0.0,-0.07402870929794808,0.0,0.6744360469569923,0.504816,0.5211595181256249,False,False,False,True,False,3
-0.04809103800172306,-0.9007279758726654,0.5482267208142907,1.0,1.0,0.8467082301657417,-1.0942357720418916,1,0.0,-1.6178411403090411,0.0,-0.9103221344717951,0.974939,-1.4191715978588444,False,False,False,True,False,3
1.004671168841325,-0.6127646671511895,0.5124451602840167,1.0,1.0,1.0209944468604693,-0.7231303049904236,1,0.0,-1.6449050708254869,0.0,0.8100783669044195,0.620465,-1.4191715978588444,False,False,False,True,False,3
-0.6506693460991927,-0.0042167873882508426,0.6871193124658639,1.0,1.0,0.4396363698062935,-1.8257467594858192,1,0.0,-1.043645218772549,0.0,-0.9312677950575268,0.768071,-1.4191715978588444,False,False,False,True,False,3
0.17883432048528344,-0.4584702772164028,0.6859942012742257,1.0,1.0,0.8243796468866779,-1.729458809844293,1,0.0,-0.7792052426422797,0.0,-0.9828687681185246,1.261705,-1.4191715978588444,False,False,False,True,False,3
0.896754741309572,0.6179777788463751,0.9705691963241753,1.0,1.0,-1.5867495354051,0.4041527212394904,1,0.0,-0.0072590472574650695,0.0,-1.1880391100619079,0.340196,0.5211595181256249,True,False,False,False,False,3
0.9261148212048356,0.6078794452593118,0.9744018915511407,1.0,1.0,-1.9324725875404694,0.4041527212394904,1,0.0,0.015829740977517204,0.0,-1.1880391100619079,0.731257,0.5211595181256249,True,False,False,False,False,3
-0.010807989060348668,-0.8509652746931142,0.5116096809201296,1.0,1.0,0.9795538402058694,1.676231493258679,1,0.0,-1.6218391282357998,0.0,1.115247422349344,0.687342,-1.4191715978588444,False,False,False,True,False,3
0.03298608954911295,-0.8404488572314308,0.4199700025842333,1.0,1.0,1.0388269650443283,-0.04568985179271014,1,0.0,-1.6399067700011352,0.0,1.1416588043814313,0.157007,-1.4191715978588444,False,False,False,True,False,3
0.8526115394893129,2.328208828540394,1.657652042312881,1.0,1.0,-0.7075065388285406,0.4041527212394904,1,0.0,-1.4487376738298001,0.0,0.05309593738984104,0.0,0.5211595181256249,False,False,False,True,False,3
0.8817095011454993,2.2681012314887465,1.628650402358077,1.0,1.0,-0.7387092305892671,0.4041527212394904,1,0.0,-0.3388929616979956,0.0,0.21880560494093837,0.0,0.5211595181256249,False,False,False,True,False,3
2.0131156910675663,0.5180235725132994,1.2025125431053665,1.0,1.0,-0.5340558408973382,0.4041527212394904,1,0.0,0.0005704817517538537,0.0,-0.9504671999746187,0.200516,0.5211595181256249,True,False,False,False,False,3
2.3290001655488974,0.5180235725132994,1.2389950401554921,1.0,1.0,0.530936465006266,0.4041527212394904,1,0.0,-0.004597529580509086,0.0,-0.805493877514965,0.419055,0.5211595181256249,True,False,False,False,False,3
-0.26070407864077677,0.8931627291434587,1.0360319470127093,1.0,1.0,-1.2345540228930911,0.4041527212394904,1,0.0,-0.00731126587528401,0.0,0.09262011198825953,0.072264,0.5211595181256249,False,False,False,True,False,3
-0.22436894256158457,0.9739815581379937,1.129339108799965,1.0,1.0,-0.7913019520404332,0.4041527212394904,1,0.0,-0.013073263985237213,0.0,0.6940787773872676,0.739684,0.5211595181256249,False,False,False,True,False,3
0.050774981058713815,1.373026536317142,1.3135189057716952,1.0,1.0,0.4216015286931504,0.4041527212394904,1,0.0,1.1953389847751383,0.0,1.163820376321623,0.500936,0.5211595181256249,False,False,False,True,False,3
0.09579406445116216,1.015596983812062,1.3138223623254022,1.0,1.0,0.10649855321658676,0.4041527212394904,1,0.0,1.5361160528293947,0.0,1.0072323957884644,0.100048,0.5211595181256249,False,False,False,True,False,3
1.1776004853138808,0.5180235725132994,1.2760734516360277,1.0,1.0,0.978988085348056,0.4041527212394904,1,0.0,0.506067916052079,0.0,-0.5028413117204708,1.588046,0.5211595181256249,True,False,False,False,False,3
1.1530305650119959,0.6508348833520443,1.2206497815720325,1.0,1.0,1.0854211863143082,0.4041527212394904,1,0.0,0.7423277887100236,0.0,-0.535814381719568,1.99219,0.5211595181256249,True,False,False,False,False,3
-0.2106421744780165,1.3297280550452308,1.3233110508215713,1.0,1.0,-0.04076256553504355,0.2664919873398585,1,0.0,-0.039226632353465914,0.0,0.998798627670293,0.0026,0.5211595181256249,False,False,False,True,False,3
-0.21045791938392078,1.4796057640480962,1.2925543198978893,1.0,1.0,-0.06807428762796035,0.3256058822424816,1,0.0,-0.014251446549775693,0.0,0.7948477248705996,0.630866,0.5211595181256249,False,False,False,True,False,3
2.625975086656626,0.5116451134004542,0.8906912282085958,1.0,1.0,-0.454713405490156,0.38697341243204936,1,0.0,-1.6193310027486865,0.0,-0.08100709052374794,0.0,-1.4191715978588444,True,False,False,False,False,3
2.6302296612972773,0.5180235725132994,1.115942529260791,1.0,1.0,-0.7850187010698834,0.02043178181449714,1,0.0,-1.4121340545705663,0.0,-0.5833466378691222,0.0,-1.4191715978588444,True,False,False,False,False,3
-0.40840211093221307,1.59001206724676,1.3570237907594207,1.0,1.0,1.088341755265735,-0.8625741490686026,1,0.0,-1.1671275634279574,0.0,-1.016721433565529,0.0,0.5211595181256249,False,False,False,True,False,3
-0.4362930362234855,1.5898191054584712,1.3757455630809867,1.0,1.0,1.088341755265735,-0.9178698484194707,1,0.0,-1.3523926921221447,0.0,-0.9777170199136014,0.0,0.5211595181256249,False,False,False,True,False,3
-0.04922289072259588,-1.0048844611506744,0.5358868926339919,1.0,1.0,0.8593103259555117,-1.7661803377029879,1,0.0,-1.6441495326989195,0.0,-0.9737270902949517,1.4312,-1.4191715978588444,False,False,False,True,False,3
-0.0428247153294199,-1.0554082893840269,0.49721157254620035,1.0,1.0,1.088341755265735,-1.8291304263855561,1,0.0,-1.6449050708254869,0.0,-0.14949206283749308,1.382995,-1.4191715978588444,False,False,False,True,False,3
0.8190684433902828,0.7395329853683325,0.9885465720757874,1.0,1.0,-0.21731367502148138,0.4041527212394904,1,0.0,0.09432901004556751,0.0,-1.1880391100619079,0.725222,0.5211595181256249,True,False,False,False,False,3
0.7776335865502163,0.6041917310831462,0.9856514376836447,1.0,1.0,-0.1799176535921097,0.4041527212394904,1,0.0,0.24077122822321848,0.0,-1.1880391100619079,1.251554,0.5211595181256249,True,False,False,False,False,3
0.1621569490129473,0.9146350881401496,1.086092730911666,1.0,1.0,-0.785899180484361,0.4041527212394904,1,0.0,0.16954176985464164,0.0,0.5206361958449414,0.849503,0.5211595181256249,False,False,False,True,False,3
0.15786407327061422,0.752118382004436,1.081537980177409,1.0,1.0,-1.5621204654856555,0.4041527212394904,1,0.0,0.1531141190551804,0.0,0.6275505521661935,7.3e-05,0.5211595181256249,False,False,False,True,False,3
2.530337550994273,0.22210595007462672,0.8693143065167214,1.0,1.0,-0.256800366720123,1.394542509443307,1,0.0,-1.6449050708254869,0.0,0.3765577559198568,0.0,-1.4191715978588444,True,False,False,False,False,3
1.4874373261721552,-0.003112617155271102,0.7805759875186323,1.0,1.0,0.2671317189055405,0.24662965694436625,1,0.0,-1.6449050708254869,0.0,1.140773329284808,0.0,-1.4191715978588444,True,False,False,False,False,3
1.3483770592071744,-0.0456285311746796,0.6275190093794486,1.0,1.0,0.33940409195051213,-0.6562604593255997,1,0.0,-1.6449050708254869,0.0,1.1468117285160975,0.0,-1.4191715978588444,False,False,False,True,False,3
0.9599871806841609,-0.05694895608756499,0.6198184078831672,1.0,1.0,0.698045837792772,-0.7113646061050164,1,0.0,-1.2294586429538346,0.0,-0.4204674332098876,1.040713,-1.4191715978588444,False,False,False,True,False,3
0.8471775115816653,2.224641948726597,1.6457180194861805,1.0,1.0,-0.6188890958020405,0.4041527212394904,1,0.0,-0.7960016874300863,0.0,0.996075174385061,0.0,0.5211595181256249,False,False,False,True,False,3
0.7376838037020814,2.223644979487111,1.6531930335343434,1.0,1.0,-0.3988835171704417,0.4041527212394904,1,0.0,-0.8553334600949909,0.0,0.12096942623712664,0.0,0.5211595181256249,False,False,False,True,False,3
0.9713424328175476,1.0686936358892516,1.3178629630996088,1.0,1.0,-0.16967786533777884,0.4041527212394904,1,0.0,-0.011102011162574033,0.0,-0.24672263772356112,0.176678,0.5211595181256249,True,False,False,False,False,3
0.9516824615628581,1.7003647699486766,1.4181913289390933,1.0,1.0,-0.7798032655594448,0.4041527212394904,1,0.0,0.46490006322911276,0.0,0.027908698220416518,0.0,0.5211595181256249,True,False,False,False,False,3
0.37383043052804577,1.263445680768375,1.2123990934661875,1.0,1.0,-0.8305881941702471,0.4041527212394904,1,0.0,0.5710719360775605,0.0,-0.3599070514355117,0.010721,0.5211595181256249,False,False,False,True,False,3
0.3617134120390015,0.9808531418209101,1.20599820715897,1.0,1.0,-0.7811296047625302,0.4041527212394904,1,0.0,0.5390945599907183,0.0,-0.13256925790322047,0.081156,0.5211595181256249,False,False,False,True,False,3
1.3967366921841067,0.5196315874156987,1.2111348566484281,1.0,1.0,-0.3755039786753731,0.4041527212394904,1,0.0,0.1571871712450541,0.0,-0.28726869526881316,0.262118,0.5211595181256249,True,False,False,False,False,3
1.2574046923002038,0.5711523848885368,1.2798470671639515,1.0,1.0,1.02708286834356,0.4041527212394904,1,0.0,0.8518547077533342,0.0,-0.06465343558518005,1.339232,0.5211595181256249,True,False,False,False,False,3
0.27386219087478586,0.7658186689728679,1.0885351628135438,1.0,1.0,-0.05032607066463673,0.4041527212394904,1,0.0,0.25564047964714687,0.0,0.08188740122214816,1.073026,0.5211595181256249,False,False,False,True,False,3
0.24173497459633833,0.761702150822729,1.1167517721972426,1.0,1.0,-0.07096113609117356,0.4041527212394904,1,0.0,0.26470530533414405,0.0,0.23606825357099326,1.89933,0.5211595181256249,False,False,False,True,False,3
0.836555181764399,0.9246691011311151,0.9910384216444783,1.0,1.0,-0.769572844107396,0.4041527212394904,1,0.0,0.05242356924591003,0.0,-1.1880391100619079,0.474216,0.5211595181256249,True,False,False,False,False,3
0.4927848257582718,0.896196517259317,0.9988455728242286,1.0,1.0,-0.49430687873480955,0.4041527212394904,1,0.0,0.06701540926267519,0.0,-1.1880391100619079,1.74992,0.5211595181256249,True,False,False,False,False,3
0.6589676317153669,1.2424021257456572,1.3072287318416735,1.0,1.0,1.0307040741056572,0.4041527212394904,1,0.0,1.3054207266327746,0.0,-0.0331185276620065,1.191998,0.5211595181256249,False,False,False,True,False,3
0.4983312350877241,1.5194952537269226,1.292128694011775,1.0,1.0,0.648220069735614,0.4041527212394904,1,0.0,1.4020610698974683,0.0,-0.3569190139580614,0.677909,0.5211595181256249,False,False,False,True,False,3
0.11406305948224697,1.8528796233914746,1.3236186318791545,1.0,1.0,0.3954550368040742,0.4041527212394904,1,0.0,1.553628871780404,0.0,0.4070719568259399,0.0,0.5211595181256249,False,False,False,True,False,3
0.08082605696126115,1.0147072155660677,1.3105050773235596,1.0,1.0,-0.41790749260453014,0.4041527212394904,1,0.0,0.8271112420662158,0.0,0.7695570038837745,0.127673,0.5211595181256249,False,False,False,True,False,3
0.9742895686168629,0.5847133105654293,1.2423564726247498,1.0,1.0,0.37644042817226786,0.4041527212394904,1,0.0,0.3047194530696738,0.0,0.07835020455462745,1.090995,0.5211595181256249,True,False,False,False,False,3
0.9921949396085304,0.5944793210726601,1.2212927077086617,1.0,1.0,0.9349378875777803,0.4041527212394904,1,0.0,0.37932190778298985,0.0,0.07755292418874349,1.480875,0.5211595181256249,True,False,False,False,False,3
1.0846813821646735,2.0092322724013285,1.625791128235747,1.0,1.0,0.8813073244338044,0.4041527212394904,1,1.0,-1.1883658543939835,0.0,-0.08099062750734318,0.008343,0.5211595181256249,False,False,False,True,False,3
1.1113419436710785,1.7971779871723998,1.562780356911768,1.0,1.0,0.9754287004810184,0.4041527212394904,1,1.0,-1.0833558457920063,0.0,-0.1021526591658222,1.432336,0.5211595181256249,False,False,False,True,False,3
0.11264213589518789,0.5947151632583472,0.9782236262909535,1.0,1.0,-2.1633736305861158,0.4041527212394904,1,0.0,-0.013073263985237213,0.0,0.37998676705100387,0.002168,0.5211595181256249,False,False,False,True,False,3
0.11757746139246868,0.6732934914888726,1.0176942500196893,1.0,1.0,-1.688143296743809,0.4041527212394904,1,0.0,0.050499639545645306,0.0,0.6819890436975131,0.00164,0.5211595181256249,False,False,False,True,False,3
0.016542307511721366,0.7836140338927416,1.1767407333942896,1.0,1.0,-0.34717689521512274,0.39596866976391104,1,0.0,0.033218540711206904,0.0,-0.17302594478798997,0.449886,0.5211595181256249,False,False,False,True,False,3
0.042493746975067394,0.7317073128433264,1.1885692376634907,1.0,1.0,-1.7668356760726431,0.40331194686546773,1,0.0,0.018633228021668568,0.0,0.043015867631201195,0.460866,0.5211595181256249,False,False,False,True,False,3
2.4893422899261752,0.6271005833926471,1.1863672490616552,1.0,1.0,-0.7234169891841992,0.3735698747813439,1,0.0,-0.46001730939252017,0.0,-0.6261152026290069,0.0,0.5211595181256249,True,False,False,False,False,3
2.5000675441031035,0.65769574693561,1.1605302110855726,1.0,1.0,-0.6976245624213699,0.2010748558075202,1,0.0,-0.4502866963283315,0.0,-0.5009762871477687,0.0,0.5211595181256249,True,False,False,False,False,3
0.4530363207160905,-0.2375826301236317,0.6219883170104095,1.0,1.0,0.46494172285047475,-2.041690786898248,1,0.0,-1.2761796194154775,0.0,-0.9446757459893993,1.003011,-1.4191715978588444,False,False,False,True,False,3
0.9633230017375732,-0.02490657913244137,0.5190309236584997,1.0,1.0,0.7510132313352055,-0.9860432800403485,1,0.0,-1.6449050708254869,0.0,0.45005454079908525,0.553311,-1.4191715978588444,False,False,False,True,False,3
-0.18460152339511704,1.5826044785963786,1.3394200645071122,1.0,1.0,1.088341755265735,-0.22561171107040195,1,0.0,-0.5134549055711176,0.0,-0.28291540335951726,0.0,0.5211595181256249,False,False,False,True,False,3
-0.0211147682374277,1.7766704371171471,1.3403970372678633,1.0,1.0,1.0029483655845883,-0.035878246253655766,1,0.0,0.15777299886370977,0.0,-0.16491438141945308,0.0,0.5211595181256249,False,False,False,True,False,3
-0.2333522058916829,1.7737760102928304,1.346185549319016,1.0,1.0,0.7628472493378778,-0.10365700244207904,1,0.0,-0.2706203825634132,0.0,0.3227930721313862,0.0,0.5211595181256249,False,False,False,True,False,3
-0.1937088318569967,1.5745215236869887,1.3303458504606511,1.0,1.0,1.088341755265735,-0.15177783668374095,1,0.0,0.004914418021562504,0.0,-0.11032537088100498,0.0,0.5211595181256249,False,False,False,True,False,3
-0.036666434079283904,-0.8776261617748783,0.4566345888425228,1.0,1.0,1.010428693886737,-0.3230438337897272,1,0.0,-1.6449050708254869,0.0,1.081544099979725,0.754023,-1.4191715978588444,False,False,False,True,False,3
0.4153519771044283,-0.5774955402919213,0.49670357115211433,1.0,1.0,0.9668674431955642,-1.079598070172437,1,0.0,-1.6449050708254869,0.0,0.09359613367510856,0.715993,-1.4191715978588444,False,False,False,True,False,3
-0.6638186029211984,-0.8849372695311164,0.6766345180937401,1.0,1.0,0.846481553550525,-1.3602457279282398,1,0.0,-1.0317801697050135,0.0,-0.9408810207081194,1.163117,-1.4191715978588444,False,False,False,True,False,3
-0.24008295463690454,-0.6411407701288444,0.6753494678073462,1.0,1.0,0.8444920447458963,-1.435297053893188,1,0.0,-0.7740258084873688,0.0,-0.9905499412010532,1.368262,-1.4191715978588444,False,False,False,True,False,3
0.6449294110518728,0.9187301660915915,0.9771894069439947,1.0,1.0,-1.0130984632682887,0.4041527212394904,1,0.0,0.02434953484103038,0.0,-1.1880391100619079,0.325445,0.5211595181256249,True,False,False,False,False,3
0.89696421523605,0.6075900025768801,0.9708258321209171,1.0,1.0,-1.2518432665446124,0.4041527212394904,1,0.0,-0.008388274867799108,0.0,-1.1880391100619079,0.114457,0.5211595181256249,True,False,False,False,False,3
0.12980071421292533,0.6696057773127071,1.012170737342583,1.0,1.0,-2.3420510041904947,0.4041527212394904,1,0.0,0.0084750750240885,0.0,0.2774315822877638,0.00159,0.5211595181256249,False,False,False,True,False,3
0.13032873351593627,0.7022591999307394,0.9791867743257494,1.0,1.0,-1.8272178303012527,0.4041527212394904,1,0.0,-0.00949302500103002,0.0,0.441977079393101,0.001337,0.5211595181256249,False,False,False,True,False,3
1.171291994393366,-0.2557531985207318,0.589498492471856,1.0,1.0,0.762444476839766,-0.4036360428617668,1,0.0,-1.6449050708254869,0.0,1.1596893351337902,0.0,-1.4191715978588444,False,False,False,True,False,3
1.0219399219330336,-0.35590036664209607,0.5330510670799951,1.0,1.0,1.0046025428675327,-0.395211586481077,1,0.0,-1.6449050708254869,0.0,0.8560407568468128,0.394533,-1.4191715978588444,False,False,False,True,False,3
0.6431607828133387,-0.17383019929321702,0.49471376536079925,1.0,1.0,0.6660151207103459,-0.4943072597202573,1,0.0,-1.6449050708254869,0.0,0.7190049601537036,0.138314,-1.4191715978588444,False,False,False,True,False,3
0.5717140968786197,-0.07541968726644521,0.5011757554291453,1.0,1.0,0.6612661519535352,-0.2972228042755867,1,0.0,-1.6449050708254869,0.0,-0.1784399253256448,0.051268,-1.4191715978588444,False,False,False,True,False,3
1.0594261400927905,1.9771255748501118,1.6331283533025647,1.0,1.0,0.1509608902872566,0.4041527212394904,1,1.0,-1.4403745358197437,0.0,-0.07652679820218733,1.022505,0.5211595181256249,False,False,False,True,False,3
1.0043001367698954,2.2868399651513616,1.6566898490243531,1.0,1.0,-0.5815005678144944,0.4041527212394904,1,1.0,-1.6206299408669314,0.0,-0.026783794135432425,0.047473,0.5211595181256249,False,False,False,True,False,3
0.9134916922734118,1.503286463510749,1.4315335261308628,1.0,1.0,0.09086723356892212,0.4041527212394904,1,0.0,1.0644089597533108,0.0,-0.018668702977665996,0.310394,0.5211595181256249,False,False,False,True,False,3
1.1088243161107803,1.7843567483506115,1.3972198307023098,1.0,1.0,0.31266187143632196,0.4041527212394904,1,0.0,0.4805656485747796,0.0,-0.4849942260080493,0.111925,0.5211595181256249,False,False,False,True,False,3
1.174125645446959,0.5361191002149533,1.245724282799076,1.0,1.0,-0.5047452431975115,0.4041527212394904,1,0.0,0.20538985098730786,0.0,-0.7253672007436213,0.345887,0.5211595181256249,True,False,False,False,False,3
1.0504167122240957,0.5751938623432318,1.2087746093052687,1.0,1.0,0.9733473970140297,0.4041527212394904,1,0.0,0.08547305882984536,0.0,-0.7511718030282215,1.333559,0.5211595181256249,True,False,False,False,False,3
2.0925370446547804,0.5632302314693877,1.1957678335722468,1.0,1.0,0.21751764057994805,0.29606179066844845,1,0.0,-0.18865836640124795,0.0,-0.372259017457998,0.06741,0.5211595181256249,True,False,False,False,False,3
2.1570474483603594,0.6328358365445336,1.2252172495265745,1.0,1.0,0.36002042377248633,0.3939747231979945,1,0.0,-0.3453533838212762,0.0,-0.4331463077009812,0.20281,0.5211595181256249,True,False,False,False,False,3
-0.4189163150056386,0.581679522449571,1.1352278310193689,1.0,1.0,-1.159462242361334,0.4041527212394904,1,0.0,-0.013073263985237213,0.0,0.7987235893041597,0.764452,0.5211595181256249,False,False,False,True,False,3
-0.2337229227277073,0.6802937163639798,1.148897658940342,1.0,1.0,-1.7540668512022592,0.4041527212394904,1,0.0,-0.013073263985237213,0.0,0.12018743295790395,0.690353,0.5211595181256249,False,False,False,True,False,3
0.11073795643259712,0.9279494515320066,1.0997325416099843,1.0,1.0,-1.2802153106558152,0.4041527212394904,1,0.0,0.05470650194367906,0.0,0.4493325199367656,0.39174,0.5211595181256249,False,False,False,True,False,3
-0.07877810133341959,0.7015623934730336,1.1295905889668614,1.0,1.0,-1.4300466799535383,0.4041527212394904,1,0.0,-0.013073263985237213,0.0,-0.03983191056588825,0.690082,0.5211595181256249,False,False,False,True,False,3
-0.05310375379087808,1.4832505978268655,1.3133272309110036,1.0,1.0,0.3356386374332778,0.21047507327365836,1,0.0,-0.003009757232453339,0.0,0.5993858588870077,0.295685,0.5211595181256249,False,False,False,True,False,3
-0.025780567463619248,1.3209697338768367,1.3068435871973076,1.0,1.0,-0.3632334676863751,0.4041527212394904,1,0.0,0.5710866225638219,0.0,1.097666096758884,0.682128,0.5211595181256249,False,False,False,True,False,3
0.11826719645813372,1.358382880605969,1.3141970811405257,1.0,1.0,1.088341755265735,0.4041527212394904,1,0.0,1.6187585428550124,0.0,0.7938364252914546,0.264969,0.5211595181256249,False,False,False,True,False,3
0.13042456507899022,1.3705823536654955,1.314132731242087,1.0,1.0,1.088341755265735,0.4041527212394904,1,0.0,1.6187585428550124,0.0,0.5380646505687865,0.343635,0.5211595181256249,False,False,False,True,False,3
1.0103611678976563,0.8323904859321555,1.304779082058012,1.0,1.0,0.188364405158453,0.4041527212394904,1,0.0,0.36085283539317164,0.0,-0.7756205583189215,1.140348,0.5211595181256249,True,False,False,False,False,3
1.0408798955231993,0.8518367461518246,1.3064166246664184,1.0,1.0,-0.5754140196918602,0.4041527212394904,1,0.0,0.5700993643206832,0.0,-0.6875387168348854,1.416353,0.5211595181256249,True,False,False,False,False,3
1.0556764149528979,0.6698844998957879,1.2521291408507664,1.0,1.0,1.0339824549042442,0.4041527212394904,1,0.0,1.3394884792641786,0.0,-0.6530569289752732,1.915818,0.5211595181256249,True,False,False,False,False,3
0.9918667795521517,0.569437168992646,1.2304723639329214,1.0,1.0,0.9151345941938562,0.4041527212394904,1,0.0,0.4511730940699728,0.0,-0.4264693786191384,1.668318,0.5211595181256249,True,False,False,False,False,3
0.048775442886175635,0.5878006991780347,1.1755851085119375,1.0,1.0,-1.8128622691243526,0.4041527212394904,1,0.0,-0.013073263985237213,0.0,0.4401614438696129,0.631217,0.5211595181256249,False,False,False,True,False,3
-0.08933249792095532,0.5906200853069052,1.1739737641411148,1.0,1.0,-1.6514385453228253,0.4041527212394904,1,0.0,-0.013073263985237213,0.0,0.7309747490096525,0.631422,0.5211595181256249,False,False,False,True,False,3
-0.1552162246674707,0.5656100935249389,1.2547332303906815,1.0,1.0,-0.9846664716224827,0.4041527212394904,1,0.0,-0.013073263985237213,0.0,1.0666685887283491,0.93648,0.5211595181256249,False,False,False,True,False,3
-0.14208588196975178,0.5731463233675108,1.245251263308236,1.0,1.0,-0.7703221882899303,0.34558905788439276,1,0.0,-0.06399294368588038,0.0,0.67863881985916,0.838947,0.5211595181256249,False,False,False,True,False,3
2.4451221706671493,0.054282794760997545,0.8182765498570135,1.0,1.0,0.128770935681961,1.3760261893988877,1,0.0,-1.6449050708254869,0.0,1.0000897985283177,0.0,-1.4191715978588444,True,False,False,False,False,3
1.9745023487180093,0.44137486216565014,0.757495072878124,1.0,1.0,0.22993989376590962,0.2789866144669647,1,0.0,-1.6449050708254869,0.0,0.7745417700651642,0.0,-1.4191715978588444,True,False,False,False,False,3
1.4936958522810122,-0.22059127265495754,0.6086336699273103,1.0,1.0,0.7394752042846349,-0.4022900325106939,1,0.0,-1.6449050708254869,0.0,1.139543306773429,0.0,-1.4191715978588444,False,False,False,True,False,3
1.5524394971091944,0.04293020955006445,0.6294339630633807,1.0,1.0,0.26909687402423665,-0.7516960643035523,1,0.0,-0.8966367549579246,0.0,0.18527749610305463,0.412329,-1.4191715978588444,False,False,False,True,False,3
-0.27308242728038645,1.5847484984662428,1.3356854408167587,1.0,1.0,1.088341755265735,-0.530725388875177,1,0.0,-0.7309748217593094,0.0,-0.2510935685790049,0.0,0.5211595181256249,False,False,False,True,False,3
-0.23026037704157193,1.626192402550719,1.3424411490268822,1.0,1.0,0.9431769268647445,0.009334588547578754,1,0.0,-0.3238866364022927,0.0,-0.6252450146190448,0.0,0.5211595181256249,False,False,False,True,False,3
-0.166706870407212,1.5635548620526327,1.3548442195999497,1.0,1.0,1.088341755265735,-0.5207697975106012,1,0.0,-0.6795182693942158,0.0,-0.09115183641826323,0.0,0.5211595181256249,False,False,False,True,False,3
-0.31041165820856087,1.8080803282106581,1.3317631140101873,1.0,1.0,0.7812136752517921,-0.013134913760021022,1,0.0,-0.4835858561787139,0.0,-0.08581664317340218,0.0,0.5211595181256249,False,False,False,True,False,3
-0.04828285874553296,-1.0065139162517707,0.5421956650213069,1.0,1.0,0.8649603810918194,-1.5400750248895254,1,0.0,-1.6224184285272283,0.0,-0.010827603450063296,1.09838,-1.4191715978588444,False,False,False,True,False,3
-0.04908276858516976,-1.0568555027961852,0.5202735832106099,1.0,1.0,1.088341755265735,-2.140346789134499,1,0.0,-1.6449050708254869,0.0,-0.9139816278326077,1.707421,-1.4191715978588444,False,False,False,True,False,3
-0.6550490691955437,-0.8744208520694307,0.6418681201749226,1.0,1.0,0.6508015604444443,-1.8579365906037955,1,0.0,-0.9706027952665724,0.0,-0.993694377334348,0.862587,-1.4191715978588444,False,False,False,True,False,3
-0.1500982202531186,-0.9758544321127124,0.5368041364682394,1.0,1.0,1.083703314775848,-1.9686334074992167,1,0.0,-1.2564360863845176,0.0,0.13993834892455287,1.665621,-1.4191715978588444,False,False,False,True,False,3
0.7366479401619646,0.610409388705753,1.0278985781282313,1.0,1.0,-0.18516680959076207,0.4041527212394904,1,0.0,0.25582650847312655,0.0,-1.1880391100619079,1.465479,0.5211595181256249,True,False,False,False,False,3
0.8512252917967802,0.6601613697859534,1.0169864011368606,1.0,1.0,-0.4458336769271252,0.4041527212394904,1,0.0,0.12651362877187766,0.0,-1.1880391100619079,1.439004,0.5211595181256249,True,False,False,False,False,3
0.4857025895367171,0.6695843371140078,0.9828981022071721,1.0,1.0,-0.9262101319429864,0.4041527212394904,1,0.0,-0.0023113332191259197,0.0,-0.9801347314656036,0.511694,0.5211595181256249,True,False,False,False,False,3
0.09451610012017235,0.5819153646352557,0.9811548882818637,1.0,1.0,-1.9137783235466963,0.4041527212394904,1,0.0,0.017882585390522208,0.0,-0.4055295976821226,0.062167,0.5211595181256249,True,False,False,False,False,3
0.19137091729809386,0.8758712088930044,1.0983827977164955,1.0,1.0,-0.4264031822740125,0.4041527212394904,1,0.0,0.15453054906351787,0.0,0.3704676157798666,0.380979,0.5211595181256249,False,False,False,True,False,3
0.19080049883313915,0.9096502419427157,1.0673536203978793,1.0,1.0,-0.5973510706355502,0.4041527212394904,1,0.0,0.14959915334324653,0.0,0.3185209193743705,0.247332,0.5211595181256249,False,False,False,True,False,3
0.23796302536040914,0.6962559442951204,1.0540795157099179,1.0,1.0,-0.6439153181382279,0.4041527212394904,1,0.0,0.2232779912538909,0.0,0.5779180854952988,0.276319,0.5211595181256249,False,False,False,True,False,3
0.2469571643119719,0.6837991888512076,1.0524481216674755,1.0,1.0,-1.484964241731017,0.4041527212394904,1,0.0,0.1659337897297179,0.0,0.40296208237348463,0.076693,0.5211595181256249,False,False,False,True,False,3
0.9533924560161029,0.6094660199630118,0.9566330323843812,1.0,1.0,-2.165280711530666,0.6861425325831829,1,0.0,-0.04280197584225299,0.0,-0.620506017753982,0.0,0.5211595181256249,True,False,False,False,False,3
0.9675479442501763,0.6095625008571572,0.9686609258641166,1.0,1.0,-2.5311611221762065,1.2480137913968716,1,0.0,-0.03821979212864533,0.0,-1.124259032650673,0.0,0.5211595181256249,True,False,False,False,False,3
2.5615892009359356,0.49674417530489706,0.8849611084391723,1.0,1.0,-0.20287006590313317,0.6872147127482214,1,0.0,-1.634064812132647,0.0,0.1737345697438842,0.0,-1.4191715978588444,True,False,False,False,False,3
2.551692227785075,0.46414435318360936,0.9388447727734635,1.0,1.0,-0.2337655265490209,0.21253329922596792,1,0.0,-0.224738167650486,0.0,-0.10969507253865422,0.0,-1.4191715978588444,True,False,False,False,False,3
0.9462080835233988,-0.001193719371743297,0.6552414420950168,1.0,1.0,0.29495486840303764,-0.6408436912930594,1,0.0,-1.0230629241928728,0.0,1.0794768154911938,0.413663,-1.4191715978588444,False,False,False,True,False,3
1.4154961935050339,-0.05644511141814548,0.6364070097138692,1.0,1.0,0.4882369601250081,-0.3472450227667586,1,0.0,-1.6449050708254869,0.0,1.148881364864115,0.0,-1.4191715978588444,False,False,False,True,False,3
0.9971438202282168,-0.22714125335739452,0.5888300555149554,1.0,1.0,0.973480405606429,-0.7035418047809664,1,0.0,-1.2341485275666935,0.0,0.20168759566929564,0.778375,-1.4191715978588444,False,False,False,True,False,3
0.8635087545795501,0.017577174588919425,0.6112710610170403,1.0,1.0,0.441642738855029,-2.06760694990425,1,0.0,-1.0812589419202168,0.0,-0.8030185454055464,0.386861,-1.4191715978588444,False,False,False,True,False,3
1.0864695549983043,1.887323302600844,1.549565522872102,1.0,1.0,0.5850971891593849,0.4041527212394904,1,1.0,-0.8504901832922893,0.0,0.5593666178667055,1.150439,0.5211595181256249,False,False,False,True,False,3
1.0381677677181493,2.229369512539649,1.6202853738392196,1.0,1.0,-0.36802739709413834,0.4041527212394904,1,1.0,-0.6790091378704814,0.0,0.4488856666343527,0.917727,0.5211595181256249,False,False,False,True,False,3
0.844297993776676,2.2245347477331054,1.627209652050357,1.0,1.0,0.024938059029102642,0.4041527212394904,1,0.0,-1.0957512401967648,0.0,0.738274920855387,0.090341,0.5211595181256249,False,False,False,True,False,3
0.9903170823022386,2.2404433751674966,1.6286691917646243,1.0,1.0,0.14706804725899114,0.4041527212394904,1,0.0,-1.0532305988059285,0.0,0.15731388680995456,0.173232,0.5211595181256249,False,False,False,True,False,3
0.9839058246397647,0.8303643871551337,1.2990232605190637,1.0,1.0,0.4724520249199241,0.4041527212394904,1,0.0,0.2241428621115161,0.0,-0.15003534237884777,0.593917,0.5211595181256249,True,False,False,False,False,3
1.144114131587712,0.705464509636187,1.2821093193502007,1.0,1.0,0.29574167979469795,0.4041527212394904,1,0.0,0.1177784331098619,0.0,0.03807931456928225,0.376683,0.5211595181256249,True,False,False,False,False,3
0.9875291403823389,0.8820031057208142,1.2995052546248196,1.0,1.0,-0.14433129836355826,0.4041527212394904,1,0.0,0.4762771945864033,0.0,-0.5233542301607079,0.921991,0.5211595181256249,True,False,False,False,False,3
1.009561415675722,0.7017660753606707,1.2892261125987452,1.0,1.0,-0.5656088510633993,0.4041527212394904,1,0.0,0.30188332938938545,0.0,-0.020541959058570557,1.556052,0.5211595181256249,True,False,False,False,False,3
0.38173054500730985,1.227661989140341,1.261666865115242,1.0,1.0,-0.3222293540181008,0.4041527212394904,1,0.0,1.159247760703253,0.0,-0.2901050378093917,0.0,0.5211595181256249,False,False,False,True,False,3
0.37618886420892916,1.482200028090633,1.2744179597977894,1.0,1.0,-0.32669357198554866,0.4041527212394904,1,0.0,1.2854601599715048,0.0,-0.20086843331754134,0.0,0.5211595181256249,False,False,False,True,False,3
0.21223098973879187,1.5730957504735295,1.1856286955388597,1.0,1.0,-0.5441532537569876,0.4041527212394904,1,0.0,0.8550351479448661,0.0,-0.008235854296068794,0.026575,0.5211595181256249,False,False,False,True,False,3
0.3208396742194479,1.379029791952761,1.1904139984018256,1.0,1.0,-0.6560678074184777,0.4041527212394904,1,0.0,0.874383777678571,0.0,0.2442350856374603,0.038253,0.5211595181256249,False,False,False,True,False,3
2.1003350228628954,0.5189347809579906,1.2040544201377552,1.0,1.0,-0.6478437550151637,0.4041527212394904,1,0.0,0.026147813492168232,0.0,-1.0335560437690625,0.0,0.5211595181256249,True,False,False,False,False,3
2.120392505963015,0.663623961875785,1.19440789298862,1.0,1.0,-0.5131678718091964,0.26041501415024687,1,0.0,0.04914521914596773,0.0,-0.1857424490308657,0.0,0.5211595181256249,True,False,False,False,False,3
0.6214234102411301,1.2314140239126021,1.302772701871491,1.0,1.0,1.0845032396907035,0.4041527212394904,1,0.0,1.1550833259321966,0.0,-0.3179910357394412,0.972054,0.5211595181256249,True,False,False,False,False,3
0.5703919995909603,1.1123994809364344,1.25639093724026,1.0,1.0,0.922197163114242,0.4041527212394904,1,0.0,0.8057929913416548,0.0,-0.0747158663976719,0.785701,0.5211595181256249,True,False,False,False,False,3
0.1860290957463454,0.7337548518190473,1.0531944659198154,1.0,1.0,-0.48709256761746095,0.4041527212394904,1,0.0,0.17687032649916087,0.0,0.3777419171712509,0.052942,0.5211595181256249,False,False,False,True,False,3
0.1951159139069144,0.7617986317168721,1.056645186260023,1.0,1.0,-0.4566635737252011,0.4041527212394904,1,0.0,0.19608840968831837,0.0,0.3482848771042971,0.079334,0.5211595181256249,False,False,False,True,False,3
0.19384677616725862,0.659689685414584,1.0892536666647195,1.0,1.0,-0.37353507683576453,0.4041527212394904,1,0.0,0.25684477152059515,0.0,0.35836141907370744,0.688985,0.5211595181256249,False,False,False,True,False,3
0.22786903008155834,0.6954090564465246,1.1026323351639127,1.0,1.0,-0.40292435567475754,0.4041527212394904,1,0.0,0.24291219155379284,0.0,0.3282293953341615,1.220767,0.5211595181256249,False,False,False,True,False,3
0.8935180617909639,0.766526195529922,0.9838722871088218,1.0,1.0,-0.883379491829785,0.4041527212394904,1,0.0,0.05558279562395229,0.0,-1.1880391100619079,0.618087,0.5211595181256249,True,False,False,False,False,3
0.879329158603984,0.6255461689869948,0.9861815891911405,1.0,1.0,-0.29365124025670136,0.4041527212394904,1,0.0,0.17516506226101286,0.0,-1.1880391100619079,0.847587,0.5211595181256249,True,False,False,False,False,3
0.3886985083946303,0.840580641835037,1.014650175209795,1.0,1.0,-0.3744043160875043,0.4041527212394904,1,0.0,0.13758723941309553,0.0,-0.5460767205884024,1.74288,0.5211595181256249,True,False,False,False,False,3
0.640772401769001,0.699686376086902,1.0177396577521787,1.0,1.0,-0.19645567970064023,0.4041527212394904,1,0.0,0.23465349077937436,0.0,-1.1880391100619079,1.578517,0.5211595181256249,True,False,False,False,False,3
0.297380643484018,1.9665126764942829,1.316747628509751,1.0,1.0,0.007957919852876671,0.4041527212394904,1,0.0,1.459951935076933,0.0,0.2743083128898465,0.555591,0.5211595181256249,False,False,False,True,False,3
0.46555337293380444,1.357150069180796,1.309386229267437,1.0,1.0,0.40869032842808506,0.4041527212394904,1,0.0,1.5643320566014696,0.0,0.17556666828377693,0.758897,0.5211595181256249,False,False,False,True,False,3
0.5236736397490296,1.1207825986276045,1.2922494121298558,1.0,1.0,1.0396456235637472,0.4041527212394904,1,0.0,0.9102628636155679,0.0,-0.3763312621586711,1.339691,0.5211595181256249,False,False,False,True,False,3
0.40780208915987787,1.1925215034732637,1.2700182980472488,1.0,1.0,-0.1331979171715552,0.4041527212394904,1,0.0,1.1792458594960797,0.0,-0.3773872470680573,0.188693,0.5211595181256249,False,False,False,True,False,3
-0.24487516326041406,1.6942007128228167,1.3251295751324716,1.0,1.0,0.44030141276829243,-0.1433688073557854,1,0.0,-0.3643903336798745,0.0,0.18843016374455168,0.0,0.5211595181256249,False,False,False,True,False,3
-0.24298327797860958,1.7525502135811726,1.3344034457184217,1.0,1.0,0.5993946761621385,0.07053242115706881,1,0.0,-0.2993602043454836,0.0,0.09941463404442136,0.0,0.5211595181256249,False,False,False,True,False,3
-0.07658894906490502,0.8783153915446487,1.3112667357060328,1.0,1.0,0.32268434987771744,0.3481293792346512,1,0.0,0.49414901653491783,0.0,0.5584987817162298,0.281815,0.5211595181256249,False,False,False,True,False,3
-0.019911357079668967,0.9985734660453377,1.3111967718995399,1.0,1.0,0.36119127405769585,0.0818995878468386,1,0.0,0.5822989389086209,0.0,0.1545292851780763,0.063005,0.5211595181256249,False,False,False,True,False,3
1.0454418246835144,0.6214403709362043,1.276432130713855,1.0,1.0,0.6511219050824775,0.4041527212394904,1,0.0,0.2699141124615786,0.0,0.09295290010558284,1.198439,0.5211595181256249,True,False,False,False,False,3
1.1313954863286393,0.7701710293086914,1.2840822834173542,1.0,1.0,0.6708914779781878,0.4041527212394904,1,0.0,0.1613059147255185,0.0,-0.0991975477211813,0.2916,0.5211595181256249,True,False,False,False,False,3
1.143459702887383,0.5536893430484932,1.2098404116587615,1.0,1.0,-0.3488329458585236,0.4041527212394904,1,0.0,0.2258236488725617,0.0,-0.145204622993816,0.47787,0.5211595181256249,True,False,False,False,False,3
0.9664299618871136,0.6366736321115916,1.2138479782121077,1.0,1.0,0.2851834202627905,0.4041527212394904,1,0.0,0.3527246811633005,0.0,0.009243165406733594,1.152899,0.5211595181256249,True,False,False,False,False,3
1.0854596983790823,1.5776517926969924,1.4699962815096264,1.0,1.0,0.144524023759287,0.4041527212394904,1,1.0,-0.5644414903758411,0.0,-0.021080534880952337,0.217632,0.5211595181256249,False,False,False,True,False,3
1.0840345191140588,1.5129774333225334,1.5042168318923088,1.0,1.0,-0.5015136964103325,0.4041527212394904,1,1.0,-0.8433998740915684,0.0,-0.14905579290276894,0.527766,0.5211595181256249,False,False,False,True,False,3
0.9871201224446332,1.326844348320265,1.4652193804138156,1.0,1.0,-0.7532652413349946,0.4041527212394904,1,0.0,-0.2837615241038979,0.0,-0.25057733542174376,0.185499,0.5211595181256249,False,False,False,True,False,3
1.0071706703658487,1.7184602976503305,1.5211916858730474,1.0,1.0,0.9519367603585697,0.4041527212394904,1,0.0,-0.8146355748323951,0.0,-0.12643796022221854,1.015467,0.5211595181256249,False,False,False,True,False,3
0.11746902041322332,0.6679656021122602,1.011405069025786,1.0,1.0,-1.8854943273769411,0.4041527212394904,1,0.0,-0.009001843627170568,0.0,0.6849759052452202,0.001867,0.5211595181256249,False,False,False,True,False,3
0.13219177475820312,0.6415083969181353,1.0024506183511377,1.0,1.0,-2.1163878769807623,0.4041527212394904,1,0.0,-0.001082563868575206,0.0,0.4302953933242341,0.001518,0.5211595181256249,False,False,False,True,False,3
0.1299537610019474,0.7543481626690948,1.0495288130998364,1.0,1.0,-1.488716582725057,0.4041527212394904,1,0.0,0.1202783994379413,0.0,0.6216250421902502,0.356868,0.5211595181256249,False,False,False,True,False,3
0.16023417066147427,0.7519039800174482,1.0471188807609084,1.0,1.0,-1.668624754149248,0.4041527212394904,1,0.0,0.11641748538295676,0.0,0.6022304329357885,0.228598,0.5211595181256249,False,False,False,True,False,3
0.21342699286453787,1.038805998903343,1.1971461052842127,1.0,1.0,-0.7156256830462994,0.4041527212394904,1,0.0,0.7000209172858838,0.0,0.0070041951756965835,0.020044,0.5211595181256249,False,False,False,True,False,3
0.11035920109375033,0.9316693260062223,1.1939404874058337,1.0,1.0,-0.4270045309804963,0.39625407023949666,1,0.0,0.7129564480187057,0.0,0.053571013006090594,0.145284,0.5211595181256249,False,False,False,True,False,3
0.1159034037753691,1.088407898592653,1.2124096720548327,1.0,1.0,-1.850312618006958,0.4041527212394904,1,0.0,0.14841117978786672,0.0,0.11826361189804226,0.196952,0.5211595181256249,False,False,False,True,False,3
0.17556359554295856,1.4462984153697542,1.2141142760410781,1.0,1.0,-1.0810283867754744,0.4041527212394904,1,0.0,0.8081363018162774,0.0,0.25367309775631725,0.078207,0.5211595181256249,False,False,False,True,False,3
2.0323986407781356,0.6565379762058832,1.2150361408472614,1.0,1.0,-0.528686789829481,0.395261596513586,1,0.0,-0.19922284551873187,0.0,-0.4644918909355009,0.0,0.5211595181256249,True,False,False,False,False,3
2.174547426621476,0.5487152169504077,1.2455775192028142,1.0,1.0,0.15051503049864878,0.39102815612573094,1,0.0,-0.0787104347517724,0.0,-0.4729562332269953,0.64676,0.5211595181256249,True,False,False,False,False,3
2.258951863869796,0.7135045841481785,1.191760496158005,1.0,1.0,-0.3527557626540905,0.3017852272328973,1,0.0,-0.28854768679336046,0.0,-0.298710491670069,0.0,0.5211595181256249,True,False,False,False,False,3
2.175185620698459,0.6990646103246425,1.204845484705272,1.0,1.0,-0.33399405768388907,0.2904656272890583,1,0.0,-0.18298611904067152,0.0,-0.221206138226043,0.0,0.5211595181256249,True,False,False,False,False,3
0.08082526887274893,-1.052460262062963,0.5519275464867698,1.0,1.0,1.0811967584852706,-1.9946999842693787,1,0.0,-1.204039598898684,0.0,-1.1021198033756014,1.551934,-1.4191715978588444,False,False,False,True,False,3
0.3643714769721305,-0.12237372241647432,0.6337552210504233,1.0,1.0,0.43155281943720514,-2.012621077195797,1,0.0,-1.3947681004821721,0.0,-0.9329705413256684,0.619012,-1.4191715978588444,False,False,False,True,False,3
1.4831587936407389,0.12036148715021405,0.6373897109522265,1.0,1.0,0.20015158914971706,-0.8292632854519292,1,0.0,-1.6449050708254869,0.0,0.7761868957758896,0.023959,-1.4191715978588444,False,False,False,True,False,3
1.2930749969107085,-0.06370261867763662,0.6186299779190588,1.0,1.0,0.5949866590083811,-0.8612834189898276,1,0.0,-1.6449050708254869,0.0,1.1378534957324626,0.056351,-1.4191715978588444,False,False,False,True,False,3
-0.06787994053696807,1.3753206375778961,1.3158565829130875,1.0,1.0,0.49698742681655195,0.032923837766147226,1,0.0,1.1819677549498893,0.0,0.1713638953816096,0.442456,0.5211595181256249,False,False,False,True,False,3
-0.15650884744478286,1.550261938859475,1.323735721961418,1.0,1.0,1.088341755265735,0.012557556981332796,1,0.0,1.0130486854648213,0.0,-0.04105605342855083,0.0,0.5211595181256249,False,False,False,True,False,3
-0.0630806391168515,0.7858438145574004,1.2410076834775292,1.0,1.0,0.012101793182291251,0.40008255049307456,1,0.0,0.01565023947876505,0.0,0.670239153703541,0.531769,0.5211595181256249,False,False,False,True,False,3
0.10566644924045014,0.9433971146943794,1.2163508646476529,1.0,1.0,-1.7790537329688638,0.39958117127920734,1,0.0,0.09746865444192786,0.0,0.08459439149097564,0.150544,0.5211595181256249,False,False,False,True,False,3
0.031341506442360646,1.6185918521120517,1.3261119708520228,1.0,1.0,0.9127498063329412,0.2680629755433076,1,0.0,0.6975715377438163,0.0,0.30155695689908607,0.36216,0.5211595181256249,False,False,False,True,False,3
-0.040868679642742246,1.8318896688655015,1.332253662642501,1.0,1.0,0.7287071283816176,-0.0033001676418647225,1,0.0,1.0320872671552266,0.0,0.3173755638045017,0.0,0.5211595181256249,False,False,False,True,False,3
-0.22156539648914825,1.2636064822586157,1.3056873512773444,1.0,1.0,0.40778549532767494,0.1551870874491577,1,0.0,-0.06595930101312271,0.0,0.6057053053269202,0.315595,0.5211595181256249,False,False,False,True,False,3
-0.1836176736967896,1.2203401612847546,1.2889687893846908,1.0,1.0,1.082191512887585,0.13593541122440037,1,0.0,1.0089576831250726,0.0,0.21707698821844637,0.034897,0.5211595181256249,False,False,False,True,False,3
-0.04897353951741276,-0.9391059315432382,0.5216444842813893,1.0,1.0,0.8644433336058708,-1.2628701710689412,1,0.0,-1.6344972475614596,0.0,0.07811854639521867,1.058007,-1.4191715978588444,False,False,False,True,False,3
-0.04889236640068116,-0.9890294342130278,0.5152692615538466,1.0,1.0,0.8742035415833793,-1.286222872145583,1,0.0,-1.6255694957462368,0.0,-0.5964229766134147,1.217929,-1.4191715978588444,False,False,False,True,False,3
1.0091568110336833,-0.5519602636418386,0.5558616357673587,1.0,1.0,0.9262061544907999,-0.5345847232342233,1,0.0,-1.6449050708254869,0.0,1.0343940209967077,0.378818,-1.4191715978588444,False,False,False,True,False,3
0.9976932755387538,-0.5124352573408899,0.6109550018126008,1.0,1.0,0.9375849459025822,-0.6984598764927216,1,0.0,-1.3581693767183594,0.0,-0.06084577507672503,0.636289,-1.4191715978588444,False,False,False,True,False,3
-0.6689559943129451,-0.47753061385949724,0.725394555677663,1.0,1.0,0.5715209459323206,-1.603988018780263,1,0.0,-0.6814421990944801,0.0,-1.153228061874202,1.122118,-1.4191715978588444,False,False,False,True,False,3
-0.5356218208581434,-0.6102561639034475,0.5530627397989943,1.0,1.0,0.7174013980276316,-1.7259157300663008,1,0.0,-1.4344934139878915,0.0,-0.9128868372416963,0.81998,-1.4191715978588444,False,False,False,True,False,3
0.18905425230834458,-0.4386273733208105,0.6773124643234658,1.0,1.0,0.6180739532722612,-1.892638460142017,1,0.0,-0.9124165685300699,0.0,-1.0368756934340928,1.239038,-1.4191715978588444,False,False,False,True,False,3
0.399121451818372,-0.1089950384285195,0.6113859742778137,1.0,1.0,0.4895689194094634,-2.0525437184968727,1,0.0,-1.0472662535519275,0.0,-0.9748148253074042,1.041677,-1.4191715978588444,False,False,False,True,False,3
