Age,Height,Weight,family_history_with_overweight,FAVC,FCVC,NCP,CAEC,SMOKE,CH2O,SCC,FAF,TUE,CALC,MTRANS_Automobile,MTRANS_Bike,MTRANS_Motorbike,MTRANS_Public_Transportation,MTRANS_Walking,NObeyesdad
-0.5221243865315548,-0.8755893428985058,-0.8625581878787723,1.0,0.0,-0.7850187010698834,0.4041527212394904,1,0.0,-0.013073263985237213,0.0,-1.1880391100619079,1.0,-1.4191715978588444,False,False,False,True,False,1
-0.5221243865315548,-1.9475992778306654,-1.1680769935237438,1.0,0.0,1.088341755265735,0.4041527212394904,1,1.0,1.6187585428550124,1.0,2.3397501195133885,0.0,0.5211595181256249,False,False,False,True,False,1
-0.20688898174867157,-2.162001264817097,-1.2062668442293651,1.0,1.0,1.088341755265735,0.4041527212394904,1,0.0,-0.013073263985237213,0.0,-0.01210936687014236,0.0,0.5211595181256249,False,False,True,False,False,1
-0.5221243865315548,0.1964205920336515,-0.2515205765888294,1.0,1.0,-0.7850187010698834,0.4041527212394904,2,0.0,-0.013073263985237213,1.0,1.163820376321623,1.0,0.5211595181256249,False,False,False,True,False,6
-0.36450668414011317,-0.017981394952780436,-0.7861784864675294,1.0,0.0,1.088341755265735,0.4041527212394904,3,0.0,-0.013073263985237213,1.0,1.163820376321623,1.0,0.5211595181256249,False,False,False,True,False,1
0.7388172325999781,-1.8403982843374496,-0.3279002780000723,0.0,1.0,-0.7850187010698834,-2.1670227344876687,1,0.0,-0.013073263985237213,0.0,-1.1880391100619079,0.0,-1.4191715978588444,True,False,False,False,False,2
0.8964349349914197,0.08921959854043553,-0.17514087517758659,1.0,1.0,1.088341755265735,1.6897404491030699,2,1.0,-1.6449050708254869,0.0,-1.1880391100619079,0.0,-1.4191715978588444,True,False,False,False,False,6
-0.20688898174867157,-0.5539863624188602,-0.6334190836450437,1.0,0.0,-0.7850187010698834,-2.1670227344876687,1,0.0,-0.013073263985237213,0.0,-1.1880391100619079,0.0,0.5211595181256249,False,False,False,True,False,5
4.364024387603135,-0.1251823884459964,0.015808378350520555,1.0,1.0,1.088341755265735,-2.1670227344876687,1,1.0,-0.013073263985237213,0.0,-1.1880391100619079,0.0,-1.4191715978588444,True,False,False,False,False,2
-0.36450668414011317,-0.5539863624188602,-1.015317590701258,1.0,1.0,1.088341755265735,0.4041527212394904,1,0.0,-0.013073263985237213,0.0,-0.01210936687014236,0.0,0.5211595181256249,True,False,False,False,False,1
-0.36450668414011317,-1.0899913298849377,-0.17514087517758659,1.0,1.0,-2.6583791574055016,-2.1670227344876687,1,0.0,-0.013073263985237213,0.0,-1.1880391100619079,2.0,0.5211595181256249,False,False,False,True,False,2
-0.20688898174867157,-1.0899913298849377,-1.3208363963462295,0.0,1.0,-0.7850187010698834,1.6897404491030699,2,0.0,-0.013073263985237213,0.0,1.163820376321623,1.0,0.5211595181256249,True,False,False,False,False,1
1.0540526373828614,-1.3043933168713697,-0.7097987850562866,1.0,0.0,-0.7850187010698834,-2.1670227344876687,1,0.0,-1.6449050708254869,0.0,-0.01210936687014236,0.0,0.5211595181256249,False,False,False,True,False,6
-0.049271279357229955,0.7324255594997313,-0.40427997941131516,0.0,0.0,-0.7850187010698834,0.4041527212394904,1,0.0,1.6187585428550124,0.0,-0.01210936687014236,1.0,0.5211595181256249,False,False,False,False,True,1
-0.5221243865315548,-2.162001264817097,-0.8243683371731508,1.0,0.0,-0.7850187010698834,0.4041527212394904,1,0.0,-0.013073263985237213,0.0,1.163820376321623,2.0,0.5211595181256249,False,False,False,True,False,6
-0.36450668414011317,-1.5187953038578017,-1.4354059484630937,0.0,1.0,-0.7850187010698834,0.4041527212394904,1,0.0,-1.6449050708254869,1.0,1.163820376321623,0.0,-1.4191715978588444,False,False,False,False,True,1
-0.5221243865315548,-1.0899913298849377,-1.4735957991687152,0.0,1.0,-0.7850187010698834,0.4041527212394904,1,0.0,-1.6449050708254869,0.0,-0.01210936687014236,0.0,0.5211595181256249,False,False,False,True,False,1
-0.5221243865315548,0.5180235725132994,0.05399822905614198,1.0,1.0,-0.7850187010698834,0.4041527212394904,1,0.0,1.6187585428550124,0.0,2.3397501195133885,0.0,0.5211595181256249,False,False,False,True,False,6
-0.5221243865315548,-0.3395843754324283,-0.4424698301169366,1.0,1.0,-0.7850187010698834,0.4041527212394904,1,0.0,-0.013073263985237213,0.0,-0.01210936687014236,0.0,0.5211595181256249,False,False,False,True,False,5
-0.5221243865315548,-0.4467853689256443,-0.8625581878787723,1.0,1.0,-2.6583791574055016,0.4041527212394904,1,0.0,-1.6449050708254869,0.0,-1.1880391100619079,0.0,-1.4191715978588444,False,False,False,True,False,1
-0.5221243865315548,-1.8403982843374496,-0.8243683371731508,1.0,0.0,-0.7850187010698834,0.4041527212394904,1,0.0,-1.6449050708254869,0.0,-1.1880391100619079,1.0,-1.4191715978588444,False,False,False,True,False,6
-0.6797420889229964,-0.4467853689256443,-1.015317590701258,1.0,0.0,1.088341755265735,0.4041527212394904,1,0.0,-0.013073263985237213,0.0,-0.01210936687014236,0.0,0.5211595181256249,False,False,False,False,True,1
-0.5221243865315548,-1.6259962973510176,-1.3972160977574724,0.0,1.0,-0.7850187010698834,0.4041527212394904,1,0.0,-0.013073263985237213,0.0,-1.1880391100619079,0.0,0.5211595181256249,False,False,False,True,False,1
-0.5221243865315548,-0.9827903363917218,-1.225361769582176,1.0,1.0,1.088341755265735,0.4041527212394904,1,0.0,1.6187585428550124,0.0,-1.1880391100619079,1.0,0.5211595181256249,False,False,False,False,True,1
-0.6797420889229964,-2.162001264817097,-1.6263552019912009,0.0,1.0,-0.7850187010698834,0.4041527212394904,1,0.0,-1.6449050708254869,0.0,-1.1880391100619079,0.0,0.5211595181256249,True,False,False,False,False,1
-0.20688898174867157,-0.6611873559120762,-1.3208363963462295,0.0,1.0,1.088341755265735,-2.1670227344876687,1,0.0,-0.013073263985237213,0.0,1.163820376321623,2.0,-1.4191715978588444,False,False,False,True,False,1
-0.20688898174867157,-0.7683883494052922,-1.2062668442293651,1.0,0.0,1.088341755265735,0.4041527212394904,0,0.0,-0.013073263985237213,1.0,1.163820376321623,1.0,-1.4191715978588444,False,False,False,True,False,1
-0.36450668414011317,-1.0899913298849377,-1.2062668442293651,0.0,0.0,1.088341755265735,1.6897404491030699,3,0.0,1.6187585428550124,0.0,1.163820376321623,0.0,-1.4191715978588444,False,False,False,True,False,1
-1.1525951960973213,-0.5539863624188602,-0.747988635761908,1.0,1.0,1.088341755265735,-2.1670227344876687,1,0.0,-0.013073263985237213,0.0,-0.01210936687014236,1.0,-1.4191715978588444,False,False,False,False,True,1
-0.5221243865315548,-1.6259962973510176,-1.4354059484630937,1.0,1.0,-0.7850187010698834,0.4041527212394904,1,0.0,1.6187585428550124,0.0,2.3397501195133885,1.0,0.5211595181256249,False,False,False,True,False,1
-0.5221243865315548,-0.4467853689256443,-1.1298871428181223,1.0,1.0,-0.7850187010698834,0.4041527212394904,2,0.0,-1.6449050708254869,0.0,-0.01210936687014236,1.0,-1.4191715978588444,False,False,False,True,False,1
-0.5221243865315548,-0.8755893428985058,-0.6716089343506652,1.0,1.0,-2.6583791574055016,0.4041527212394904,2,0.0,-0.013073263985237213,0.0,-1.1880391100619079,1.0,-1.4191715978588444,False,False,False,True,False,5
-0.20688898174867157,-0.5539863624188602,-0.2515205765888294,1.0,1.0,-0.7850187010698834,0.4041527212394904,3,0.0,-0.013073263985237213,0.0,-1.1880391100619079,2.0,-1.4191715978588444,False,False,False,True,False,6
-0.36450668414011317,-0.3395843754324283,-1.3972160977574724,1.0,0.0,1.088341755265735,0.4041527212394904,0,0.0,1.6187585428550124,1.0,1.163820376321623,1.0,0.5211595181256249,False,False,False,True,False,0
-0.049271279357229955,-0.5539863624188602,-1.015317590701258,1.0,0.0,-0.7850187010698834,0.4041527212394904,1,0.0,1.6187585428550124,1.0,-0.01210936687014236,0.0,-1.4191715978588444,False,False,False,True,False,1
-0.20688898174867157,-0.7683883494052922,-1.5881653512855796,1.0,0.0,1.088341755265735,0.4041527212394904,1,0.0,1.6187585428550124,1.0,1.163820376321623,0.0,-1.4191715978588444,False,False,False,True,False,0
-0.049271279357229955,-1.0899913298849377,-1.5881653512855796,1.0,0.0,-0.7850187010698834,0.4041527212394904,0,0.0,-0.013073263985237213,0.0,-0.01210936687014236,0.0,-1.4191715978588444,False,False,False,True,False,0
-0.049271279357229955,-0.017981394952780436,-0.2515205765888294,1.0,1.0,-0.7850187010698834,0.4041527212394904,1,0.0,1.6187585428550124,0.0,-1.1880391100619079,0.0,-1.4191715978588444,False,False,False,True,False,6
-0.20688898174867157,-0.5539863624188602,0.13037793046738483,1.0,1.0,-0.7850187010698834,0.4041527212394904,1,0.0,1.6187585428550124,0.0,-1.1880391100619079,1.0,-1.4191715978588444,False,False,False,True,False,2
-0.837359791314438,-0.7683883494052922,-1.0916972921125008,0.0,0.0,1.088341755265735,0.4041527212394904,1,0.0,-0.013073263985237213,1.0,-1.1880391100619079,0.0,-1.4191715978588444,False,False,False,True,False,1
-0.837359791314438,-1.0899913298849377,-1.5881653512855796,0.0,0.0,1.088341755265735,0.4041527212394904,0,0.0,1.6187585428550124,1.0,1.163820376321623,0.0,-1.4191715978588444,False,False,False,False,True,0
-0.36450668414011317,-0.5539863624188602,-0.8243683371731508,1.0,1.0,-0.7850187010698834,0.4041527212394904,2,0.0,-0.013073263985237213,1.0,-0.01210936687014236,0.0,-1.4191715978588444,True,False,False,False,False,1
0.7388172325999781,-0.017981394952780436,-0.3279002780000723,1.0,1.0,1.088341755265735,0.4041527212394904,1,0.0,-1.6449050708254869,0.0,1.163820376321623,1.0,2.461490634110094,True,False,False,False,False,6
0.10834642303421166,-0.7683883494052922,0.24494748258424912,0.0,0.0,1.088341755265735,1.6897404491030699,3,0.0,-1.6449050708254869,0.0,1.163820376321623,0.0,-1.4191715978588444,False,False,False,True,False,3
-0.6797420889229964,-0.9827903363917218,-0.8625581878787723,1.0,0.0,1.088341755265735,0.4041527212394904,3,0.0,-0.013073263985237213,1.0,-1.1880391100619079,1.0,2.461490634110094,False,False,False,True,False,1
-0.6797420889229964,-1.0899913298849377,-1.1298871428181223,0.0,0.0,1.088341755265735,0.4041527212394904,3,0.0,-0.013073263985237213,0.0,-0.01210936687014236,0.0,-1.4191715978588444,False,False,False,False,True,1
-0.049271279357229955,-1.0899913298849377,-1.4735957991687152,0.0,1.0,1.088341755265735,0.4041527212394904,1,0.0,-0.013073263985237213,0.0,1.163820376321623,0.0,-1.4191715978588444,False,False,False,True,False,1
-0.20688898174867157,-0.4467853689256443,-1.015317590701258,1.0,0.0,-0.7850187010698834,0.4041527212394904,1,0.0,-0.013073263985237213,0.0,2.3397501195133885,0.0,0.5211595181256249,False,False,False,True,False,1
-0.5221243865315548,-1.9475992778306654,-1.7027349034024437,0.0,0.0,1.088341755265735,-2.1670227344876687,2,0.0,-1.6449050708254869,0.0,-1.1880391100619079,0.0,0.5211595181256249,False,False,False,True,False,0
-0.5221243865315548,-1.9475992778306654,-1.7027349034024437,0.0,0.0,1.088341755265735,-2.1670227344876687,2,0.0,-1.6449050708254869,0.0,-1.1880391100619079,0.0,0.5211595181256249,False,False,False,True,False,0
-0.5221243865315548,-0.1251823884459964,-0.9007480385843938,0.0,1.0,1.088341755265735,-2.1670227344876687,1,0.0,-1.6449050708254869,0.0,-1.1880391100619079,0.0,0.5211595181256249,False,False,False,True,False,1
-0.5221243865315548,-1.6259962973510176,-1.1298871428181223,0.0,1.0,-0.7850187010698834,1.6897404491030699,2,0.0,-0.013073263985237213,1.0,1.163820376321623,0.0,0.5211595181256249,True,False,False,False,False,1
-0.36450668414011317,-0.5539863624188602,-1.0916972921125008,1.0,1.0,1.088341755265735,1.6897404491030699,2,0.0,-0.013073263985237213,0.0,-0.01210936687014236,0.0,0.5211595181256249,False,False,False,True,False,1
2.1573765541229526,-1.5187953038578017,-0.2515205765888294,1.0,1.0,-0.7850187010698834,0.4041527212394904,1,0.0,-0.013073263985237213,0.0,-1.1880391100619079,0.0,0.5211595181256249,True,False,False,False,False,2
0.10834642303421166,-1.4115943103645856,-1.2062668442293651,0.0,1.0,-0.7850187010698834,-2.1670227344876687,1,0.0,-0.013073263985237213,0.0,1.163820376321623,0.0,0.5211595181256249,False,False,False,True,False,1
0.10834642303421166,-1.4115943103645856,-1.2062668442293651,0.0,1.0,-0.7850187010698834,-2.1670227344876687,1,0.0,-0.013073263985237213,0.0,1.163820376321623,0.0,0.5211595181256249,False,False,False,True,False,1
-0.5221243865315548,-0.5539863624188602,0.05399822905614198,1.0,1.0,1.088341755265735,-2.1670227344876687,1,0.0,1.6187585428550124,0.0,1.163820376321623,1.0,-1.4191715978588444,False,False,False,True,False,2
-0.36450668414011317,-1.3043933168713697,-1.0916972921125008,1.0,1.0,-0.7850187010698834,-2.1670227344876687,1,0.0,-1.6449050708254869,0.0,-1.1880391100619079,0.0,-1.4191715978588444,False,False,False,True,False,1
-0.9949774937058796,-1.5187953038578017,-1.3590262470518508,1.0,1.0,-0.7850187010698834,1.6897404491030699,2,0.0,-0.013073263985237213,0.0,-0.01210936687014236,0.0,0.5211595181256249,False,False,False,True,False,1
-0.36450668414011317,-2.162001264817097,-1.4354059484630937,1.0,0.0,-0.7850187010698834,-2.1670227344876687,1,0.0,-0.013073263985237213,0.0,2.3397501195133885,0.0,-1.4191715978588444,False,False,False,False,True,1
-0.837359791314438,-0.9827903363917218,-0.9389378892900152,1.0,1.0,1.088341755265735,-2.1670227344876687,2,0.0,-0.013073263985237213,0.0,-0.01210936687014236,0.0,2.461490634110094,False,False,False,True,False,1
-1.1525951960973213,0.5180235725132994,-1.1298871428181223,1.0,1.0,1.088341755265735,0.4041527212394904,2,0.0,-0.013073263985237213,0.0,-1.1880391100619079,1.0,-1.4191715978588444,False,False,False,True,False,1
-1.4678306008802045,-0.5539863624188602,-0.022381472355100875,1.0,1.0,1.088341755265735,0.4041527212394904,1,0.0,-1.6449050708254869,0.0,2.3397501195133885,2.0,-1.4191715978588444,False,False,False,False,True,2
-1.1525951960973213,-0.017981394952780436,-0.060571323060722305,1.0,0.0,-0.7850187010698834,0.4041527212394904,2,0.0,-0.013073263985237213,0.0,-0.01210936687014236,1.0,-1.4191715978588444,False,False,False,True,False,6
-0.837359791314438,-0.7683883494052922,-0.40427997941131516,1.0,0.0,1.088341755265735,0.4041527212394904,2,1.0,1.6187585428550124,0.0,1.163820376321623,1.0,0.5211595181256249,True,False,False,False,False,6
-0.20688898174867157,-0.3395843754324283,-0.4424698301169366,1.0,1.0,-0.7850187010698834,0.4041527212394904,2,1.0,-0.013073263985237213,0.0,-1.1880391100619079,2.0,-1.4191715978588444,False,False,False,False,True,5
-0.837359791314438,-0.5539863624188602,-0.9771277399956366,0.0,1.0,1.088341755265735,-2.1670227344876687,1,0.0,1.6187585428550124,1.0,-0.01210936687014236,0.0,0.5211595181256249,False,False,False,True,False,1
-0.6797420889229964,-1.3043933168713697,-1.282646545640608,1.0,1.0,-0.7850187010698834,1.6897404491030699,2,0.0,-0.013073263985237213,0.0,-0.01210936687014236,1.0,-1.4191715978588444,False,False,False,True,False,1
-0.837359791314438,-0.5539863624188602,-1.1680769935237438,1.0,1.0,1.088341755265735,0.4041527212394904,2,1.0,1.6187585428550124,1.0,-0.01210936687014236,2.0,2.461490634110094,False,False,False,True,False,1
5.78258370912611,-0.5539863624188602,-0.7861784864675294,0.0,1.0,1.088341755265735,0.4041527212394904,3,0.0,-0.013073263985237213,0.0,-0.01210936687014236,1.0,2.461490634110094,False,False,False,True,False,1
1.526905744557186,-0.23238338193921237,-0.4424698301169366,0.0,1.0,1.088341755265735,-2.1670227344876687,1,0.0,-1.6449050708254869,0.0,-1.1880391100619079,0.0,0.5211595181256249,True,False,False,False,False,5
-0.049271279357229955,-1.5187953038578017,-1.3590262470518508,0.0,0.0,1.088341755265735,0.4041527212394904,2,0.0,-0.013073263985237213,0.0,1.163820376321623,2.0,2.461490634110094,False,False,False,True,False,1
1.8421411493400695,-0.7683883494052922,-0.2515205765888294,1.0,0.0,1.088341755265735,0.4041527212394904,1,0.0,-1.6449050708254869,0.0,-1.1880391100619079,0.0,0.5211595181256249,True,False,False,False,False,2
0.4235818278170949,-1.0899913298849377,-0.9771277399956366,0.0,1.0,1.088341755265735,0.4041527212394904,3,0.0,-0.013073263985237213,0.0,-1.1880391100619079,0.0,0.5211595181256249,True,False,False,False,False,1
1.211670339774303,-0.3395843754324283,0.13037793046738483,1.0,1.0,1.088341755265735,-2.1670227344876687,1,0.0,-0.013073263985237213,0.0,1.163820376321623,0.0,0.5211595181256249,True,False,False,False,False,2
0.8964349349914197,-0.8755893428985058,-1.0535074414068795,1.0,1.0,1.088341755265735,0.4041527212394904,1,0.0,-0.013073263985237213,0.0,1.163820376321623,0.0,0.5211595181256249,True,False,False,False,False,1
2.1573765541229526,-2.162001264817097,-1.015317590701258,1.0,1.0,-0.7850187010698834,-2.1670227344876687,3,1.0,-0.013073263985237213,0.0,-1.1880391100619079,0.0,0.5211595181256249,True,False,False,False,False,5
1.0540526373828614,-0.23238338193921237,-0.9007480385843938,1.0,1.0,1.088341755265735,-2.1670227344876687,2,0.0,-0.013073263985237213,0.0,-0.01210936687014236,1.0,0.5211595181256249,True,False,False,False,False,1
1.6845234469486279,-1.8403982843374496,-1.5881653512855796,1.0,0.0,1.088341755265735,0.4041527212394904,2,0.0,-1.6449050708254869,0.0,-1.1880391100619079,1.0,-1.4191715978588444,True,False,False,False,False,1
2.4726119589058357,-1.6259962973510176,-0.9389378892900152,1.0,0.0,1.088341755265735,0.4041527212394904,1,0.0,1.6187585428550124,0.0,-1.1880391100619079,0.0,0.5211595181256249,True,False,False,False,False,5
-0.5221243865315548,-0.7683883494052922,-1.015317590701258,1.0,1.0,1.088341755265735,0.4041527212394904,3,1.0,-0.013073263985237213,0.0,1.163820376321623,0.0,0.5211595181256249,False,False,False,True,False,1
0.7388172325999781,0.41082257902008346,-0.5570393822338009,1.0,0.0,1.088341755265735,0.4041527212394904,3,0.0,-0.013073263985237213,0.0,-1.1880391100619079,0.0,0.5211595181256249,True,False,False,False,False,1
-0.36450668414011317,0.30362158552686747,-0.2897104272944509,1.0,1.0,-0.7850187010698834,-2.1670227344876687,1,0.0,-0.013073263985237213,0.0,-0.01210936687014236,0.0,0.5211595181256249,False,False,False,True,False,5
3.260700470863044,-0.7683883494052922,-0.36609012870569374,1.0,1.0,-0.7850187010698834,0.4041527212394904,2,0.0,-1.6449050708254869,0.0,-1.1880391100619079,0.0,-1.4191715978588444,True,False,False,False,False,6
-0.20688898174867157,-0.5539863624188602,-1.0535074414068795,0.0,0.0,1.088341755265735,-2.1670227344876687,1,0.0,-0.013073263985237213,0.0,-0.01210936687014236,2.0,0.5211595181256249,False,False,False,True,False,1
2.1573765541229526,-0.6611873559120762,-1.0229555608423824,1.0,1.0,-0.7850187010698834,0.4041527212394904,1,0.0,-0.013073263985237213,0.0,1.163820376321623,0.0,-1.4191715978588444,False,False,False,True,False,1
-0.9949774937058796,-1.4115943103645856,-1.4735957991687152,1.0,1.0,1.088341755265735,-2.1670227344876687,3,0.0,-1.6449050708254869,0.0,-0.01210936687014236,0.0,-1.4191715978588444,False,False,False,True,False,1
-0.9949774937058796,-1.3043933168713697,-1.4735957991687152,0.0,1.0,-0.7850187010698834,0.4041527212394904,1,0.0,-0.013073263985237213,0.0,-0.01210936687014236,0.0,-1.4191715978588444,False,False,False,True,False,1
-0.20688898174867157,-0.23238338193921237,-0.747988635761908,1.0,1.0,-0.7850187010698834,0.4041527212394904,2,0.0,-1.6449050708254869,0.0,-1.1880391100619079,0.0,0.5211595181256249,False,False,False,True,False,1
-0.36450668414011317,-0.23238338193921237,-1.3208363963462295,0.0,1.0,1.088341755265735,0.4041527212394904,2,0.0,-0.013073263985237213,0.0,-1.1880391100619079,1.0,-1.4191715978588444,False,False,False,True,False,0
-0.20688898174867157,-2.3764032518035294,-1.015317590701258,1.0,1.0,-0.7850187010698834,-2.1670227344876687,1,1.0,-1.6449050708254869,0.0,-1.1880391100619079,0.0,0.5211595181256249,False,False,False,True,False,6
1.0540526373828614,-0.8755893428985058,-0.7097987850562866,0.0,0.0,1.088341755265735,0.4041527212394904,1,0.0,-0.013073263985237213,0.0,-0.01210936687014236,0.0,0.5211595181256249,True,False,False,False,False,5
1.3692880421657445,-0.7683883494052922,-0.9389378892900152,1.0,1.0,-0.7850187010698834,0.4041527212394904,1,0.0,-0.013073263985237213,0.0,-0.01210936687014236,1.0,-1.4191715978588444,False,False,False,True,False,1
-0.20688898174867157,-1.0899913298849377,-0.13695102447196517,1.0,1.0,1.088341755265735,0.4041527212394904,2,0.0,1.6187585428550124,0.0,2.3397501195133885,0.0,-1.4191715978588444,False,False,False,True,False,2
-0.9949774937058796,-1.1971923233781536,-1.7791146048136866,1.0,1.0,-0.7850187010698834,-2.1670227344876687,2,0.0,-1.6449050708254869,0.0,-1.1880391100619079,2.0,-1.4191715978588444,False,False,False,True,False,0
-0.20688898174867157,-0.4467853689256443,-1.015317590701258,1.0,1.0,-0.7850187010698834,-2.1670227344876687,1,0.0,-1.6449050708254869,0.0,-0.01210936687014236,1.0,0.5211595181256249,False,False,False,True,False,1
-0.20688898174867157,-0.7683883494052922,-0.13695102447196517,1.0,0.0,1.088341755265735,-2.1670227344876687,1,1.0,1.6187585428550124,0.0,-0.01210936687014236,2.0,0.5211595181256249,False,False,False,True,False,2
2.6302296612972773,-1.7331972908442335,-0.2515205765888294,1.0,1.0,-0.7850187010698834,0.4041527212394904,3,0.0,-1.6449050708254869,0.0,-1.1880391100619079,0.0,0.5211595181256249,True,False,False,False,False,2
0.2659641254256533,-1.5187953038578017,0.588656138934842,1.0,1.0,1.088341755265735,0.4041527212394904,1,1.0,-1.6449050708254869,0.0,-1.1880391100619079,1.0,0.5211595181256249,False,False,False,True,False,4
-0.20688898174867157,-1.0899913298849377,-0.3279002780000723,1.0,1.0,-0.7850187010698834,-2.1670227344876687,1,1.0,-0.013073263985237213,0.0,-0.01210936687014236,0.0,2.461490634110094,False,False,False,True,False,2
-0.36450668414011317,-0.1251823884459964,-0.8243683371731508,1.0,1.0,-0.7850187010698834,0.4041527212394904,1,0.0,-0.013073263985237213,0.0,-0.01210936687014236,1.0,0.5211595181256249,False,False,False,True,False,1
-0.36450668414011317,-0.1251823884459964,-0.8243683371731508,1.0,1.0,-0.7850187010698834,0.4041527212394904,1,0.0,-0.013073263985237213,0.0,-0.01210936687014236,1.0,0.5211595181256249,False,False,False,True,False,1
-0.5221243865315548,-0.7683883494052922,-1.3590262470518508,0.0,1.0,-0.7850187010698834,-2.1670227344876687,1,0.0,-1.6449050708254869,0.0,-0.01210936687014236,1.0,-1.4191715978588444,False,False,False,True,False,1
-0.049271279357229955,-2.162001264817097,-0.9007480385843938,1.0,0.0,-0.7850187010698834,-2.1670227344876687,1,0.0,-0.013073263985237213,0.0,-1.1880391100619079,0.0,-1.4191715978588444,False,False,False,True,False,6
-0.20688898174867157,-1.0899913298849377,-0.9007480385843938,1.0,0.0,1.088341755265735,0.4041527212394904,2,0.0,-0.013073263985237213,0.0,2.3397501195133885,0.0,0.5211595181256249,False,False,False,False,True,1
-0.5221243865315548,-2.162001264817097,-1.6912779481907574,1.0,0.0,-2.6583791574055016,-2.1670227344876687,1,0.0,-0.013073263985237213,0.0,2.3397501195133885,0.0,-1.4191715978588444,False,False,False,True,False,1
-0.5221243865315548,-1.0899913298849377,-0.7097987850562866,1.0,1.0,-0.7850187010698834,0.4041527212394904,1,0.0,1.6187585428550124,0.0,-0.01210936687014236,0.0,0.5211595181256249,False,False,False,True,False,5
-0.5221243865315548,0.5180235725132994,-0.3279002780000723,1.0,0.0,-0.7850187010698834,0.4041527212394904,2,0.0,-0.013073263985237213,1.0,-1.1880391100619079,2.0,2.461490634110094,False,False,False,True,False,5
-0.5221243865315548,0.1964205920336515,-0.7670835611147188,1.0,1.0,1.088341755265735,1.6897404491030699,3,0.0,1.6187585428550124,0.0,-1.1880391100619079,2.0,-1.4191715978588444,False,False,False,True,False,1
-0.36450668414011317,-0.9827903363917218,-0.9007480385843938,1.0,1.0,1.088341755265735,0.4041527212394904,2,0.0,1.6187585428550124,0.0,-0.01210936687014236,0.0,-1.4191715978588444,False,False,False,True,False,1
-0.20688898174867157,-0.7683883494052922,-0.17514087517758659,1.0,1.0,-0.7850187010698834,-2.1670227344876687,1,0.0,-0.013073263985237213,0.0,-1.1880391100619079,0.0,-1.4191715978588444,False,False,False,True,False,2
-0.6797420889229964,-1.0899913298849377,-1.3972160977574724,0.0,1.0,-0.7850187010698834,0.4041527212394904,1,0.0,-1.6449050708254869,0.0,-1.1880391100619079,1.0,-1.4191715978588444,True,False,False,False,False,1
-0.049271279357229955,-0.8755893428985058,-1.0916972921125008,0.0,1.0,1.088341755265735,0.4041527212394904,1,0.0,-0.013073263985237213,0.0,-0.01210936687014236,1.0,0.5211595181256249,False,False,False,True,False,1
2.4726119589058357,-0.23238338193921237,-0.2515205765888294,0.0,0.0,1.088341755265735,0.4041527212394904,1,0.0,1.6187585428550124,0.0,-1.1880391100619079,0.0,-1.4191715978588444,True,False,False,False,False,6
-0.5221243865315548,-0.7683883494052922,-0.7861784864675294,1.0,1.0,1.088341755265735,-2.1670227344876687,1,1.0,1.6187585428550124,0.0,-1.1880391100619079,0.0,0.5211595181256249,False,False,False,True,False,1
4.206406685211694,-1.1971923233781536,-1.3972160977574724,1.0,0.0,1.088341755265735,0.4041527212394904,1,1.0,1.6187585428550124,1.0,1.163820376321623,0.0,-1.4191715978588444,False,False,False,True,False,1
1.526905744557186,-0.23238338193921237,-0.36609012870569374,1.0,0.0,1.088341755265735,-2.1670227344876687,1,0.0,-0.013073263985237213,0.0,-0.01210936687014236,0.0,0.5211595181256249,True,False,False,False,False,6
-0.837359791314438,-1.1971923233781536,-1.4354059484630937,1.0,1.0,-0.7850187010698834,-2.1670227344876687,0,0.0,-0.013073263985237213,0.0,1.163820376321623,0.0,-1.4191715978588444,False,False,False,True,False,1
-0.837359791314438,-0.1251823884459964,-0.6334190836450437,1.0,0.0,-0.7850187010698834,-2.1670227344876687,0,0.0,-0.013073263985237213,0.0,1.163820376321623,0.0,-1.4191715978588444,False,False,False,True,False,1
-0.5221243865315548,-0.4467853689256443,-1.0535074414068795,0.0,1.0,-2.6583791574055016,0.4041527212394904,3,0.0,-0.013073263985237213,1.0,2.3397501195133885,0.0,-1.4191715978588444,True,False,False,False,False,1
-0.837359791314438,-0.6611873559120762,-1.282646545640608,1.0,1.0,1.088341755265735,0.4041527212394904,1,0.0,-1.6449050708254869,0.0,-0.01210936687014236,1.0,-1.4191715978588444,False,False,False,True,False,1
-0.6797420889229964,-0.8755893428985058,-1.282646545640608,0.0,1.0,1.088341755265735,-2.1670227344876687,1,0.0,1.6187585428550124,0.0,-0.01210936687014236,1.0,-1.4191715978588444,False,False,False,True,False,1
-0.837359791314438,-0.017981394952780436,-0.8625581878787723,1.0,1.0,1.088341755265735,0.4041527212394904,0,0.0,1.6187585428550124,1.0,2.3397501195133885,1.0,-1.4191715978588444,False,False,False,True,False,1
-1.1525951960973213,-0.7683883494052922,-0.8243683371731508,0.0,1.0,-0.7850187010698834,-2.1670227344876687,1,0.0,1.6187585428550124,0.0,-0.01210936687014236,1.0,-1.4191715978588444,False,False,False,True,False,1
-0.6797420889229964,-0.7683883494052922,-0.8625581878787723,1.0,1.0,-2.6583791574055016,0.4041527212394904,3,0.0,-0.013073263985237213,0.0,-1.1880391100619079,2.0,-1.4191715978588444,True,False,False,False,False,1
-0.5221243865315548,-1.7331972908442335,-1.4354059484630937,1.0,0.0,-0.7850187010698834,-2.1670227344876687,1,0.0,-0.013073263985237213,1.0,1.163820376321623,0.0,0.5211595181256249,False,False,False,True,False,1
-0.6797420889229964,-0.6611873559120762,-1.4354059484630937,0.0,0.0,1.088341755265735,0.4041527212394904,1,1.0,-0.013073263985237213,0.0,1.163820376321623,1.0,0.5211595181256249,True,False,False,False,False,0
-0.6797420889229964,-1.4115943103645856,-1.015317590701258,0.0,1.0,1.088341755265735,0.4041527212394904,1,0.0,1.6187585428550124,0.0,-1.1880391100619079,1.0,0.5211595181256249,False,False,False,True,False,1
-0.6797420889229964,-0.8755893428985058,-1.3208363963462295,0.0,1.0,1.088341755265735,0.4041527212394904,2,0.0,-1.6449050708254869,0.0,2.3397501195133885,1.0,-1.4191715978588444,True,False,False,False,False,1
-0.6797420889229964,-0.5539863624188602,-0.4424698301169366,1.0,1.0,1.088341755265735,-2.1670227344876687,1,0.0,-0.013073263985237213,0.0,-0.01210936687014236,1.0,-1.4191715978588444,False,False,False,True,False,6
0.2659641254256533,-1.1971923233781536,-1.5117856498743365,1.0,1.0,-0.7850187010698834,-2.1670227344876687,1,0.0,-0.013073263985237213,0.0,-1.1880391100619079,2.0,0.5211595181256249,False,False,False,True,False,1
-0.36450668414011317,-0.6611873559120762,-1.1680769935237438,1.0,0.0,1.088341755265735,0.4041527212394904,1,0.0,-0.013073263985237213,0.0,-1.1880391100619079,0.0,-1.4191715978588444,False,False,False,True,False,1
-0.9949774937058796,-0.3395843754324283,0.16856778117300628,1.0,1.0,-2.6583791574055016,0.4041527212394904,2,0.0,-1.6449050708254869,0.0,-1.1880391100619079,1.0,0.5211595181256249,False,False,False,True,False,2
0.5811995302085365,-0.017981394952780436,-0.5188495315281795,1.0,0.0,-0.7850187010698834,0.4041527212394904,2,0.0,-0.013073263985237213,1.0,1.163820376321623,0.0,0.5211595181256249,False,False,False,False,True,5
2.314994256514394,-0.5539863624188602,-1.3972160977574724,0.0,1.0,1.088341755265735,1.6897404491030699,2,0.0,-0.013073263985237213,0.0,-1.1880391100619079,0.0,0.5211595181256249,False,False,False,True,False,0
-0.837359791314438,-2.162001264817097,-1.3972160977574724,0.0,1.0,-0.7850187010698834,0.4041527212394904,2,0.0,-1.6449050708254869,0.0,-1.1880391100619079,2.0,0.5211595181256249,False,False,False,True,False,1
0.10834642303421166,-0.9827903363917218,-0.9771277399956366,0.0,0.0,-0.7850187010698834,0.4041527212394904,1,0.0,-1.6449050708254869,0.0,1.163820376321623,1.0,0.5211595181256249,False,False,False,True,False,1
-0.9949774937058796,-2.162001264817097,-1.3972160977574724,1.0,1.0,1.088341755265735,0.4041527212394904,2,0.0,-0.013073263985237213,0.0,-1.1880391100619079,1.0,0.5211595181256249,False,False,False,True,False,1
1.211670339774303,-1.4115943103645856,-1.1298871428181223,1.0,1.0,1.088341755265735,0.4041527212394904,1,0.0,-0.013073263985237213,0.0,-1.1880391100619079,0.0,0.5211595181256249,True,False,False,False,False,1
-0.9949774937058796,-0.8755893428985058,-1.2062668442293651,1.0,1.0,-0.7850187010698834,0.4041527212394904,2,0.0,-1.6449050708254869,0.0,-0.01210936687014236,1.0,-1.4191715978588444,False,False,False,True,False,1
-0.5221243865315548,-1.0899913298849377,-0.9771277399956366,0.0,1.0,-0.7850187010698834,0.4041527212394904,1,0.0,-1.6449050708254869,0.0,-0.01210936687014236,1.0,0.5211595181256249,False,False,False,True,False,1
-0.9949774937058796,-1.0899913298849377,-1.0916972921125008,1.0,1.0,-0.7850187010698834,0.4041527212394904,1,0.0,1.6187585428550124,0.0,2.3397501195133885,0.0,-1.4191715978588444,False,False,False,True,False,1
-1.1525951960973213,-1.5187953038578017,-1.3590262470518508,0.0,1.0,1.088341755265735,0.4041527212394904,1,0.0,-1.6449050708254869,0.0,-1.1880391100619079,2.0,-1.4191715978588444,False,False,False,True,False,1
-1.3102128984887629,-0.4467853689256443,-1.0916972921125008,0.0,0.0,-0.7850187010698834,-2.1670227344876687,1,0.0,-1.6449050708254869,0.0,-1.1880391100619079,1.0,-1.4191715978588444,False,False,False,False,True,1
-0.5221243865315548,-1.8403982843374496,-1.282646545640608,0.0,1.0,1.088341755265735,0.4041527212394904,1,0.0,-0.013073263985237213,0.0,1.163820376321623,1.0,0.5211595181256249,False,False,False,True,False,1
-1.3102128984887629,-1.4115943103645856,-1.4354059484630937,0.0,1.0,-0.7850187010698834,1.6897404491030699,3,0.0,-0.013073263985237213,0.0,-1.1880391100619079,1.0,0.5211595181256249,False,False,False,True,False,1
-0.049271279357229955,-1.5187953038578017,-1.015317590701258,1.0,1.0,-2.6583791574055016,0.4041527212394904,3,0.0,-0.013073263985237213,0.0,-1.1880391100619079,2.0,0.5211595181256249,False,False,False,True,False,1
-0.20688898174867157,-1.1971923233781536,-1.4735957991687152,1.0,1.0,-0.7850187010698834,-2.1670227344876687,2,0.0,-1.6449050708254869,0.0,-1.1880391100619079,2.0,0.5211595181256249,False,False,False,True,False,1
-1.3102128984887629,-0.4467853689256443,-1.0916972921125008,0.0,0.0,-0.7850187010698834,-2.1670227344876687,1,0.0,-1.6449050708254869,0.0,-1.1880391100619079,1.0,-1.4191715978588444,False,False,False,False,True,1
-1.3102128984887629,-1.0899913298849377,-1.1298871428181223,0.0,1.0,1.088341755265735,0.4041527212394904,1,0.0,-1.6449050708254869,0.0,2.3397501195133885,0.0,-1.4191715978588444,False,False,False,True,False,1
0.2659641254256533,-0.5539863624188602,-0.9007480385843938,0.0,1.0,1.088341755265735,0.4041527212394904,1,0.0,-1.6449050708254869,0.0,-0.01210936687014236,0.0,-1.4191715978588444,False,False,False,False,True,1
0.10834642303421166,-1.5187953038578017,-1.5881653512855796,0.0,1.0,-0.7850187010698834,0.4041527212394904,1,0.0,-1.6449050708254869,0.0,-1.1880391100619079,0.0,0.5211595181256249,False,False,False,True,False,1
0.4235818278170949,-1.6259962973510176,-0.9007480385843938,0.0,1.0,-0.7850187010698834,0.4041527212394904,1,0.0,-1.6449050708254869,0.0,-1.1880391100619079,1.0,0.5211595181256249,True,False,False,False,False,5
-0.20688898174867157,0.5180235725132994,-1.1680769935237438,0.0,0.0,1.088341755265735,0.4041527212394904,2,0.0,-0.013073263985237213,0.0,1.163820376321623,0.0,0.5211595181256249,False,False,False,True,False,0
0.8964349349914197,-0.5539863624188602,-0.5952292329394223,1.0,1.0,-0.7850187010698834,0.4041527212394904,1,0.0,-1.6449050708254869,0.0,-1.1880391100619079,0.0,0.5211595181256249,False,False,False,True,False,5
-0.5221243865315548,-1.6259962973510176,-1.0916972921125008,0.0,1.0,-0.7850187010698834,-2.1670227344876687,1,0.0,-1.6449050708254869,0.0,-0.01210936687014236,0.0,0.5211595181256249,False,False,False,True,False,1
-0.837359791314438,-0.5539863624188602,-0.17514087517758659,1.0,1.0,1.088341755265735,0.4041527212394904,1,0.0,-1.6449050708254869,0.0,-1.1880391100619079,1.0,0.5211595181256249,False,False,False,True,False,2
-1.1525951960973213,1.0540285399793792,-1.3972160977574724,0.0,1.0,1.088341755265735,1.6897404491030699,2,0.0,-1.6449050708254869,0.0,1.163820376321623,1.0,0.5211595181256249,False,False,False,True,False,0
-0.20688898174867157,-0.017981394952780436,-1.1680769935237438,0.0,0.0,1.088341755265735,1.6897404491030699,3,0.0,1.6187585428550124,1.0,2.3397501195133885,0.0,-1.4191715978588444,True,False,False,False,False,1
-0.9949774937058796,-2.698006232283177,-1.282646545640608,0.0,1.0,-0.7850187010698834,0.4041527212394904,2,0.0,-0.013073263985237213,1.0,-0.01210936687014236,2.0,2.461490634110094,False,False,False,True,False,5
-1.1525951960973213,-1.0899913298849377,-0.8243683371731508,0.0,1.0,1.088341755265735,-2.1670227344876687,1,0.0,-0.013073263985237213,1.0,-0.01210936687014236,2.0,0.5211595181256249,False,False,False,True,False,5
-0.837359791314438,-1.8403982843374496,-1.7027349034024437,0.0,0.0,-0.7850187010698834,0.4041527212394904,1,0.0,-1.6449050708254869,1.0,1.163820376321623,0.0,2.461490634110094,False,False,False,True,False,0
-0.5221243865315548,-1.7331972908442335,-1.5117856498743365,1.0,0.0,1.088341755265735,0.4041527212394904,3,0.0,-1.6449050708254869,0.0,1.163820376321623,0.0,-1.4191715978588444,False,False,False,True,False,1
0.2659641254256533,-0.5539863624188602,-1.015317590701258,0.0,0.0,1.088341755265735,1.6897404491030699,3,0.0,-0.013073263985237213,0.0,1.163820376321623,0.0,-1.4191715978588444,False,False,False,False,True,1
-1.1525951960973213,-1.0899913298849377,-1.282646545640608,0.0,1.0,-2.6583791574055016,0.4041527212394904,1,0.0,-1.6449050708254869,0.0,1.163820376321623,2.0,0.5211595181256249,False,False,False,False,True,1
-0.049271279357229955,-1.0899913298849377,-1.3590262470518508,1.0,1.0,-2.6583791574055016,0.4041527212394904,1,0.0,-0.013073263985237213,0.0,-1.1880391100619079,1.0,0.5211595181256249,True,False,False,False,False,1
-1.1525951960973213,-1.0899913298849377,-1.0535074414068795,0.0,1.0,-0.7850187010698834,0.4041527212394904,1,0.0,-0.013073263985237213,0.0,-0.01210936687014236,2.0,-1.4191715978588444,False,False,False,True,False,1
0.4235818278170949,-1.6259962973510176,-0.9389378892900152,0.0,1.0,1.088341755265735,-2.1670227344876687,1,0.0,-1.6449050708254869,0.0,-0.01210936687014236,0.0,0.5211595181256249,False,False,False,True,False,5
-1.1525951960973213,-0.017981394952780436,-1.1680769935237438,1.0,1.0,-2.6583791574055016,0.4041527212394904,1,0.0,-1.6449050708254869,0.0,-0.01210936687014236,1.0,-1.4191715978588444,True,False,False,False,False,1
1.3692880421657445,-1.5187953038578017,-1.4735957991687152,1.0,0.0,-0.7850187010698834,0.4041527212394904,1,0.0,-0.013073263985237213,0.0,-0.01210936687014236,0.0,0.5211595181256249,False,False,False,True,False,1
2.4726119589058357,-1.5187953038578017,-0.2515205765888294,1.0,1.0,-0.7850187010698834,-2.1670227344876687,1,0.0,-0.013073263985237213,0.0,1.163820376321623,0.0,-1.4191715978588444,False,False,False,True,False,2
1.999758851731511,-0.5539863624188602,-0.5188495315281795,1.0,0.0,1.088341755265735,0.4041527212394904,1,0.0,-0.013073263985237213,0.0,-0.01210936687014236,0.0,0.5211595181256249,True,False,False,False,False,5
2.4726119589058357,-1.3043933168713697,-0.9007480385843938,0.0,1.0,-0.7850187010698834,0.4041527212394904,2,0.0,-0.013073263985237213,0.0,2.3397501195133885,1.0,0.5211595181256249,False,False,False,True,False,5
1.999758851731511,-0.23238338193921237,-0.13695102447196517,1.0,1.0,-0.7850187010698834,-2.1670227344876687,1,0.0,-0.013073263985237213,0.0,-1.1880391100619079,0.0,-1.4191715978588444,True,False,False,False,False,6
-0.9949774937058796,-0.8755893428985058,-1.0916972921125008,0.0,1.0,1.088341755265735,0.4041527212394904,1,0.0,-1.6449050708254869,0.0,-1.1880391100619079,2.0,-1.4191715978588444,True,False,False,False,False,1
-0.5221243865315548,-1.7331972908442335,-1.1680769935237438,0.0,1.0,-0.7850187010698834,-2.1670227344876687,1,0.0,-0.013073263985237213,0.0,-1.1880391100619079,2.0,0.5211595181256249,False,False,False,True,False,1
1.8421411493400695,-1.3043933168713697,-1.015317590701258,1.0,0.0,1.088341755265735,0.4041527212394904,1,0.0,-1.6449050708254869,0.0,1.163820376321623,0.0,0.5211595181256249,True,False,False,False,False,1
0.7388172325999781,-1.0899913298849377,-1.1680769935237438,1.0,0.0,-0.7850187010698834,0.4041527212394904,2,0.0,-1.6449050708254869,0.0,-1.1880391100619079,1.0,0.5211595181256249,False,False,False,True,False,1
-0.9949774937058796,-1.0899913298849377,-1.015317590701258,1.0,1.0,1.088341755265735,-2.1670227344876687,1,0.0,-1.6449050708254869,1.0,-1.1880391100619079,2.0,-1.4191715978588444,False,False,False,False,True,1
-1.3102128984887629,-1.6259962973510176,-1.5881653512855796,0.0,1.0,-0.7850187010698834,0.4041527212394904,2,0.0,-0.013073263985237213,0.0,-0.01210936687014236,1.0,-1.4191715978588444,False,False,False,True,False,1
-0.9949774937058796,-1.1971923233781536,-1.282646545640608,0.0,0.0,-2.6583791574055016,0.4041527212394904,1,0.0,-1.6449050708254869,0.0,-0.01210936687014236,2.0,-1.4191715978588444,False,False,False,True,False,1
1.999758851731511,-2.162001264817097,-0.4424698301169366,1.0,1.0,-0.7850187010698834,0.4041527212394904,2,0.0,-1.6449050708254869,0.0,-1.1880391100619079,0.0,0.5211595181256249,False,False,True,False,False,2
-1.3102128984887629,-0.9827903363917218,-0.8243683371731508,1.0,1.0,-2.6583791574055016,-2.1670227344876687,1,0.0,-0.013073263985237213,0.0,-1.1880391100619079,0.0,-1.4191715978588444,False,False,False,True,False,5
-0.9949774937058796,-0.017981394952780436,-1.3972160977574724,0.0,0.0,-0.7850187010698834,0.4041527212394904,1,0.0,-0.013073263985237213,0.0,-1.1880391100619079,1.0,0.5211595181256249,False,False,False,False,True,0
-1.1525951960973213,-1.8403982843374496,-1.2062668442293651,1.0,1.0,-0.7850187010698834,0.4041527212394904,1,0.0,-1.6449050708254869,0.0,-1.1880391100619079,1.0,-1.4191715978588444,False,False,False,True,False,1
-0.6797420889229964,-1.7331972908442335,-1.817304455519308,1.0,1.0,-2.6583791574055016,0.4041527212394904,1,0.0,-0.013073263985237213,0.0,2.3397501195133885,2.0,0.5211595181256249,False,False,False,True,False,0
2.1573765541229526,-1.6259962973510176,-1.0535074414068795,1.0,0.0,1.088341755265735,0.4041527212394904,1,0.0,-1.6449050708254869,0.0,1.163820376321623,1.0,2.461490634110094,True,False,False,False,False,1
0.2659641254256533,-0.4467853689256443,0.9705546459910562,1.0,0.0,1.088341755265735,0.4041527212394904,1,0.0,1.6187585428550124,0.0,-1.1880391100619079,0.0,-1.4191715978588444,True,False,False,False,False,4
-0.837359791314438,-2.0548002713238813,-1.0535074414068795,1.0,1.0,1.088341755265735,0.4041527212394904,2,0.0,-1.6449050708254869,0.0,-0.01210936687014236,2.0,0.5211595181256249,False,False,False,False,True,5
1.3692880421657445,-1.6259962973510176,-1.2062668442293651,1.0,1.0,1.088341755265735,-2.1670227344876687,1,0.0,1.6187585428550124,0.0,1.163820376321623,1.0,0.5211595181256249,False,False,False,True,False,1
-0.6797420889229964,-1.0899913298849377,-0.8243683371731508,0.0,0.0,1.088341755265735,0.4041527212394904,1,0.0,-0.013073263985237213,1.0,-1.1880391100619079,0.0,0.5211595181256249,False,False,False,True,False,5
-0.837359791314438,-0.9827903363917218,-1.252094665076111,1.0,1.0,-0.7850187010698834,0.4041527212394904,3,0.0,-0.013073263985237213,0.0,1.163820376321623,1.0,0.5211595181256249,False,False,False,True,False,1
-0.6797420889229964,-0.3395843754324283,-1.015317590701258,0.0,1.0,1.088341755265735,0.4041527212394904,0,0.0,-0.013073263985237213,0.0,2.3397501195133885,0.0,0.5211595181256249,False,False,False,True,False,1
-0.9949774937058796,-1.0899913298849377,-1.2062668442293651,0.0,1.0,-0.7850187010698834,1.6897404491030699,2,0.0,-0.013073263985237213,0.0,1.163820376321623,1.0,0.5211595181256249,False,False,False,True,False,1
-0.9949774937058796,-0.6611873559120762,-1.0535074414068795,1.0,1.0,-0.7850187010698834,0.4041527212394904,1,0.0,-1.6449050708254869,0.0,-0.01210936687014236,1.0,0.5211595181256249,False,False,False,True,False,1
-0.837359791314438,0.6252245660065153,-0.2515205765888294,1.0,1.0,-0.7850187010698834,-2.1670227344876687,1,0.0,1.6187585428550124,0.0,2.3397501195133885,1.0,-1.4191715978588444,False,False,False,True,False,5
-0.9949774937058796,-1.5187953038578017,-1.2062668442293651,0.0,1.0,-0.7850187010698834,0.4041527212394904,1,0.0,-1.6449050708254869,0.0,-1.1880391100619079,0.0,2.461490634110094,True,False,False,False,False,1
-0.9949774937058796,-1.0899913298849377,-1.1680769935237438,1.0,1.0,-0.7850187010698834,-2.1670227344876687,3,0.0,-0.013073263985237213,0.0,-0.01210936687014236,0.0,0.5211595181256249,False,False,False,False,True,1
-0.837359791314438,-0.3395843754324283,-0.8625581878787723,0.0,1.0,1.088341755265735,0.4041527212394904,1,0.0,-0.013073263985237213,0.0,1.163820376321623,1.0,0.5211595181256249,True,False,False,False,False,1
-0.837359791314438,-1.0899913298849377,-1.015317590701258,0.0,1.0,-0.7850187010698834,0.4041527212394904,2,0.0,-0.013073263985237213,0.0,-1.1880391100619079,1.0,0.5211595181256249,False,False,False,True,False,1
-0.9949774937058796,-1.6259962973510176,-1.1680769935237438,0.0,1.0,-0.7850187010698834,0.4041527212394904,1,0.0,-1.6449050708254869,0.0,-1.1880391100619079,0.0,-1.4191715978588444,True,False,False,False,False,1
-0.9949774937058796,-1.6259962973510176,-1.3972160977574724,1.0,1.0,1.088341755265735,0.4041527212394904,2,0.0,-1.6449050708254869,0.0,-0.01210936687014236,2.0,-1.4191715978588444,False,False,False,True,False,1
-0.837359791314438,-2.0548002713238813,-1.5881653512855796,0.0,1.0,-0.7850187010698834,1.6897404491030699,1,0.0,-1.6449050708254869,0.0,2.3397501195133885,0.0,0.5211595181256249,False,False,False,True,False,1
-0.049271279357229955,-1.0899913298849377,0.5313713628764098,1.0,1.0,1.088341755265735,-2.1670227344876687,1,0.0,-1.6449050708254869,0.0,-1.1880391100619079,2.0,0.5211595181256249,False,False,False,True,False,3
-0.9949774937058796,-0.7683883494052922,-0.9007480385843938,1.0,1.0,-2.6583791574055016,0.4041527212394904,1,0.0,-0.013073263985237213,0.0,1.163820376321623,2.0,0.5211595181256249,False,False,False,True,False,1
-0.9949774937058796,-0.8755893428985058,-1.3972160977574724,0.0,1.0,1.088341755265735,0.4041527212394904,1,0.0,-1.6449050708254869,0.0,-1.1880391100619079,0.0,0.5211595181256249,True,False,False,False,False,1
-0.6797420889229964,-0.23238338193921237,-0.7097987850562866,0.0,1.0,1.088341755265735,-2.1670227344876687,1,0.0,-1.6449050708254869,0.0,-0.01210936687014236,0.0,-1.4191715978588444,False,False,False,True,False,1
1.3692880421657445,-1.1971923233781536,-1.015317590701258,0.0,1.0,1.088341755265735,-2.1670227344876687,2,0.0,-0.013073263985237213,0.0,-1.1880391100619079,0.0,-1.4191715978588444,False,False,False,True,False,1
-0.837359791314438,-2.162001264817097,-1.5881653512855796,0.0,1.0,-0.7850187010698834,0.4041527212394904,1,0.0,-1.6449050708254869,0.0,-1.1880391100619079,0.0,0.5211595181256249,False,False,False,True,False,1
-0.9949774937058796,-0.8755893428985058,-1.2062668442293651,1.0,1.0,-0.7850187010698834,0.4041527212394904,2,0.0,-1.6449050708254869,0.0,-0.01210936687014236,1.0,-1.4191715978588444,False,False,False,True,False,1
-0.9949774937058796,-1.0899913298849377,-1.3590262470518508,1.0,1.0,-0.7850187010698834,0.4041527212394904,2,0.0,-1.6449050708254869,0.0,-0.01210936687014236,1.0,0.5211595181256249,False,False,False,True,False,1
-0.6797420889229964,-0.8755893428985058,-1.5881653512855796,0.0,1.0,1.088341755265735,0.4041527212394904,2,0.0,-1.6449050708254869,0.0,-0.01210936687014236,0.0,0.5211595181256249,False,False,False,True,False,0
-0.837359791314438,-1.7331972908442335,-1.7027349034024437,0.0,1.0,1.088341755265735,-2.1670227344876687,1,0.0,-0.013073263985237213,0.0,-1.1880391100619079,1.0,-1.4191715978588444,False,False,False,True,False,0
-0.6797420889229964,-1.5187953038578017,-1.3399313216990403,0.0,1.0,-0.7850187010698834,0.4041527212394904,2,0.0,-0.013073263985237213,0.0,2.3397501195133885,0.0,0.5211595181256249,False,False,False,True,False,1
-0.9949774937058796,-1.0899913298849377,-0.13695102447196517,1.0,1.0,-0.7850187010698834,0.4041527212394904,1,0.0,-0.013073263985237213,1.0,-0.01210936687014236,0.0,-1.4191715978588444,False,False,False,True,False,2
-0.9949774937058796,-1.7331972908442335,-0.5952292329394223,0.0,0.0,1.088341755265735,1.6897404491030699,2,0.0,-0.013073263985237213,0.0,-0.01210936687014236,1.0,-1.4191715978588444,False,False,False,True,False,6
-0.9949774937058796,-0.7683883494052922,-1.3590262470518508,1.0,1.0,-2.6583791574055016,0.4041527212394904,2,0.0,-1.6449050708254869,0.0,-0.01210936687014236,0.0,0.5211595181256249,False,False,False,True,False,1
-0.9949774937058796,-0.8755893428985058,-0.7097987850562866,0.0,0.0,-0.7850187010698834,-2.1670227344876687,1,0.0,-1.6449050708254869,0.0,-1.1880391100619079,2.0,-1.4191715978588444,False,False,False,True,False,5
-0.9949774937058796,0.08921959854043553,-0.4424698301169366,1.0,1.0,1.088341755265735,0.4041527212394904,1,0.0,-0.013073263985237213,0.0,-0.01210936687014236,0.0,-1.4191715978588444,False,False,False,True,False,5
-0.9949774937058796,-0.6611873559120762,-1.1680769935237438,1.0,1.0,1.088341755265735,0.4041527212394904,2,0.0,-1.6449050708254869,1.0,-0.01210936687014236,1.0,-1.4191715978588444,False,False,False,True,False,1
-1.1525951960973213,-1.3043933168713697,-1.3972160977574724,0.0,1.0,-2.6583791574055016,1.6897404491030699,2,0.0,-0.013073263985237213,0.0,-0.01210936687014236,2.0,0.5211595181256249,False,False,False,True,False,1
-0.9949774937058796,-1.4115943103645856,-1.3972160977574724,0.0,1.0,-0.7850187010698834,0.4041527212394904,1,0.0,-1.6449050708254869,0.0,-1.1880391100619079,1.0,0.5211595181256249,False,False,False,True,False,1
-0.6797420889229964,-1.3043933168713697,-1.2635516202877972,1.0,1.0,-0.7850187010698834,-2.1670227344876687,2,0.0,-0.013073263985237213,0.0,-0.01210936687014236,1.0,0.5211595181256249,False,False,False,True,False,1
-0.9949774937058796,-2.162001264817097,-1.0916972921125008,0.0,1.0,-0.7850187010698834,0.4041527212394904,1,0.0,-1.6449050708254869,0.0,-1.1880391100619079,0.0,-1.4191715978588444,False,False,False,True,False,5
1.8421411493400695,-0.5539863624188602,-0.2515205765888294,1.0,1.0,-0.7850187010698834,0.4041527212394904,1,0.0,-1.6449050708254869,0.0,-1.1880391100619079,2.0,-1.4191715978588444,True,False,False,False,False,6
-0.837359791314438,-1.5187953038578017,-1.3972160977574724,0.0,1.0,-0.7850187010698834,-2.1670227344876687,1,0.0,-1.6449050708254869,0.0,-1.1880391100619079,2.0,-1.4191715978588444,False,False,False,True,False,1
-0.9949774937058796,-0.3395843754324283,-0.7861784864675294,0.0,1.0,1.088341755265735,0.4041527212394904,1,0.0,-0.013073263985237213,0.0,-1.1880391100619079,0.0,0.5211595181256249,False,False,False,True,False,1
0.1392732228912462,-0.16478243544238888,0.6869076261234025,1.0,1.0,1.088341755265735,0.4041527212394904,1,0.0,-1.3956656079759344,0.0,-0.8127340769437967,1.0,0.5211595181256249,False,False,False,True,False,4
-0.9156417265310641,-0.19889379157193038,1.5309441134781896,1.0,1.0,1.088341755265735,0.4041527212394904,1,0.0,-1.4556664316816437,0.0,0.6241532911381126,1.0,0.5211595181256249,False,False,False,True,False,4
0.2659641254256533,-0.8498932647581822,0.9244453659446102,1.0,1.0,1.088341755265735,0.4041527212394904,1,0.0,1.1365636667563666,0.0,-1.1880391100619079,0.29499,0.5211595181256249,False,False,False,True,False,4
-0.38754629416947955,0.5785170931415218,1.9557337946212907,1.0,1.0,1.088341755265735,0.4041527212394904,1,0.0,0.2883374935608047,0.0,1.1386919336393584,0.838957,0.5211595181256249,False,False,False,True,False,4
-0.3802495402549702,1.519484533627572,2.996803827949052,1.0,1.0,1.088341755265735,0.4041527212394904,1,0.0,0.6503332705994044,0.0,-1.07006983822491,0.479221,0.5211595181256249,False,False,False,True,False,4
-0.9466495418871277,0.4708551353762849,1.773855623571887,1.0,1.0,1.088341755265735,0.4041527212394904,1,0.0,1.5931763156191776,0.0,0.6776028257554079,0.62535,0.5211595181256249,False,False,False,True,False,4
0.2659641254256533,-0.7584508173084697,0.9509065788406255,1.0,1.0,1.088341755265735,0.4041527212394904,1,0.0,0.7116640372276888,0.0,-1.1880391100619079,0.26579,0.5211595181256249,False,False,False,True,False,4
0.2659641254256533,-0.7770609097788916,0.6966102923530755,1.0,1.0,1.088341755265735,0.4041527212394904,1,0.0,1.0552902836166878,0.0,-1.1880391100619079,0.555468,0.5211595181256249,False,False,False,True,False,4
-0.38819583672103486,0.7389862603015167,1.8093316652965157,1.0,1.0,1.088341755265735,0.4041527212394904,1,0.0,1.3342143988644715,0.0,0.45730179580637625,0.928972,0.5211595181256249,False,False,False,True,False,4
-0.36450668414011317,-0.2812027143760223,-1.3531373338831933,1.0,1.0,1.088341755265735,0.4041527212394904,2,0.0,1.3173477853089706,0.0,1.1386919336393584,1.0,-1.4191715978588444,False,False,False,True,False,0
-0.5181886725028405,-0.38028859266180054,-1.4021887600280005,1.0,1.0,1.088341755265735,0.4041527212394904,2,0.0,0.9553520082703708,0.0,1.163820376321623,1.0,-1.4191715978588444,False,False,False,True,False,0
-0.35846567046055655,0.10494598428589146,-1.3221531442087084,1.0,1.0,0.8638401115389313,0.4041527212394904,2,0.0,-1.5937406163538175,0.0,1.4069297395696025,1.37465,-1.4191715978588444,False,False,False,True,False,0
-0.4838009031366951,-1.111227846695944,-1.5940597637927385,0.0,0.0,1.088341755265735,-1.2333517912494654,2,0.0,0.7116640372276888,0.0,0.36203619952118177,0.0,-1.4191715978588444,False,False,False,True,False,0
-0.34205687955309544,-1.1316925163538005,-1.6703486497390034,0.0,0.0,1.088341755265735,-0.13448925291943165,2,0.0,1.0552902836166878,0.0,-0.1272387683773322,0.0,-1.4191715978588444,False,False,False,True,False,0
-0.3704290116897691,-1.3895109057049837,-1.629416691373017,0.0,0.0,1.088341755265735,-1.3946262005344958,2,0.0,1.0496702548739298,0.0,-0.48152052954666086,0.0,-1.4191715978588444,False,False,False,True,False,0
-0.44472542568372553,-1.2298671861948876,-1.6612031352412748,0.0,0.0,-0.7686080634723831,-1.2187475146609352,2,0.0,-0.35245837950825865,0.0,-1.0473473477972155,0.0,-1.4191715978588444,False,False,False,True,False,0
-0.25134615803209415,-1.1372669680154461,-1.6041608265449727,0.0,0.0,0.33258880661036394,-2.031418940952618,2,0.0,-0.8443071725761715,0.0,-0.7815390127164056,0.0,-1.4191715978588444,False,False,False,True,False,0
-0.12788326604266365,-1.0899913298849377,-1.5881653512855796,0.0,0.0,0.32295973386479815,0.4041527212394904,2,0.0,0.10776061764766941,0.0,0.7874464230669507,0.0,-1.4191715978588444,False,False,False,True,False,0
-0.9106402015987791,-0.1463545846609048,-1.5881653512855796,0.0,1.0,1.088341755265735,0.4041527212394904,1,0.0,1.6187585428550124,1.0,1.798542566366297,1.283673,-1.4191715978588444,False,False,False,True,False,0
-0.837359791314438,-1.5594137602923814,-1.6897592523977467,0.0,1.0,1.088341755265735,-0.7726742848468302,1,0.0,0.2113852010456392,1.0,-0.9573781390753566,0.062488,-1.4191715978588444,False,False,False,True,False,0
-0.837359791314438,-1.473781606690002,-1.6990663099639602,0.0,1.0,1.088341755265735,-1.0172136400901288,1,0.0,0.7319901342136906,1.0,0.6894220956042283,0.9974,-1.4191715978588444,False,False,False,True,False,0
-0.6396230246624933,-1.4171687620262337,-1.72852993254275,0.0,1.0,-0.049415617482857645,-2.1670227344876687,2,0.0,-1.6449050708254869,0.0,-1.1880391100619079,0.738269,0.5211595181256249,False,False,False,True,False,0
-0.5221243865315548,-1.9475992778306654,-1.7027349034024437,0.0,1.0,1.088341755265735,-2.1670227344876687,2,0.0,-1.6449050708254869,0.0,-1.1880391100619079,0.0,0.5211595181256249,False,False,False,True,False,0
-0.644215689274775,-1.6190496729726573,-1.6018451085677359,0.0,1.0,1.088341755265735,0.22132543369682728,2,0.0,-1.6449050708254869,0.0,-0.30062843308121473,0.0,0.5211595181256249,False,False,False,True,False,0
-0.7002371187649558,-1.9369113387793928,-1.7027349034024437,0.0,1.0,1.088341755265735,-2.1670227344876687,2,0.0,-0.784870962675629,0.0,-1.1880391100619079,0.860497,0.5211595181256249,False,False,False,True,False,0
-0.6565543182533822,-1.8617205619432504,-1.7027349034024437,0.0,1.0,1.088341755265735,-2.1670227344876687,2,0.0,-1.1183635335441502,0.0,-1.1880391100619079,0.478676,0.5211595181256249,False,False,False,True,False,0
-0.5221243865315548,-1.9475992778306654,-1.7027349034024437,0.0,1.0,1.088341755265735,-2.1670227344876687,2,0.0,-1.6449050708254869,0.0,-1.1880391100619079,0.0,0.5211595181256249,False,False,False,True,False,0
-0.36505472089132823,0.33860126970370397,-1.363213267713663,0.0,0.0,1.088341755265735,1.388303552199985,2,0.0,-0.5742895953301221,0.0,-0.6850116438167664,0.555967,0.5211595181256249,False,False,False,True,False,0
-0.4627929852911542,0.22351028308938659,-1.3654028446140192,0.0,0.0,1.088341755265735,0.7707599168311637,2,0.0,-0.7162589625252237,0.0,-0.5460626094314841,0.469735,0.5211595181256249,False,False,False,True,False,0
-0.723227867306581,0.35542110558278883,-1.3972160977574724,0.0,0.0,-2.4261967358077214,1.6897404491030699,2,0.0,-1.6449050708254869,0.0,0.34534505274631777,0.371941,0.5211595181256249,False,False,False,True,False,0
-0.857567326467235,-1.2304782318577987,-1.7236482384966025,0.0,1.0,-0.7850187010698834,-2.0644842573132696,1,0.0,-1.6449050708254869,0.0,-0.9590326722240275,1.547086,0.5211595181256249,False,False,False,True,False,0
-0.8742371322898564,-1.3090994404857226,-1.7069279962505182,0.0,1.0,-0.733362659846885,-2.1670227344876687,1,0.0,-0.6065280645060582,0.0,-1.1880391100619079,1.906141,0.5211595181256249,False,False,False,True,False,0
-0.909779608943722,-1.4698258900301016,-1.7257489476143666,0.0,1.0,0.44786229557006324,-2.1670227344876687,1,0.0,-1.1583499401389639,0.0,-1.1880391100619079,1.639326,0.5211595181256249,False,False,False,True,False,0
-0.6985994708371086,-0.33277711234560736,-1.4070335244885157,0.0,0.0,0.875265736962122,1.1238774403943645,2,0.0,-0.6135808415752216,0.0,1.163820376321623,1.0,0.5211595181256249,False,False,False,True,False,0
-0.7243086518918791,-0.14205582482182819,-1.4101626480959315,0.0,0.0,0.5533980568777299,0.4041527212394904,2,0.0,-0.013073263985237213,0.0,1.0499692104452827,1.0,0.5211595181256249,False,False,False,True,False,0
-0.7374462450039082,-0.4377804854722123,-1.4338862215441142,0.0,0.0,0.6213410939081105,0.4041527212394904,2,0.0,-0.013073263985237213,0.0,0.06763866052389361,1.0,0.5211595181256249,False,False,False,True,False,0
-0.20688898174867157,0.09117065662201342,-1.3862186810193267,1.0,1.0,-0.7850187010698834,0.4041527212394904,2,0.0,0.1498863557412507,0.0,0.735558523148614,2.0,-1.4191715978588444,False,False,False,True,False,0
-0.6156120167332884,0.5821083264235443,-1.2559304154911326,1.0,1.0,-0.7850187010698834,1.550889260967436,2,0.0,-0.23511661794198985,0.0,2.1870285959758444,2.0,-1.4191715978588444,False,False,False,True,False,0
-0.20688898174867157,0.2911219496855585,-1.3421351434137094,1.0,1.0,-0.7850187010698834,0.4041527212394904,2,0.0,-1.2697224609558107,0.0,-0.4595118284730838,2.0,-1.4191715978588444,False,False,False,True,False,0
-0.8281374219298125,-0.425162928538061,-1.403366000365852,0.0,1.0,-1.73574913266021,0.4041527212394904,1,0.0,-1.564726646828198,0.0,1.163820376321623,1.0,0.5211595181256249,False,False,False,True,False,0
-0.8646263928865384,-0.017981394952780436,-1.3972160977574724,0.0,1.0,-2.6583791574055016,0.7134368456334549,1,0.0,-1.6449050708254869,0.0,1.163820376321623,1.0,0.5211595181256249,False,False,False,True,False,0
-0.7877158892984201,-0.43174506953854563,-1.3998054078251643,0.0,1.0,-0.4001574022807499,0.4041527212394904,1,0.0,-0.7791677105107222,0.0,1.163820376321623,1.0,0.5211595181256249,False,False,False,True,False,0
0.8917765437972409,-0.9735388906532589,-1.415698954373024,1.0,1.0,-0.6742319104031077,1.5674270614986732,2,0.0,-0.013073263985237213,0.0,-0.22145190754237007,0.0,-1.4191715978588444,False,False,False,True,False,0
1.2721731557788765,-0.6538119275597427,-1.524937394280637,1.0,1.0,1.088341755265735,0.5475985999145087,2,0.0,1.1647323474060431,0.0,0.508674638497195,0.0,-1.4191715978588444,False,False,False,True,False,0
-0.023496686955966926,-0.5965451568356649,-1.403338503673344,1.0,1.0,1.088341755265735,1.1626996186003888,2,0.0,1.1789798709115653,0.0,-1.06212290502042,0.0,-1.4191715978588444,False,False,False,True,False,0
-1.1395338899532497,-0.6523539940482336,-1.6506055662400172,0.0,1.0,0.7420641884352907,0.4041527212394904,1,0.0,1.4738306645941093,0.0,1.863649092527852,1.380204,0.5211595181256249,False,False,False,True,False,0
-1.1525269476321855,-1.2513181049928792,-1.6106285832807754,0.0,1.0,0.5970754559171952,0.4041527212394904,1,0.0,0.49429751322934,0.0,1.4468831285242858,1.59257,0.5211595181256249,False,False,False,True,False,0
-1.2675877127602355,1.2498633148927856,-1.5070227262638838,0.0,1.0,1.088341755265735,0.7723848997191832,1,0.0,0.22867609087091859,0.0,1.7026748940525882,1.273333,0.5211595181256249,False,False,False,True,False,0
-0.30492750787155276,-0.02261247787168723,-1.206735051799016,1.0,1.0,1.088341755265735,0.4041527212394904,2,0.0,-0.013073263985237213,0.0,-1.0236347245257535,0.875464,-1.4191715978588444,False,False,False,True,False,0
-0.529224275935777,0.6183422622242506,-1.2058677602894914,1.0,1.0,1.0350896109339387,1.1657541750417928,2,0.0,1.4468907532949833,0.0,1.163820376321623,1.009632,-1.4191715978588444,False,False,False,True,False,0
-0.20820225244499696,0.4139850083281326,-1.2380998797154839,1.0,1.0,1.088341755265735,0.4041527212394904,2,0.0,0.02817781225987718,0.0,1.163820376321623,0.152985,-1.4191715978588444,False,False,False,True,False,0
-0.7900059168964653,0.4038973948404225,-1.4105973249766628,0.0,1.0,1.088341755265735,1.3742559350976193,1,0.0,-0.5154946953296679,0.0,1.163820376321623,1.0,0.5211595181256249,False,False,False,True,False,0
-1.1422799055643134,-0.5774526598945252,-1.4123466492780845,0.0,1.0,1.088341755265735,1.1319007934039615,1,0.0,-0.9295132703703349,0.0,1.163820376321623,1.0,0.5211595181256249,False,False,False,True,False,0
-0.8239674879953446,0.7156486040180426,-1.4125773923560478,0.0,1.0,1.088341755265735,1.3372284373596928,1,0.0,-1.3325708311644564,0.0,1.163820376321623,1.0,0.5211595181256249,False,False,False,True,False,0
-0.9910602209483451,-0.017981394952780436,-1.3972160977574724,0.0,1.0,-2.5055129441685153,1.073371840917516,2,0.0,-1.6172161487270214,0.0,-0.42202436418987355,1.0,0.5211595181256249,False,False,False,True,False,0
-0.7059567499493362,-0.02372736820401541,-1.4095878526529613,0.0,1.0,-2.1517325687104463,1.3441898949060744,2,0.0,-0.21392728193016952,0.0,1.163820376321623,1.0,0.5211595181256249,False,False,False,True,False,0
-1.0316343275156525,0.45145175555401185,-1.3972160977574724,0.0,1.0,-2.0123433105963384,1.6897404491030699,2,0.0,-1.6449050708254869,0.0,1.163820376321623,1.0,0.5211595181256249,False,False,False,True,False,0
-0.7578107673882871,-1.19379405188442,-1.6886957414352968,0.0,0.0,1.0127666477362438,0.4041527212394904,2,0.0,-1.6449050708254869,0.0,0.6021951550434929,0.0,0.5211595181256249,False,False,False,True,False,0
-0.6875276153326217,-1.871132809171954,-1.7027349034024437,0.0,0.0,0.5736959174221267,-1.833023186025527,2,0.0,-1.6449050708254869,0.0,0.42847623001151647,0.0,0.5211595181256249,False,False,False,True,False,0
-0.837359791314438,-1.8310181974067936,-1.7027349034024437,0.0,0.0,0.7972346538743741,-1.8158927295517449,2,0.0,-0.5099497308500247,0.0,-0.8822044783823367,0.635867,0.5211595181256249,False,False,False,True,False,0
-0.21849721029439625,0.14921999459858926,-1.3972160977574724,1.0,1.0,0.056620331066650695,1.2361259616773173,2,0.0,-1.210808437233457,0.0,-0.16963103561939535,0.097234,-1.4191715978588444,False,False,False,True,False,0
-0.39833916634073396,-0.2854049933209558,-1.399307641311067,1.0,1.0,0.9569985803115889,0.4041527212394904,2,0.0,1.2794582825859466,0.0,-0.4460932941735226,1.366355,-1.4191715978588444,False,False,False,True,False,0
-0.20688898174867157,0.1707030736946286,-1.3562033296673928,1.0,1.0,-0.7850187010698834,0.4041527212394904,2,0.0,-0.9483185001123622,0.0,1.4014522588258151,2.0,-1.4191715978588444,False,False,False,True,False,0
-1.0892284664402945,0.09732399364852243,-1.3972160977574724,0.0,1.0,-0.7564349672271141,0.7906852410253216,1,0.0,-1.129885897932249,0.0,-1.105956862127636,1.0,0.5211595181256249,False,False,False,True,False,0
-0.9949774937058796,-0.017981394952780436,-1.3972160977574724,0.0,1.0,-2.6000258525511035,0.4041527212394904,1,0.0,-0.07242625046363088,0.0,-1.1548755394444137,1.0,0.5211595181256249,False,False,False,True,False,0
-0.9189947279140374,-0.017981394952780436,-1.3972160977574724,0.0,1.0,-1.5490069422913064,1.0919627250501514,1,0.0,-1.5039294892007506,0.0,-0.46024090491386266,1.0,0.5211595181256249,False,False,False,True,False,0
-0.9113077125684066,-1.370686411247574,-1.7848378504099833,0.0,1.0,-2.2556441265024705,-1.244474696270941,1,0.0,-1.3512699918390385,0.0,-0.3828341536385216,2.0,0.5211595181256249,False,False,False,True,False,0
-0.6879161429690168,-1.8309217165126503,-1.8031160476156034,0.0,1.0,-1.6804831258378528,0.4041527212394904,1,0.0,-0.043653792045423453,0.0,1.524647362441557,0.720454,0.5211595181256249,False,False,False,True,False,0
-0.616686654228193,-1.8433570317578616,-1.7659978041207818,0.0,1.0,0.5327704848930187,0.2556403413289616,1,0.0,-0.926961085424437,0.0,-1.0179679190933124,0.322307,0.5211595181256249,False,False,False,True,False,0
-0.8357503569553187,-1.5677754377848525,-1.619146218443053,0.0,0.0,0.5718281770471602,0.4041527212394904,2,0.0,-1.6449050708254869,1.0,0.07059494789827761,0.0,0.5211595181256249,False,False,False,True,False,0
-0.8229620446717891,-1.0479363801375503,-1.5881653512855796,0.0,0.0,1.088341755265735,0.4041527212394904,2,0.0,-1.18397785866539,1.0,0.6957415420441408,0.0,0.5211595181256249,False,False,False,True,False,0
-0.7154735492020293,-1.067672083039651,-1.5881653512855796,0.0,0.0,1.088341755265735,0.4041527212394904,2,0.0,1.4157309249433687,1.0,0.29187317546390185,0.0,0.5211595181256249,False,False,False,True,False,0
-0.7612247668220858,-1.7571031123932201,-1.7027349034024437,0.0,1.0,1.088341755265735,-2.1670227344876687,2,0.0,-1.0125196588888778,0.0,-1.1880391100619079,0.466169,0.5211595181256249,False,False,False,True,False,0
-0.837359791314438,-1.7503708900018478,-1.7027349034024437,0.0,1.0,0.5618712662217364,-1.5588266074881436,2,0.0,-1.3762337548200807,0.0,0.26502787535657707,0.930926,0.5211595181256249,False,False,False,True,False,0
-0.7731772324298334,-1.9383585521915512,-1.7027349034024437,0.0,1.0,1.088341755265735,-2.1670227344876687,2,0.0,-0.2599645208647465,0.0,-1.1880391100619079,0.744555,0.5211595181256249,False,False,False,True,False,0
-0.3962105392699372,-0.3180691360383389,-1.397942926996102,1.0,1.0,1.0497186827374634,0.4041527212394904,2,0.0,1.5794101824966738,0.0,-0.07667614127957267,1.241755,-1.4191715978588444,False,False,False,True,False,0
-0.3314533062424134,-1.1559521011813143,-1.6244361238033926,0.0,0.0,1.088341755265735,0.3954235805672966,2,0.0,1.1337503887213742,0.0,1.1252898623562018,0.0,-1.4191715978588444,False,False,False,True,False,0
-0.203982038463466,-1.2530976414848654,-1.6119714911909877,0.0,0.0,-0.40114091652032635,-0.717140751766307,2,0.0,0.1832230477231902,0.0,-0.0171247072248552,0.0,-1.4191715978588444,False,False,False,True,False,0
-0.7779383903659718,-1.0871612236567187,-1.5881653512855796,0.0,0.0,1.088341755265735,0.4041527212394904,2,0.0,1.5362188582332255,1.0,0.33560953040243324,0.0,0.5211595181256249,False,False,False,True,False,0
-0.5266276819065806,-1.6333824458026995,-1.719635134414904,0.0,1.0,0.9519948345327159,-2.1670227344876687,2,0.0,-1.6449050708254869,0.0,-1.1880391100619079,0.276592,0.5211595181256249,False,False,False,True,False,0
-0.6253386051478639,-1.7933906486906734,-1.7040620007144642,0.0,1.0,0.8795182651980034,-2.1670227344876687,2,0.0,-1.6449050708254869,0.0,-1.1880391100619079,0.196224,0.5211595181256249,False,False,False,True,False,0
-0.5977941235664479,0.2558957032236888,-1.4042583444174397,1.0,0.0,0.8832743529129563,1.571196404716769,2,0.0,-1.4668477432221128,0.0,0.6334207934442069,0.555468,-1.4191715978588444,False,False,False,True,False,0
-0.4467049464080596,-0.15802877285231726,-1.34924739207002,1.0,1.0,1.088341755265735,0.6355520843162953,2,0.0,-0.15932129417787422,0.0,-0.6228708124675407,0.625079,-1.4191715978588444,False,False,False,True,False,0
-0.936254969649817,-1.1990254603668893,-1.7713707342165557,0.0,1.0,-0.7850187010698834,-2.0698927248843915,1,0.0,-1.6449050708254869,0.0,-1.038196262535697,1.679442,0.5211595181256249,False,False,False,True,False,0
-0.6905125793805107,-0.5195855636068871,-1.4344048397166964,0.0,0.0,0.20798598257811288,0.4041527212394904,1,0.0,-0.06980063308642498,0.0,1.163820376321623,1.0,0.5211595181256249,False,False,False,True,False,0
-0.20709246620245866,0.4119803497498101,-1.2575455024673243,1.0,1.0,-0.3324035746564599,0.4041527212394904,2,0.0,-0.2633538355275535,0.0,1.7050279294687147,0.814518,-1.4191715978588444,False,False,False,True,False,0
-0.9939148351563567,-0.017981394952780436,-1.3972160977574724,0.0,1.0,-2.651698754018209,0.7104542821048112,2,0.0,-1.6210248441641866,0.0,-0.2664911926363578,1.0,0.5211595181256249,False,False,False,True,False,0
1.6529240923554886,-0.13439095378706303,-1.3972160977574724,1.0,1.0,0.43787166425642576,1.4389788492569113,2,0.0,-0.6639456984615392,0.0,-0.982613591364252,0.096982,-1.4191715978588444,False,False,False,True,False,0
-1.2137765563106901,1.3763604872147805,-1.6441313936092958,0.0,1.0,0.9871184697285527,0.4041527212394904,1,0.0,1.542375759640434,0.0,2.1409133351668364,1.466667,0.5211595181256249,False,False,False,True,False,0
-0.21151427322534833,0.5361512605130033,-1.169312244244817,1.0,1.0,0.11211676122513724,0.8821753772664608,2,0.0,-0.006340325950214585,0.0,1.163820376321623,0.327376,-1.4191715978588444,False,False,False,True,False,0
-1.032054851545633,0.9099504047244958,-1.3972160977574724,0.0,1.0,0.6845651359489809,1.6897404491030699,1,0.0,-1.6449050708254869,0.0,1.163820376321623,1.0,0.5211595181256249,False,False,False,True,False,0
-0.7943974613204954,0.12856236315244643,-1.3972160977574724,0.0,1.0,-2.6479295527800617,1.6897404491030699,2,0.0,-1.6449050708254869,0.0,0.7921760124940679,0.704978,0.5211595181256249,False,False,False,True,False,0
-0.837359791314438,-1.7291772535882377,-1.702494994760311,0.0,0.0,0.9722514811470733,0.025476428058633874,2,0.0,-1.1001881908795637,1.0,1.0196149359842739,0.370973,0.5211595181256249,False,False,False,True,False,0
-0.20688898174867157,0.0906024913564985,-1.394161253409679,1.0,1.0,-0.7850187010698834,0.4041527212394904,2,0.0,1.1061055260816934,0.0,-0.7491985929191456,2.0,-1.4191715978588444,False,False,False,True,False,0
-0.9949774937058796,0.026967981618926197,-1.3730843511849478,0.0,1.0,-0.7850187010698834,0.4041527212394904,1,0.0,-0.013073263985237213,0.0,-1.1880391100619079,1.525597,0.5211595181256249,False,False,False,True,False,0
-0.8288471744436812,-1.5551257205526534,-1.7907512432729429,0.0,1.0,-0.9925889129923261,-0.6016255520668531,1,0.0,0.009127807746824528,0.0,1.2523596544757605,1.683261,0.5211595181256249,False,False,False,True,False,0
-0.6525276588103874,-1.0308056613773344,-1.6010941051536096,0.0,0.0,1.088341755265735,0.26759502161036547,2,0.0,-1.6449050708254869,1.0,-0.28289541255388295,0.0,0.5211595181256249,False,False,False,True,False,0
-0.8026668740764626,-1.8375467379105312,-1.7027349034024437,0.0,1.0,1.088341755265735,-2.1670227344876687,2,0.0,-0.08668682862360755,0.0,-1.1880391100619079,0.907868,0.5211595181256249,False,False,False,True,False,0
-0.50240672719779,0.7054001890400917,-1.1579200590199272,1.0,1.0,-0.08936877593512714,1.688154033846886,2,0.0,0.41685893483573633,0.0,1.163820376321623,0.844004,-1.4191715978588444,False,False,False,True,False,0
-0.3592849672775873,0.02728958459940557,-1.3422996652905494,1.0,1.0,1.0591641661583076,0.4041527212394904,2,0.0,0.05985982678968056,0.0,1.1735288522814142,1.250871,-1.4191715978588444,False,False,False,True,False,0
-0.5623422770914576,-0.3626111488347715,-1.4047043254939797,1.0,1.0,1.0452881852582303,0.6531337820825579,2,0.0,0.7749921659875452,0.0,1.163820376321623,1.0,-1.4191715978588444,False,False,False,True,False,0
-0.2782428308566818,0.22280275653233242,-1.325370944649463,1.0,1.0,0.45780796623274905,0.4041527212394904,2,0.0,-1.5778204652462842,0.0,-0.2538781702108829,1.391948,-1.4191715978588444,False,False,False,True,False,0
-0.39004138239833624,-1.2181393975067283,-1.617339838504677,0.0,0.0,1.088341755265735,-1.272150828876388,2,0.0,0.8849352021416002,0.0,0.10414539940128197,0.0,-1.4191715978588444,False,False,False,True,False,0
-0.20124169708968867,-1.1048708277817978,-1.6647765977616504,0.0,0.0,0.6270304896140017,0.16294689497454218,2,0.0,0.5525963363605146,0.0,0.7078512665395296,0.0,-1.4191715978588444,False,False,False,True,False,0
-0.43867542779513236,-1.1716892070261187,-1.6259943079020327,0.0,0.0,1.088341755265735,-1.379282711002444,2,0.0,0.9115699608928463,0.0,0.2118640916668774,0.0,-1.4191715978588444,False,False,False,True,False,0
-0.4767306458605221,-1.5640555633106368,-1.6889827381633493,0.0,0.0,-0.18862503299315764,-2.0612137221335844,2,0.0,-1.2853064547111352,0.0,-1.1488477235808128,0.0,-1.4191715978588444,False,False,False,True,False,0
-0.13686164322398728,-1.1278761609854417,-1.6036479750398467,0.0,0.0,0.32898071437146137,-1.032931235650989,2,0.0,-0.14882208833266397,0.0,-0.6975364715115018,0.0,-1.4191715978588444,False,False,False,True,False,0
-0.3126439977275308,-1.107218529539299,-1.5912871806315103,0.0,0.0,0.8750727808351191,-0.46203386539996966,2,0.0,0.48760700282129465,0.0,0.48456807876176355,0.0,-1.4191715978588444,False,False,False,True,False,0
-0.8507494151325908,-0.7328404999629408,-1.5881653512855796,0.0,1.0,1.088341755265735,0.4041527212394904,1,0.0,1.4957086336284164,1.0,0.40247407153006,0.220087,0.5211595181256249,False,False,False,True,False,0
-0.837359791314438,-1.5234371068760593,-1.6979164899389154,0.0,1.0,1.088341755265735,-0.8950648077148987,1,0.0,0.3811887233700152,0.0,-0.9457681847208244,0.284453,-1.4191715978588444,False,False,False,True,False,0
-0.8290323752439911,-1.6629699200068282,-1.700061919371856,0.0,1.0,1.088341755265735,-1.221481959758101,1,0.0,0.5070502787997965,0.0,0.21541657542105963,0.74568,-1.4191715978588444,False,False,False,True,False,0
-0.742940482873869,-1.4491039379878634,-1.7139519117821467,0.0,1.0,1.0281188366759137,-2.1670227344876687,2,0.0,-1.4308332152451484,0.0,-1.1880391100619079,0.504176,0.5211595181256249,False,False,False,True,False,0
-0.5221243865315548,-1.9475992778306654,-1.7027349034024437,0.0,1.0,1.088341755265735,-2.1670227344876687,2,0.0,-1.6449050708254869,0.0,-1.1880391100619079,0.0,0.5211595181256249,False,False,False,True,False,0
-0.7312417817669711,-1.0955014609504903,-1.5953927423417675,0.0,0.0,1.088341755265735,0.37145765414446397,2,0.0,-1.4070476348286451,1.0,-0.15360899286840757,0.0,0.5211595181256249,False,False,False,True,False,0
-0.6412267847843263,-1.5275214647281503,-1.7045372734064956,0.0,1.0,0.37615567738290495,-2.1670227344876687,2,0.0,-1.3203614655856777,0.0,-1.1880391100619079,0.751212,0.5211595181256249,False,False,False,True,False,0
-0.5926275728997586,-1.9108722174598904,-1.7027349034024437,0.0,1.0,1.088341755265735,-2.1670227344876687,2,0.0,-1.3429150129880165,0.0,-1.1880391100619079,0.076654,0.5211595181256249,False,False,False,True,False,0
-0.5221243865315548,-1.9475992778306654,-1.7027349034024437,0.0,1.0,1.088341755265735,-2.1670227344876687,2,0.0,-1.6449050708254869,0.0,-1.1880391100619079,0.0,0.5211595181256249,False,False,False,True,False,0
-0.3648718843565544,-0.1311749239822669,-1.3549046074144466,1.0,1.0,1.088341755265735,1.3234996460138375,2,0.0,-0.38092731721039375,0.0,-1.0669536244054518,0.646423,-1.4191715978588444,False,False,False,True,False,0
-0.478838152159198,0.38351848597736055,-1.3789216698653022,1.0,1.0,1.088341755265735,1.0339852896989594,2,0.0,-1.1117954105216183,0.0,-0.25678624446579623,0.128394,-1.4191715978588444,False,False,False,True,False,0
-0.8516338080607095,0.32609091376304655,-1.3972160977574724,0.0,1.0,-2.558090678736031,0.8912092022301581,1,0.0,-1.6449050708254869,0.0,0.9914584742132903,0.861809,0.5211595181256249,False,False,False,True,False,0
-0.3939681122180145,0.1161806484039798,-1.3318838417887995,1.0,1.0,0.8659738690986971,0.5166982132875794,2,0.0,-1.2399170530038734,0.0,1.107877870648761,0.427461,-1.4191715978588444,False,False,False,True,False,0
-0.8571264697536465,-1.801709445785748,-1.7153625302976603,0.0,1.0,0.6430908088061673,-1.9566157334191479,1,0.0,-1.1473432346018262,0.0,-0.8906582373061422,1.001405,0.5211595181256249,False,False,False,True,False,0
-0.8040015807803135,-1.4332381909508658,-1.7052413796839552,0.0,1.0,-0.6520775496464825,-2.1670227344876687,1,0.0,-0.5401957333898086,0.0,-1.1880391100619079,1.718513,0.5211595181256249,False,False,False,True,False,0
-0.8391596278580459,-1.6874975073180767,-1.7204913890575746,0.0,1.0,0.5001253055809143,-2.1670227344876687,1,0.0,-1.1389164551513034,0.0,-1.1880391100619079,1.0647,0.5211595181256249,False,False,False,True,False,0
-0.7728943086540405,-0.33366688059160166,-1.404691951982351,0.0,1.0,0.7027985532704959,0.9304247702809088,1,0.0,-0.7587861312432876,0.0,1.163820376321623,1.0,0.5211595181256249,False,False,False,True,False,0
-0.7324051580283227,-0.27155462496163396,-1.431395059392736,0.0,0.0,0.5651140531716533,0.4041527212394904,1,0.0,-0.013073263985237213,0.0,1.0018184152508096,1.0,0.5211595181256249,False,False,False,True,False,0
-0.7178404942388417,-0.36741375334326526,-1.4305957458174672,0.0,0.0,0.8650222019868787,0.7659055375707511,1,0.0,-0.07813276629215102,0.0,0.5911766933497858,1.0,0.5211595181256249,False,False,False,True,False,0
-0.2978857793995129,-0.016802184024354475,-1.39059302289885,1.0,1.0,0.4784336648570037,0.4041527212394904,2,0.0,0.7267731679272221,0.0,0.3660978608541659,1.990617,-1.4191715978588444,False,False,False,True,False,0
-0.26410137059812167,0.020439441115188473,-1.3358415323971247,1.0,1.0,0.26398822005980915,0.4041527212394904,2,0.0,-0.028105698589849588,0.0,-0.6165301992922507,1.561272,-1.4191715978588444,False,False,False,True,False,0
-0.8362285690643748,-0.11738887621903807,-1.4011986881484573,0.0,1.0,-2.2595257293679976,0.6703606576359297,1,0.0,-1.5964347706669109,0.0,1.163820376321623,1.0,0.5211595181256249,False,False,False,True,False,0
-0.949551283788154,0.127426032621419,-1.3972160977574724,0.0,1.0,-2.394956576837869,1.0103536160853712,1,0.0,-1.6449050708254869,0.0,1.163820376321623,1.0,0.5211595181256249,False,False,False,True,False,0
-0.7878002147691994,-0.3148209459354951,-1.4081405336909196,0.0,1.0,0.2685760798173758,1.0319592034398464,1,0.0,-0.5505660245222787,0.0,1.163820376321623,1.0,0.5211595181256249,False,False,False,True,False,0
0.44694549984257853,-0.44200420461584505,-1.4140844020547425,1.0,1.0,-0.7772517486179159,0.9742543126869617,2,0.0,0.020810091651993375,0.0,0.08045864658417021,1.26729,-1.4191715978588444,False,False,False,True,False,0
0.16832894300319143,-0.7643254317518979,-1.5475712967186364,1.0,1.0,0.5090125275857706,0.4527350814754553,2,0.0,0.3333581012797201,0.0,0.7133005249694803,0.0,-1.4191715978588444,False,False,False,True,False,0
-0.22773880903871369,-0.4959584646409813,-1.3809983575669724,1.0,1.0,1.088341755265735,1.2305310838856551,2,0.0,-0.020943588789627772,0.0,-1.0489607234048746,0.065515,-1.4191715978588444,False,False,False,True,False,0
-1.1786315915022563,0.45391737840435525,-1.3972160977574724,0.0,1.0,-0.42898654634329936,0.9448940601580137,1,0.0,-1.0633120557085876,0.0,0.4018131990143863,0.98468,0.5211595181256249,False,False,False,True,False,0
-0.9010981835137033,-0.9882039865631314,-1.677660860453609,0.0,1.0,0.8945650963832912,-0.07733202253861698,1,0.0,1.3569441841019487,1.0,1.1046323045575521,1.253311,-1.4191715978588444,False,False,False,True,False,0
-1.213576224210951,0.817425227240503,-1.5972536573869511,0.0,1.0,0.9232556117720715,0.530653268073539,1,0.0,0.3074266620372219,0.0,1.5496981937607714,1.55011,0.5211595181256249,False,False,False,True,False,0
-1.1638189950669133,0.09938225272359184,-1.578670323274193,0.0,1.0,0.9211124874100235,0.5654168458226981,1,0.0,0.3202495963753728,0.0,1.6434891741480036,1.403037,0.5211595181256249,False,False,False,True,False,0
-0.21703767037025187,0.328352854725753,-1.212546172241786,1.0,1.0,1.088341755265735,0.4041527212394904,2,0.0,-0.007247624434817765,0.0,0.29310319797528034,0.417116,-1.4191715978588444,False,False,False,True,False,0
-0.2078851256277853,0.42558415582409886,-1.2109599567927283,1.0,1.0,1.088341755265735,0.4041527212394904,2,0.0,0.0029121603945700967,0.0,1.163820376321623,0.071317,-1.4191715978588444,False,False,False,True,False,0
-0.7873716522363972,0.3164321042493074,-1.410548289208357,0.0,1.0,0.9380064520052585,1.144783668024882,1,0.0,-0.09579408193758308,0.0,1.0934786109433783,1.0,0.5211595181256249,False,False,False,True,False,0
-1.166623644463267,0.4990489966649997,-1.3999486961450116,0.0,1.0,0.1412662499257199,1.131075446082673,1,0.0,-0.8432383227426911,0.0,1.106231569008293,0.956204,0.5211595181256249,False,False,False,True,False,0
-0.826164678766681,0.591617054546391,-1.4086855792401902,0.0,1.0,-1.3577611933853722,0.7469469753479465,1,0.0,-1.4892005753122106,0.0,1.163820376321623,1.0,0.5211595181256249,False,False,False,True,False,0
-0.9918926000346743,-0.0032090980494142002,-1.3938375180452474,0.0,1.0,-1.5320474100800996,0.9619795210613207,1,0.0,-1.5551233166449432,0.0,-0.2246363252869333,1.030848,0.5211595181256249,False,False,False,True,False,0
-0.7213582061208136,-0.018453079324149864,-1.397866470914989,0.0,1.0,-2.2746119011228685,1.0868486570687101,1,0.0,-1.4251658633799926,0.0,1.163820376321623,1.0,0.5211595181256249,False,False,False,True,False,0
-0.9801489778825951,0.2320970826681937,-1.3972160977574724,0.0,1.0,-2.559654934717071,1.6879637668631624,2,0.0,-1.6449050708254869,0.0,1.163820376321623,1.0,0.5211595181256249,False,False,False,True,False,0
-0.828700589980457,-1.2412948121012646,-1.6820438714292423,0.0,0.0,0.9203856235529652,0.4041527212394904,2,0.0,-1.6449050708254869,1.0,0.5300001243899776,0.0,0.5211595181256249,False,False,False,True,False,0
-0.5457482853836866,-1.8947920684359074,-1.7027349034024437,0.0,1.0,0.8380289511715386,-1.8760402369875702,2,0.0,-1.6449050708254869,0.0,-1.0175880937862614,0.0,0.5211595181256249,False,False,False,True,False,0
-0.7823105478126081,-1.9114725430234532,-1.7027349034024437,0.0,1.0,0.926269848746315,-2.088864142984474,2,0.0,-0.671987365605648,0.0,-1.0599239164006513,0.773087,0.5211595181256249,False,False,False,True,False,0
-0.47311993953413883,0.20328145561721703,-1.3972160977574724,1.0,1.0,0.93769360080905,1.3012756909622598,2,0.0,-1.4048283435713425,0.0,-0.0202726711473796,0.08922,-1.4191715978588444,False,False,False,True,False,0
-0.4104752565717676,0.02668925903584296,-1.3908859772436128,1.0,1.0,1.03065162001288,0.6746789468138236,2,0.0,1.2367075529103457,0.0,-0.469502527571241,1.300692,-1.4191715978588444,False,False,False,True,False,0
-0.33662064499761435,0.16919153968637482,-1.3402384826682656,1.0,1.0,0.12578854583547464,0.4041527212394904,2,0.0,-1.5398510027647252,0.0,1.4061265795550024,1.958089,-1.4191715978588444,False,False,False,True,False,0
-1.0228067904755174,0.07213176017761828,-1.3972160977574724,0.0,1.0,-1.4552302645680577,0.9859968709932676,1,0.0,-1.4829767688009219,0.0,-0.695471538882457,1.0,0.5211595181256249,False,False,False,True,False,0
-0.9949774937058796,0.6623697102519153,-1.3865591053485167,0.0,1.0,-1.595994569257116,0.4041527212394904,1,0.0,-0.022637430205127745,0.0,-1.0610610404623178,1.0,0.5211595181256249,False,False,False,True,False,0
-0.9506724185052644,-0.017981394952780436,-1.3972160977574724,0.0,1.0,-2.590162609748497,0.66845284544778,1,0.0,-0.427625448026741,0.0,-1.051661834024986,1.0,0.5211595181256249,False,False,False,True,False,0
-0.8914365335925132,-1.3685316712783615,-1.732516303728955,0.0,1.0,-1.4407435681592144,-1.5064427643408862,1,0.0,-0.7474400046903275,0.0,-0.9201599627033372,1.972926,0.5211595181256249,False,False,False,True,False,0
-0.6806022087249465,-1.7574354354730504,-1.8134165377682223,0.0,1.0,-2.4365058383989364,0.4041527212394904,1,0.0,-0.016754676541468876,0.0,1.6723429622566999,1.626194,0.5211595181256249,False,False,False,True,False,0
-0.6394524823085057,-1.7951273047852658,-1.7306670747780875,0.0,1.0,0.47694809001512994,0.12052507113049969,2,0.0,-1.2384581953685585,0.0,-1.1369896480504669,0.403694,0.5211595181256249,False,False,False,True,False,0
-0.8327110148001049,-1.3688532742588408,-1.6142775089461452,0.0,0.0,1.0583754814061908,0.4041527212394904,2,0.0,-1.6200212676029797,1.0,0.37339920862964376,0.0,0.5211595181256249,False,False,False,True,False,0
-0.7949481775726511,-1.2945308254699934,-1.5975622313806526,0.0,0.0,1.088341755265735,0.3724784108003876,2,0.0,-1.2421330805975626,1.0,-0.03597956472719196,0.0,0.5211595181256249,False,False,False,True,False,0
-0.6882149861327508,-1.0531677886200197,-1.5881653512855796,0.0,0.0,1.088341755265735,0.4041527212394904,2,0.0,0.7831284793764509,1.0,0.2588730590807111,0.0,0.5211595181256249,False,False,False,True,False,0
-0.7365741462565764,-1.7830457528185795,-1.7027349034024437,0.0,1.0,1.088341755265735,-2.1670227344876687,2,0.0,-0.8341947108691824,0.0,-1.1880391100619079,0.513427,0.5211595181256249,False,False,False,True,False,0
-0.837359791314438,-1.8231389243850429,-1.7027349034024437,0.0,1.0,0.6186303413277925,-1.6598082379240997,2,0.0,-1.1193769010961983,0.0,-0.6424676816378315,0.800993,0.5211595181256249,False,False,False,True,False,0
-0.7688419575255566,-1.8865911924336776,-1.7027349034024437,0.0,1.0,1.088341755265735,-2.1670227344876687,2,0.0,-0.39809581965016,0.0,-1.1880391100619079,0.560887,0.5211595181256249,False,False,False,True,False,0
2.7600383996026894,0.21629565622729396,-0.1400220995063084,0.0,1.0,0.744505177109896,0.870988192858592,1,0.0,1.1652121059572538,0.0,2.3397501195133885,0.26579,0.5211595181256249,True,False,False,False,False,5
-0.8631594449303813,0.5355080545520422,-0.2515205765888294,1.0,1.0,-0.7850187010698834,-1.2187475146609352,1,0.0,0.3263118515377846,0.0,1.9176760086490545,0.707044,2.461490634110094,False,False,False,True,False,5
1.4797384894988452,-0.6293379407452412,-0.4499872348993833,1.0,0.0,1.088341755265735,-1.979260075657737,1,0.0,-1.5240711891925802,0.0,-0.38848332012481485,0.0,0.5211595181256249,True,False,False,False,False,5
-0.3889334875682269,-0.9434690119784102,-0.7049503925599546,1.0,1.0,-1.2376338274833067,1.6665960132383415,1,0.0,0.27127016469306253,0.0,-0.10562400376772436,1.358163,0.5211595181256249,False,False,False,True,False,5
1.7042888644462164,-1.8421778208294382,-0.9044166320228773,0.0,1.0,-0.7850187010698834,-0.7456563731580493,1,0.0,-0.899841672626559,0.0,-1.1880391100619079,0.9974,0.5211595181256249,True,False,False,False,False,5
1.963450983514833,-1.6259962973510176,-0.9260403747198619,1.0,1.0,-0.049415617482857645,0.4041527212394904,1,0.0,1.538890166901023,0.0,-1.1880391100619079,0.369134,0.5211595181256249,True,False,False,False,False,5
-0.3851653211571545,0.31713963080636154,-0.3211900920919902,1.0,1.0,0.2967102071506241,-2.1670227344876687,1,0.0,-0.013073263985237213,0.0,1.5018096308990299,0.0,0.5211595181256249,False,False,False,True,False,5
1.0475835340236097,-0.7309644825768091,-0.6791058311832832,1.0,1.0,-0.6873192065510683,0.4041527212394904,1,0.0,-0.05864379902305785,0.0,-0.9195661181830254,0.0,0.5211595181256249,True,False,False,False,False,5
-0.2592817364943964,0.18504656662402152,-0.40613325648635773,1.0,1.0,-0.7850187010698834,0.4041527212394904,2,0.0,-0.013073263985237213,0.0,-1.1880391100619079,2.0,0.5211595181256249,False,False,False,True,False,5
-0.3942664825286413,-1.0899913298849377,-0.7708488130653378,1.0,1.0,-0.581363812501182,0.4041527212394904,1,0.0,1.2045947347835366,0.0,1.058494701083423,0.0,0.5211595181256249,False,False,False,True,False,5
-0.5221243865315548,0.5696194106815837,-0.3306039666706275,1.0,1.0,0.9296287840445251,-2.032496263468568,1,0.0,-0.7799591489370399,0.0,0.41197205606582005,0.0,0.5211595181256249,False,False,False,True,False,5
0.7515952997328523,-0.29061496160472594,-0.5722151887274994,1.0,1.0,-0.7850187010698834,0.4041527212394904,1,0.0,-0.49962839467176023,0.0,0.7901933949470468,0.0,0.5211595181256249,True,False,False,False,False,5
-0.04549286779550223,-1.093239519987784,-0.8316999483319149,0.0,1.0,0.9076467724498827,0.4041527212394904,1,0.0,-0.7475101734580216,0.0,-1.1880391100619079,0.273882,0.5211595181256249,False,False,False,True,False,5
1.305157969976036,0.21682094109541036,-0.5284388884708089,1.0,1.0,-0.7850187010698834,0.4041527212394904,1,0.0,-1.6449050708254869,0.0,-1.1880391100619079,1.339232,0.5211595181256249,True,False,False,False,False,5
-1.1618175654819467,-1.612188809389092,-1.2088477143400511,0.0,1.0,-1.2463337134425296,-1.786288215354502,1,0.0,-0.013073263985237213,1.0,-1.0584822265354983,1.944675,0.5211595181256249,False,False,False,True,False,5
-1.2829462969166625,-1.0488047081848453,-0.8243683371731508,1.0,1.0,0.23327072865727405,-2.1670227344876687,1,0.0,-0.013073263985237213,1.0,-0.37161343202898567,1.056911,0.5211595181256249,False,False,False,True,False,5
-0.09457218320155439,-1.2122326227652525,-0.9259914153312575,0.0,1.0,-0.04077005897686911,-0.03733353156159694,1,0.0,0.08656964980404239,0.0,1.061492145998819,1.887386,0.5211595181256249,False,False,False,True,False,5
1.71511530918808,-0.3022569894980907,-0.5114563965199288,1.0,0.0,1.088341755265735,0.1595259460306969,1,0.0,-0.679798944464992,0.0,-0.9786965693896802,0.0,0.5211595181256249,True,False,False,False,False,5
2.0341448873029306,-1.155448256511897,-0.8885032649425012,1.0,1.0,-0.08318293970830751,0.4041527212394904,1,0.0,-0.013073263985237213,0.0,2.2138339144719006,0.480813,0.5211595181256249,True,False,False,False,False,5
-1.2618447541559012,-0.9145461839339419,-0.7409950047818891,1.0,1.0,-1.4953126848918146,-2.1670227344876687,1,0.0,-0.013073263985237213,1.0,-0.09843201745836351,1.657098,-1.4191715978588444,False,False,False,True,False,5
-0.9481289416417736,-0.6891024946177078,-0.6334190836450437,1.0,1.0,-0.7850187010698834,-0.8827025961237625,1,0.0,0.5191731572928129,0.0,-1.179748805372406,0.0,-1.4191715978588444,False,False,False,True,False,5
-0.8987107481755804,-1.6182456655214577,-0.9913221055160513,0.0,1.0,0.757092286016015,-0.052626883172262245,1,0.0,-1.2748643629791645,1.0,-0.3089987009932538,0.008899,0.5211595181256249,False,False,False,True,False,5
-1.0814962148140779,-1.0899913298849377,-0.8243683371731508,1.0,1.0,1.088341755265735,-0.3032766368860964,1,0.0,-0.013073263985237213,1.0,-0.6240726126650826,1.720642,0.5211595181256249,False,False,False,True,False,5
1.1390705227288882,-0.47362849769634385,-0.4943456630503795,1.0,1.0,-0.7850187010698834,0.4041527212394904,1,0.0,-1.6449050708254869,0.0,-1.1880391100619079,1.112489,0.5211595181256249,True,False,False,False,False,5
-0.837359791314438,0.6252245660065153,-0.26889703503958834,1.0,1.0,-0.7850187010698834,-1.9783061695636621,1,0.0,1.6187585428550124,0.0,0.9400938630306737,1.690102,2.461490634110094,False,False,False,True,False,5
-0.9949774937058796,-0.6109958507585518,-0.6948232843295391,1.0,1.0,-0.7850187010698834,-1.9977172586666745,1,0.0,-1.0826753719285542,0.0,-1.1880391100619079,1.59257,-1.4191715978588444,False,False,False,True,False,5
-0.9523523079773523,0.3804310973647576,-0.3775557148236394,1.0,1.0,0.7866726476215543,0.4041527212394904,1,0.0,0.6819679620068101,0.0,-0.01210936687014236,1.453335,2.461490634110094,False,False,False,True,False,5
-0.7087078093268766,-2.0778163246268737,-0.8526525425925991,0.0,1.0,0.27916805983749704,0.4041527212394904,1,0.0,-0.31009439397087907,1.0,-1.1880391100619079,0.0,0.5211595181256249,False,False,False,True,False,5
-0.5201475453081613,-0.9276354252394626,-0.6848475606673211,1.0,1.0,-1.2911557357208154,1.192142148743921,0,0.0,0.05824268146910193,0.0,-0.5270278346784391,0.426643,0.5211595181256249,False,False,False,True,False,5
-0.5109027942097962,-0.9134634538996591,-0.6803219487891526,1.0,1.0,-1.8106385902626825,1.6261719927233997,0,0.0,0.16619651465061894,0.0,-0.5896707880280075,1.194633,0.5211595181256249,False,False,False,True,False,5
2.826424296349025,0.7134617037507824,-0.4184365751693818,1.0,1.0,1.088341755265735,0.3422349595023966,1,0.0,0.16974411699868985,0.0,-0.7427345071208206,0.0,0.5211595181256249,True,False,False,False,False,5
1.3688337879474526,-0.3133630124239859,-0.44962252182514445,1.0,1.0,0.9917231897302253,-1.9116497314616636,1,0.0,-1.6449050708254869,0.0,-1.1880391100619079,0.173796,0.5211595181256249,True,False,False,False,False,5
1.290659348003857,-0.27548890142283267,-0.44400708617739026,1.0,1.0,-0.23828594533015834,-1.452805473158962,1,0.0,-1.6449050708254869,0.0,-1.1880391100619079,0.388271,0.5211595181256249,True,False,False,False,False,5
-0.3741480013776952,-0.9695081332979124,-0.7121034279768185,1.0,1.0,-0.9607511520369024,1.6739367191644428,1,0.0,0.9623476712262944,0.0,1.0723730239125724,1.376124,0.5211595181256249,False,False,False,True,False,5
-0.37876572720465723,-0.9682538816740426,-0.7072748178231519,1.0,1.0,-1.095706165950864,1.6845428179193176,1,0.0,1.0196657634415587,0.0,0.2655441085138381,1.980875,0.5211595181256249,False,False,False,True,False,5
2.071593434831815,-2.0665066198133415,-0.893726987291568,1.0,1.0,-0.6940071033801861,-2.1063468504956915,1,0.0,-0.013073263985237213,0.0,-1.0100503841324022,0.22596,0.5211595181256249,True,False,False,False,False,5
2.4726119589058357,-1.5069067136794037,-0.9056442065839586,1.0,1.0,0.9913916049294541,0.4041527212394904,1,0.0,0.6884691799252616,0.0,-1.0473508755864451,0.360193,0.5211595181256249,True,False,False,False,False,5
2.306054495670157,-1.5753116676274244,-0.9003033177729267,1.0,1.0,0.8437483206447312,0.4041527212394904,1,0.0,1.5737624126131993,0.0,1.3528981197294272,0.305954,0.5211595181256249,True,False,False,False,False,5
-0.3665019666346863,0.3055726436084453,-0.30672629717484756,1.0,1.0,-0.23480336824183032,-2.1670227344876687,1,0.0,-0.013073263985237213,0.0,1.2390128518905343,0.0,0.5211595181256249,False,False,False,True,False,5
-0.4908818784166305,0.4519984806208275,-0.29427946103287156,1.0,1.0,0.17148730080732574,-2.1670227344876687,1,0.0,-0.013073263985237213,0.0,1.3045579998463002,0.0,0.5211595181256249,False,False,False,True,False,5
0.7893147920921482,-0.6343227869426751,-0.6369818911970728,1.0,1.0,-0.09759095497798453,0.4041527212394904,1,0.0,-0.1328872507388689,0.0,0.6713903889221259,0.0,0.5211595181256249,True,False,False,False,False,5
1.0943376730839824,-0.09216448245008621,-0.5598127673818938,1.0,1.0,0.36857418761611405,0.4041527212394904,1,0.0,-0.38548828711051203,0.0,-0.2950121926277309,0.686529,0.5211595181256249,True,False,False,False,False,5
-0.4137765593483565,-1.0396390232411747,-0.7091697218354639,1.0,1.0,-0.9693367630082886,0.7467631363028621,0,0.0,1.4996266617966396,0.0,-0.02872290228195566,0.307982,0.5211595181256249,False,False,False,True,False,5
-0.45033535494724136,-0.9720702370424014,-0.705679398620074,1.0,1.0,-0.8275477301496146,1.1176204849228526,0,0.0,0.34259590113824334,0.0,-0.0378387096511782,0.459759,0.5211595181256249,False,False,False,True,False,5
-0.5221243865315548,0.5662318592871983,-0.32954545857862,1.0,1.0,0.052133632773727026,-0.40279655407547216,1,0.0,-0.322615439424764,0.0,-1.0764516089412117,1.650778,0.5211595181256249,False,False,False,True,False,5
-0.5221243865315548,0.5495835449977028,-0.3292166057741938,1.0,1.0,0.7868206430976047,-0.7451498515932711,1,0.0,-0.6018349162295855,0.0,0.12584012723342677,0.967919,0.5211595181256249,False,False,False,True,False,5
-0.5201432896301968,0.6105165896992469,-0.3137685438348147,1.0,1.0,1.088341755265735,-2.1670227344876687,1,0.0,-0.013073263985237213,0.0,2.306626530507163,0.0,0.5211595181256249,False,False,False,True,False,5
-0.519504307464702,0.5762015516820684,-0.31644011484092666,1.0,1.0,1.088341755265735,-2.1670227344876687,1,0.0,-0.013073263985237213,0.0,2.1956669758693312,0.0,0.5211595181256249,False,False,False,True,False,5
-0.837359791314438,0.8383615812697267,-0.24801146396689264,1.0,1.0,-2.511266034129922,-1.894984657745368,1,0.0,0.9139100077038554,0.0,2.3397501195133885,0.817983,-1.4191715978588444,False,False,False,True,False,5
0.5654037145456758,-0.017981394952780436,-0.47134120449098343,1.0,1.0,-0.7850187010698834,0.4041527212394904,1,0.0,-0.013073263985237213,0.0,0.8369742319907015,0.0,0.5211595181256249,True,False,False,False,False,5
-0.39082962852799585,-1.294059141098624,-0.8104694847174965,0.0,1.0,-0.7448426127233095,0.4041527212394904,1,0.0,-1.517757631931915,0.0,-0.5720318418801311,0.808599,0.5211595181256249,False,False,False,True,False,5
0.9367447166718166,-0.531645675374872,-0.49685290312890495,1.0,1.0,-0.7850187010698834,0.4041527212394904,1,0.0,-1.6449050708254869,0.0,-1.1880391100619079,0.018877,0.5211595181256249,True,False,False,False,False,5
0.993146950530975,-0.6021088883979645,-0.6651556897581309,1.0,1.0,-0.7841457150972312,0.4041527212394904,1,0.0,-1.4304040434799496,0.0,-1.115877005441202,0.0,0.5211595181256249,True,False,False,False,False,5
-0.9949774937058796,-2.629976481812383,-1.1862751829921359,0.0,1.0,-0.7850187010698834,0.4041527212394904,1,0.0,-1.5790737120739373,1.0,-0.6031634059013898,1.783319,0.5211595181256249,False,False,False,True,False,5
-0.9949774937058796,-2.1774274877807707,-1.1918879071604902,0.0,1.0,-0.7850187010698834,0.4041527212394904,1,0.0,-1.196611500513947,1.0,-1.035283484561811,0.978574,0.5211595181256249,False,False,False,True,False,5
-1.1603974299834,-1.052460262062963,-0.8243683371731508,1.0,1.0,1.0135572058488174,-2.1670227344876687,1,0.0,-0.013073263985237213,1.0,-0.3225171893209863,1.344072,-1.4191715978588444,False,False,False,True,False,5
-0.3901892278031796,-1.539753098085727,-0.877924523537641,0.0,1.0,0.22500358896346498,-1.4072635278993948,1,0.0,-0.04929829826528404,0.0,0.2990604580542898,0.0,0.5211595181256249,False,False,False,True,False,5
0.4235818278170949,-1.6259962973510176,-0.9054321383429903,0.0,1.0,-0.32765273253919264,-1.2609045074330376,1,0.0,-1.6449050708254869,0.0,-0.2556103147226044,0.395468,0.5211595181256249,False,False,False,True,False,5
1.7607475254428313,-0.5806365294012736,-0.48383249361918085,1.0,0.0,1.088341755265735,0.05063152312974039,1,0.0,-0.6291876809758417,0.0,-0.12657319214268556,0.0,0.5211595181256249,True,False,False,False,False,5
2.4726119589058357,-1.402900309792287,-0.9308579861965256,1.0,1.0,-0.31036348888767135,0.4041527212394904,1,0.0,1.222086339921057,0.0,0.006754898070139811,0.213437,0.5211595181256249,True,False,False,False,False,5
-1.2503039859868,-0.9064203486271557,-0.7130998775614298,1.0,1.0,0.8104549586147347,-2.1670227344876687,1,0.0,-0.013073263985237213,0.0,-0.03806331223212776,1.765321,-1.4191715978588444,False,False,False,True,False,5
-1.1737184901010125,-0.6177387932492749,-0.7312007974800747,1.0,1.0,-2.069862970047667,-2.079350793798284,1,0.0,-1.0493566300964898,1.0,-1.1880391100619079,0.057926,-1.4191715978588444,False,False,False,True,False,5
-1.2955175696239993,-0.9944323642850865,-0.8243683371731508,1.0,1.0,-2.0569779968289907,-2.1670227344876687,1,0.0,-0.013073263985237213,1.0,-0.7512376550938402,0.965604,-1.4191715978588444,False,False,False,True,False,5
-0.9949774937058796,-0.575737443998632,-0.678525383642408,1.0,1.0,-0.7850187010698834,-1.6377655507421507,1,0.0,-0.24301631571890364,0.0,-1.1880391100619079,1.306,-1.4191715978588444,False,False,False,True,False,5
-0.862706294036006,-0.8238005429419353,-0.634350648673306,1.0,1.0,-0.30918889188154863,0.08573578162678308,1,0.0,0.5227077049864287,0.0,-0.22905782112133433,0.024088,-1.4191715978588444,False,False,False,True,False,5
-0.7228470629376033,-2.073378203496256,-0.9731548498267307,0.0,1.0,0.6726037294352782,0.4041527212394904,1,0.0,-0.5080225374861466,1.0,-0.08003106883689877,0.879925,0.5211595181256249,False,False,False,True,False,5
-0.8456974525355404,-1.9592091454259801,-1.0051045934966059,0.0,1.0,0.7849266756762492,0.06677721940397907,1,0.0,-1.4091592251866967,1.0,-0.3016444363793325,1.286844,0.5211595181256249,False,False,False,True,False,5
-1.029466926490068,-1.0899913298849377,-0.8243683371731508,1.0,1.0,1.088341755265735,0.3700897888020172,1,0.0,-0.013073263985237213,1.0,-0.9775759083444184,0.166076,0.5211595181256249,False,False,False,True,False,5
1.4088524497315327,0.30768450318025936,-0.40731534693524873,1.0,1.0,-0.7592000472606659,-0.07673165306970413,1,0.0,-1.5705163860788673,0.0,-0.537391303505188,0.480214,0.5211595181256249,True,False,False,False,False,5
-0.8397053003437249,0.6157587182810648,-0.2515205765888294,1.0,1.0,-0.7850187010698834,-1.6376074234516236,1,0.0,1.049565817638292,0.0,2.1967735257576746,0.953841,-1.4191715978588444,False,False,False,True,False,5
-0.8575479394898411,0.574346974494636,-0.2515205765888294,1.0,1.0,-0.7850187010698834,-2.044605214277315,1,0.0,0.760630414255544,0.0,2.194753278458871,0.7939,-1.4191715978588444,False,False,False,True,False,5
-0.5253943233853675,0.5882402232513564,-0.30033881550522834,1.0,1.0,-0.7850187010698834,0.4041527212394904,1,0.0,1.3139878436186863,0.0,-0.919041653517562,2.0,2.461490634110094,False,False,False,True,False,5
-0.857983910054656,0.5906415255056044,-0.2519105331543845,1.0,1.0,-0.7850187010698834,-0.03469679113174899,1,0.0,1.2624121675316933,0.0,1.1120700601832398,1.409198,2.461490634110094,False,False,False,True,False,5
-0.9577660032013912,-0.8755893428985058,-0.6567187115605435,1.0,1.0,-0.3654046924552679,-2.1670227344876687,1,0.0,0.3183844126201546,0.0,-1.0652120724557848,1.899073,-1.4191715978588444,False,False,False,True,False,5
-0.5376665953112679,0.08477075731046649,-0.4424698301169366,1.0,1.0,-0.5899925107630636,0.4041527212394904,1,0.0,-0.22352571661800377,0.0,-0.01210936687014236,0.0,0.5211595181256249,False,False,False,True,False,5
-1.1391582869684511,-1.7801727661929618,-1.1199912359438788,0.0,1.0,-0.8364518123985778,-0.4448314160134273,1,0.0,-0.4845519006083632,1.0,-1.07571782878146,1.191053,0.5211595181256249,False,False,False,True,False,5
-0.5221243865315548,-0.8954429668934514,-0.6723191510042376,1.0,1.0,-2.391485239912279,0.4041527212394904,0,0.0,0.3095921028448987,0.0,-0.2149501919922628,0.572877,0.5211595181256249,False,False,False,True,False,5
2.3054501893991874,0.39282353221257266,0.013320156817646235,0.0,1.0,0.7955523761845851,0.47940974124089664,1,0.0,-1.432638021223514,0.0,2.144984403937766,0.044954,0.5211595181256249,True,False,False,False,False,5
2.467170050113069,0.4032434687801129,-0.2166004645209218,0.0,1.0,-0.005618323374187562,0.6561831961730501,1,0.0,-1.0694412159750797,0.0,-1.013263024190802,1.08266,0.5211595181256249,True,False,False,False,False,5
-0.861708889215273,0.5552330373547947,-0.2515205765888294,1.0,1.0,-0.7850187010698834,-1.6633577456407311,1,0.0,1.0402415306940072,0.0,1.96943455629564,0.97554,-1.4191715978588444,False,False,False,True,False,5
1.4847767393557876,-0.23533140926027607,-0.44685318480122643,1.0,1.0,1.088341755265735,-1.9907043776111786,1,0.0,-1.643770947719733,0.0,-0.8807992423392225,0.0,0.5211595181256249,True,False,False,False,False,5
-0.432079284567753,-1.0801931590796594,-0.707549326470024,1.0,1.0,-1.2217945648249893,0.818783046405508,1,0.0,0.9926002010933059,0.0,-0.07906915830696792,0.256977,0.5211595181256249,False,False,False,True,False,5
-0.49602699307579434,-0.8997202865338287,-0.6751172067958864,1.0,1.0,-2.3060206625337916,0.7500889517548452,1,0.0,0.05144120649819185,0.0,-0.271183152311693,1.043108,0.5211595181256249,False,False,False,True,False,5
2.266489772868964,-1.6455283183654814,-0.9258984230447893,1.0,1.0,1.007170920053169,0.35979223110182984,1,0.0,1.4035721461506026,0.0,-1.1880391100619079,0.54925,0.5211595181256249,True,False,False,False,False,5
2.307565103729876,-1.4283069452501789,-0.9062827790776075,1.0,1.0,-0.7797807852339689,0.4041527212394904,1,0.0,0.8465349360630356,0.0,-0.869157537881624,0.806069,0.5211595181256249,True,False,False,False,False,5
1.9416697932213596,-1.8155062136483255,-0.92300401425981,1.0,1.0,-0.24435937992959877,0.20528129885308974,1,0.0,1.0283030491951641,0.0,-1.1880391100619079,0.990741,0.5211595181256249,True,False,False,False,False,5
-0.3651185560607969,0.3057548852973831,-0.289822629075824,1.0,1.0,-0.26595360590977957,-2.1670227344876687,1,0.0,-0.013073263985237213,0.0,0.06049606326374694,0.0,0.5211595181256249,False,False,False,True,False,5
-0.37218124768725513,0.3054118421182045,-0.3115049168139407,1.0,1.0,-0.525869255703152,-2.1670227344876687,1,0.0,-0.013073263985237213,0.0,1.480213681165313,0.0,0.5211595181256249,False,False,False,True,False,5
0.8861054588651965,-0.6746518006948233,-0.6623534712727548,1.0,1.0,-0.7295035373068334,0.4041527212394904,1,0.0,-0.29453977318807767,0.0,-0.6233505918027629,0.0,0.5211595181256249,True,False,False,False,False,5
1.0803073333056084,-0.22318553669749416,-0.5641663721724841,1.0,1.0,-0.694692753307205,0.4041527212394904,1,0.0,-1.1458647949848288,0.0,-0.987599533475385,0.276806,0.5211595181256249,True,False,False,False,False,5
-0.5954787195183173,0.6077722442658202,-0.2717797959201022,1.0,1.0,0.8180158414165056,-2.1670227344876687,1,0.0,1.0702362311355373,0.0,2.0607149266811575,0.783336,0.5211595181256249,False,False,False,True,False,5
-0.520636948274087,-1.0169874533160579,-0.7184329756429175,1.0,1.0,-0.7850187010698834,0.6051016533941184,0,0.0,1.6187585428550124,0.0,0.19907820756915315,0.086868,0.5211595181256249,False,False,False,True,False,5
-0.43729059866192105,-0.979284863904494,-0.709807263203143,1.0,1.0,-0.9949268668418332,1.3405452536975808,0,0.0,1.1000106342831446,0.0,0.13362478213335635,0.492528,0.5211595181256249,False,False,False,True,False,5
-0.3937206524252597,-0.9632583153772579,-0.7426280409879121,1.0,1.0,-1.0193105265414975,0.8802855633065015,1,0.0,0.8987502902183095,0.0,0.23027444772628752,0.271024,0.5211595181256249,False,False,False,True,False,5
-0.36769544787719427,-1.0899913298849377,-0.7813297502625409,1.0,1.0,-0.38574002020879156,0.4041527212394904,1,0.0,0.06324098229345368,0.0,1.3667223497903895,0.0,0.5211595181256249,False,False,False,True,False,5
-0.5221243865315548,0.5563800879851729,-0.32869577259027055,1.0,1.0,-0.27256469496018776,-0.37996580161634247,1,0.0,-0.5868187999430416,0.0,-0.15952039168743257,1.102696,0.5211595181256249,False,False,False,True,False,5
-0.5176322820133985,0.43616489388188,-0.30251861580380346,1.0,1.0,0.6775119338308773,-2.03665899653139,1,0.0,-0.6997366654809664,0.0,0.16871922938917136,0.0,0.5211595181256249,False,False,False,True,False,5
0.8118207085812172,-0.45566161118688076,-0.588736920129616,1.0,1.0,-0.7850187010698834,0.4041527212394904,1,0.0,-1.185245791979305,0.0,0.7049737664579395,0.0,0.5211595181256249,True,False,False,False,False,5
-0.3267042848693593,-1.0906345358458989,-0.8081780554853084,0.0,1.0,1.078000805546762,0.4041527212394904,1,0.0,-0.4919049347299852,0.0,-0.26585619057503423,0.150969,0.5211595181256249,False,False,False,True,False,5
1.1527812138068128,-0.3822182105446792,-0.5224322741822764,1.0,1.0,-0.7850187010698834,0.4041527212394904,1,0.0,-1.6449050708254869,0.0,-1.1880391100619079,1.301385,0.5211595181256249,True,False,False,False,False,5
-1.0863533619309722,-2.2755378370257624,-1.2589457715332966,0.0,1.0,-1.0912119742161148,-1.0546833800064408,1,0.0,-0.013073263985237213,1.0,-0.8114958229242158,1.969507,0.5211595181256249,False,False,False,True,False,5
-1.0252672028098477,-1.9683212298729036,-1.1748702423571105,0.0,1.0,-1.2097750841371395,-0.7295389598138237,1,0.0,-1.5221276775106332,1.0,-1.0876288211502494,1.915191,0.5211595181256249,False,False,False,True,False,5
-1.2722938621182394,-0.9127559273426049,-0.8219644770204856,1.0,1.0,-0.057840119454999284,-2.1670227344876687,1,0.0,-0.9301333664569343,1.0,-1.0576437886286025,1.165817,-1.4191715978588444,False,False,False,True,False,5
-0.16709728945603544,-1.2013088415282949,-0.8195058526219082,0.0,1.0,-0.24896409993127144,0.35416007126605953,1,0.0,1.0595346781462798,0.0,1.0592567035570113,1.618227,0.5211595181256249,False,False,False,True,False,5
1.6487287819709364,-0.27942317788403376,-0.49970751808944874,1.0,1.0,1.088341755265735,-0.3659876062512822,1,0.0,-0.8131049165975792,0.0,-0.9915118517309841,0.0,0.5211595181256249,True,False,False,False,False,5
2.348805460325192,-1.2961924408691397,-0.9148255049717984,1.0,1.0,0.1276206923617707,0.4041527212394904,1,0.0,0.6347264311987848,0.0,-0.5094535646664381,0.435072,0.5211595181256249,True,False,False,False,False,5
-1.251892930044608,-0.9407568268430335,-0.757965008651588,1.0,1.0,-0.3983589762426676,-2.1670227344876687,1,0.0,-0.013073263985237213,1.0,-0.07216409885494576,1.772463,-1.4191715978588444,False,False,False,True,False,5
-0.9961254234323966,-0.8897077137415624,-0.7405956535130603,1.0,1.0,-0.8730909962035898,-2.1670227344876687,1,0.0,-1.0984763993141882,1.0,-0.32693398143641456,1.890214,-1.4191715978588444,False,False,False,True,False,5
-0.7393932964815493,-1.4488573757028278,-0.9536027919609739,0.0,1.0,0.9174107271483043,0.013399616943083533,1,0.0,-0.6285561620665946,1.0,-0.5530934933660278,0.001096,0.5211595181256249,False,False,False,True,False,5
-0.7182328047000934,-1.7082408995590141,-0.8680501557391958,0.0,1.0,0.3929334936298467,0.099318015971662,1,0.0,-0.8093500716100396,1.0,-0.8308833766002184,0.003229,0.5211595181256249,False,False,False,True,False,5
-1.1369886792950326,-1.0899913298849377,-0.8243683371731508,1.0,1.0,1.088341755265735,-0.3654759423355923,1,0.0,-0.013073263985237213,1.0,-0.4073440572758675,1.753745,0.5211595181256249,False,False,False,True,False,5
-1.1119093385790182,-1.088018831604663,-0.8243683371731508,1.0,1.0,0.6193066244525302,-0.49754308403129005,1,0.0,-0.013073263985237213,1.0,-0.5441999367182684,1.619473,0.5211595181256249,False,False,False,True,False,5
1.2556250308225019,-0.5966523578291588,-0.47502885466496925,1.0,1.0,0.8732387609483664,-0.15778410254831932,1,0.0,-1.6171541391183615,0.0,-0.4958010203479817,0.916291,0.5211595181256249,True,False,False,False,False,5
1.1791911631664154,-0.552378347516461,-0.4878879502453125,1.0,1.0,-0.08720317124760328,0.21111915272531842,1,0.0,-1.5983358547218798,0.0,-0.39313059446990867,0.303025,0.5211595181256249,True,False,False,False,False,5
-0.837359791314438,0.6252245660065153,-0.27637372944118305,1.0,1.0,-0.7850187010698834,-1.017950281858195,1,0.0,1.6187585428550124,0.0,0.4303095044811523,1.801322,-1.4191715978588444,False,False,False,True,False,5
-0.9949774937058796,-0.8515656002566768,-0.7002418131070557,1.0,1.0,-0.7850187010698834,-2.1537567547238443,1,0.0,-1.123637613943858,0.0,-1.1880391100619079,1.626456,-1.4191715978588444,False,False,False,True,False,5
-0.9944805250902392,0.3035787051294713,-0.41127391591014,1.0,1.0,1.0739712072051841,0.4041527212394904,1,0.0,-0.005064233477265412,0.0,-0.01210936687014236,1.405086,2.461490634110094,False,False,False,True,False,5
-0.9867192718067825,0.25251887192865186,-0.4053984837587812,1.0,1.0,0.952352646379876,0.4041527212394904,1,0.0,0.3295967289649537,0.0,-0.01210936687014236,0.797215,2.461490634110094,False,False,False,True,False,5
-0.7153137248518041,-1.7220591076202882,-0.8347961522880225,0.0,1.0,0.5378248114042123,-0.0203920564838108,1,0.0,-0.045957938556681836,1.0,-0.6644705030626925,0.908836,0.5211595181256249,False,False,False,True,False,5
0.6732394418138044,-1.3198302599343938,-0.8044048218558913,1.0,0.0,-0.7850187010698834,-0.516748479097844,1,0.0,-0.06101321880658991,0.0,1.0030213913780948,1.581703,0.5211595181256249,False,False,False,True,False,6
-0.6178511338134608,-1.8914902778363167,-0.8159570607450887,1.0,0.0,0.05988372498158759,0.4041527212394904,1,0.0,-0.013073263985237213,0.0,1.372245691794161,1.323877,-1.4191715978588444,False,False,False,True,False,6
-0.34009895245398886,-2.358372044697971,-0.9628497768920272,1.0,0.0,-0.7850187010698834,0.38267954942098487,1,0.0,-0.9046637356157716,0.0,-0.8012052617415448,0.509396,-1.4191715978588444,False,False,False,True,False,6
-0.568199193294621,-1.4129021624852023,-0.6432215399546104,1.0,0.0,-0.002637806888156952,0.4041527212394904,1,0.0,-0.11477881317836278,0.0,0.4782944935818356,1.0,-1.4191715978588444,False,False,False,True,False,6
-0.5797030789213629,-1.431019130385558,-0.7134641323574602,1.0,0.0,0.1754887987420589,0.4041527212394904,1,0.0,-1.430859324554058,0.0,-1.0758683477885886,1.0,-1.4191715978588444,False,False,False,True,False,6
-0.2210758359055206,-0.017574031177506402,-0.2515205765888294,1.0,1.0,-0.7850187010698834,0.4041527212394904,1,0.0,-0.013073263985237213,0.0,-0.04372541394559613,1.540298,-1.4191715978588444,False,False,False,True,False,6
-0.20688898174867157,-0.3540672296533605,-0.23401652584686283,1.0,1.0,-0.7850187010698834,-0.5521715633513969,1,0.0,-1.4117603650867998,0.0,-0.2389744366456705,1.611271,-1.4191715978588444,False,False,False,True,False,6
0.18107296471234885,-0.017981394952780436,-0.32576286843578034,1.0,1.0,0.4543141489816831,0.4041527212394904,1,0.0,1.6187585428550124,0.0,-0.5391493184712597,0.658783,0.5211595181256249,False,False,False,True,False,6
0.7121101738713674,-0.017981394952780436,-0.3279002780000723,1.0,1.0,1.088341755265735,0.4041527212394904,1,0.0,-0.5026701291597107,0.0,0.8429256124209951,1.0,2.461490634110094,True,False,False,False,False,6
-0.8330136407886962,-0.4481039411456095,-0.3556775895311049,1.0,1.0,-0.6698800940630399,0.16282604972812267,1,0.0,1.6187585428550124,0.0,-0.7618339580097412,0.78519,0.5211595181256249,False,False,False,True,False,6
0.13875245400254485,-0.017981394952780436,-0.22289128767840544,1.0,1.0,0.2364685549562392,0.4041527212394904,1,0.0,0.4268098451938477,0.0,-0.5964029858077805,1.0,2.461490634110094,False,False,False,True,False,6
0.3598874109567966,-0.4386809738175574,-0.3059492864723909,1.0,1.0,-0.7850187010698834,-0.11315749575099089,1,0.0,-0.013073263985237213,0.0,-1.1880391100619079,0.434198,2.461490634110094,False,False,False,True,False,6
2.8176407346478562,-0.5779136241665461,-0.28339741583370737,1.0,1.0,-0.7850187010698834,0.4041527212394904,1,0.0,-1.6449050708254869,0.0,-1.1880391100619079,1.48189,-1.4191715978588444,True,False,False,False,False,6
0.7026994513323843,-1.8093421565224657,-0.8231508829225063,1.0,0.0,-0.7850187010698834,-2.1670227344876687,1,0.0,-1.6449050708254869,0.0,-0.8797444333595796,0.0,-1.4191715978588444,False,False,False,True,False,6
0.18453582563388932,-1.4621074184985894,-0.8301492494440131,1.0,0.0,-0.7850187010698834,-2.1670227344876687,1,0.0,-1.6449050708254869,0.0,-0.317106736572561,0.0,-1.4191715978588444,False,False,False,True,False,6
-0.41602403016675593,-2.162001264817097,-0.8758356532735957,1.0,0.0,-0.7850187010698834,-1.5565794001398379,1,0.0,-0.013073263985237213,0.0,-0.8648489313025693,0.613902,-1.4191715978588444,False,False,False,True,False,6
-0.13288148100319885,-2.0858242388408175,-0.8314674867106695,1.0,0.0,-0.312047639937917,1.6725804241115467,1,0.0,-0.013073263985237213,0.0,-0.0893844140142461,0.890626,-1.4191715978588444,False,False,False,True,False,6
2.230595966356468,-0.056327190325303124,-0.2909355958949381,1.0,1.0,1.088341755265735,0.4041527212394904,1,0.0,1.588739364936379,0.0,-1.1880391100619079,0.0,-1.4191715978588444,True,False,False,False,False,6
2.0779648152155845,-0.5208826956281555,-0.2515205765888294,1.0,1.0,-0.7218021524708377,0.4041527212394904,1,0.0,-0.8008808645325386,0.0,-1.1880391100619079,1.517897,-1.4191715978588444,True,False,False,False,False,6
1.4780819274467105,-0.21263695893776072,-0.34980349402452116,1.0,1.0,1.088341755265735,-0.0075901738897451035,1,0.0,-0.01350243575043604,0.0,0.866718198914994,0.681773,-1.4191715978588444,True,False,False,False,False,6
1.5851748024834689,-0.5303807036516537,-0.36100247679469105,1.0,1.0,0.3298705605882204,-1.3702206031087334,1,0.0,-0.5968594610505298,0.0,-0.4085964224523668,0.999268,-1.4191715978588444,True,False,False,False,False,6
-0.858815501052473,-1.5184844209766706,-0.567424386526031,1.0,0.0,1.088341755265735,0.8411419881685109,1,0.0,-0.013073263985237213,0.0,-0.01210936687014236,1.0,0.5211595181256249,False,False,False,True,False,6
-0.8450603617824745,-0.8643546787804174,-0.5529967573975065,1.0,0.0,1.088341755265735,1.541719163704585,1,0.0,-0.013073263985237213,0.0,-0.01210936687014236,1.0,0.5211595181256249,False,False,False,True,False,6
1.5883260532073809,-0.11101041710619278,-0.3446426321697156,1.0,1.0,1.088341755265735,-1.1355892724840793,1,0.0,-0.013073263985237213,0.0,-0.7283952198323402,0.0,-1.4191715978588444,True,False,False,False,False,6
1.8910486614505142,-0.003005416161777184,-0.13695102447196517,1.0,1.0,-0.7850187010698834,-2.1670227344876687,1,0.0,-0.013073263985237213,0.0,0.5431317318322,0.0,-1.4191715978588444,True,False,False,False,False,6
-0.6797420889229964,-0.8194589027054602,-0.4641096507410684,1.0,0.0,0.19362292795938751,-2.124743610881419,1,0.0,0.6358295495002086,0.0,1.5856251992747663,0.440087,0.5211595181256249,False,False,False,True,False,6
-0.908376496157033,-1.6774956546251587,-0.5391718023029676,1.0,0.0,1.088341755265735,0.4231897043136942,1,0.0,-0.013073263985237213,0.0,1.1609146539261963,1.0,0.5211595181256249,False,False,False,True,False,6
-0.6937312904810466,-1.8377396996988176,-0.6773003678013237,1.0,0.0,-0.30020238177250674,1.085629919902695,1,0.0,-1.3639264793328916,0.0,-0.38964984243006107,1.0,-1.4191715978588444,False,False,False,True,False,6
1.559124063867616,-0.3939674394315355,-0.23677631540810462,1.0,1.0,-0.7850187010698834,0.4041527212394904,1,0.0,1.0339785602193543,0.0,-0.8518537317105571,1.50301,-1.4191715978588444,True,False,False,False,False,6
1.5713036565845098,-0.30385428430113914,-0.3582350492633079,1.0,1.0,0.5074670052092932,-1.0928589075853499,1,0.0,-0.4723213212160955,0.0,-0.39505323960002725,0.707246,-1.4191715978588444,True,False,False,False,False,6
2.9830414415656854,0.3451619705054894,0.013722448704979516,1.0,1.0,-0.12259282362823944,-0.4481469467635873,1,0.0,-0.2894827264186798,0.0,-0.3574952195322254,0.0,-1.4191715978588444,True,False,False,False,False,6
3.260700470863044,-0.27576762400591587,-0.2641873862708702,1.0,1.0,0.3353463932020894,0.4041527212394904,1,0.0,-1.6449050708254869,0.0,-1.1880391100619079,0.0,-1.4191715978588444,True,False,False,False,False,6
1.0085611737363458,-1.7672979268744267,-0.7895129187123385,1.0,0.0,-0.7283383071029927,0.3382290681423738,1,0.0,-0.03865549122107171,0.0,-0.02808554836114567,0.333673,-1.4191715978588444,False,False,False,True,False,6
-0.5468131505810431,-1.9367934176865504,-0.7448142571814058,1.0,0.0,0.1393872693880147,0.4041527212394904,1,0.0,-0.25785293050669533,0.0,-0.06566238330483862,1.444532,-1.4191715978588444,False,False,False,True,False,6
-0.6021820427833232,-1.8487278015318727,-0.8190061766152762,1.0,0.0,-0.7776170539069016,0.4041527212394904,1,0.0,-1.3055199553024655,0.0,1.065925401130652,1.228995,-1.4191715978588444,False,False,False,True,False,6
-0.20688898174867157,-0.2182971713942034,-0.25009983776287914,1.0,1.0,-0.7850187010698834,0.37792673159107343,1,0.0,-0.0711093621955108,0.0,-0.9646630238344297,1.73216,-1.4191715978588444,False,False,False,True,False,6
-0.09203185869211132,-0.409168540308875,-0.2515205765888294,1.0,1.0,-0.7850187010698834,0.4041527212394904,1,0.0,0.2113852010456392,0.0,-1.1880391100619079,0.124977,-1.4191715978588444,False,False,False,True,False,6
0.7353168586652691,-0.017981394952780436,-0.3279002780000723,1.0,1.0,1.088341755265735,0.4041527212394904,1,0.0,-0.8165252360647162,0.0,0.9572565576325577,1.0,2.461490634110094,True,False,False,False,False,6
-0.8174771062462695,-0.7277162924739653,-0.3333029197996953,1.0,0.0,0.5195539268735713,0.4041527212394904,1,0.0,0.7587244347051548,0.0,0.9946264289414488,1.0,0.5211595181256249,False,False,False,True,False,6
0.7111070948133481,-0.017981394952780436,-0.3279002780000723,1.0,1.0,1.088341755265735,0.4041527212394904,1,0.0,0.22692676717398555,0.0,0.47716677695811455,1.0,2.461490634110094,True,False,False,False,False,6
0.6076476230521178,-0.46606010755572413,-0.3279002780000723,1.0,1.0,0.9722514811470733,-1.482019168686934,1,0.0,-0.12527475535995924,0.0,-0.5706736430267446,0.371941,2.461490634110094,True,False,False,False,False,6
2.216964872218252,-0.25328757567038834,-0.3575136811733294,1.0,1.0,0.047875484456476644,0.4041527212394904,1,0.0,-1.5962797466452612,0.0,-1.1880391100619079,0.0,-1.4191715978588444,True,False,False,False,False,6
-0.5091392097377381,-2.3068941276225288,-1.0108114556469496,1.0,0.0,-0.7850187010698834,-2.032496263468568,1,0.0,-1.6449050708254869,0.0,-1.1880391100619079,0.969097,-1.4191715978588444,False,False,False,True,False,6
0.15456024861078727,-2.1257780491157394,-0.8494797297959757,1.0,0.0,-0.7850187010698834,-2.1670227344876687,1,0.0,-0.6008476579864472,0.0,-1.1032345847721474,0.0,-1.4191715978588444,False,False,False,True,False,6
2.3417938368343085,-0.1428276719749801,-0.27905943069205574,1.0,1.0,1.088341755265735,0.4041527212394904,1,0.0,1.6098079453944933,0.0,-1.1880391100619079,0.0,-1.4191715978588444,True,False,False,False,False,6
1.5338770179162575,-0.3845337520041326,-0.3623103646118062,1.0,1.0,1.0452076307586073,-1.7209405055594689,1,0.0,-0.22790555318756286,0.0,-0.3619037801394513,0.879333,-1.4191715978588444,True,False,False,False,False,6
-0.7077986704194829,-0.5172057015513359,-0.43901597820897076,1.0,0.0,0.6500428494596288,-0.3108757459454983,1,0.0,1.1421445315357606,0.0,-0.3615498252867506,0.827439,0.5211595181256249,False,False,False,True,False,6
2.2179296501745895,-0.03271081145874815,-0.30356161881642457,1.0,1.0,1.088341755265735,0.4041527212394904,1,0.0,0.8080612375531624,0.0,-1.1880391100619079,0.0,-1.4191715978588444,True,False,False,False,False,6
2.0320977485842704,-0.36671694688555956,-0.21358381002383398,1.0,1.0,-0.7652734818601055,0.11726096388945396,1,0.0,-0.5816883207423358,0.0,-1.1880391100619079,0.790967,-1.4191715978588444,True,False,False,False,False,6
-0.8330383867679719,-1.2170566674724477,-0.4829790268356119,1.0,0.0,1.088341755265735,0.8705099542238266,1,0.0,-0.013073263985237213,0.0,2.2138339144719006,1.0,0.5211595181256249,False,False,False,True,False,6
-0.9637184357322041,-1.6974135992161974,-0.5646780397922379,1.0,0.0,1.088341755265735,0.5161518385032375,1,0.0,-0.013073263985237213,0.0,0.46281573037220236,1.0,-1.4191715978588444,False,False,False,True,False,6
1.7564485026101044,-0.534561542397888,-0.27298628968359434,1.0,1.0,-0.49265270145186524,0.2873146517680649,1,0.0,-1.2838116967760695,0.0,-0.5962183648380993,1.796136,-1.4191715978588444,True,False,False,False,False,6
2.3768700803245,0.05008051581606166,-0.033044536950318885,1.0,1.0,0.983971224161909,-1.56743361732619,1,0.0,0.7094610642884546,0.0,-0.3939784398147499,0.779334,-1.4191715978588444,True,False,False,False,False,6
-0.20848943189875427,-0.5539863624188602,-0.2515205765888294,1.0,1.0,-0.7850187010698834,0.4041527212394904,1,0.0,-0.013073263985237213,0.0,-1.0152726881219167,2.0,-1.4191715978588444,False,False,False,True,False,6
0.0011906585341994408,-1.326680403418611,-0.8131718749331277,1.0,0.0,-0.7210621750905857,0.0717164474544311,1,0.0,-0.01897396779877166,0.0,0.31309635546902664,1.019452,-1.4191715978588444,False,False,False,True,False,6
-0.521922320637089,-1.969060916728008,-0.8359685807046849,1.0,0.0,-0.5529093405299004,-1.3018761883200498,1,0.0,-0.013073263985237213,0.0,0.6727850415975511,1.313363,-1.4191715978588444,False,False,False,True,False,6
-0.3708208492979144,-2.3411984455403565,-0.9047853550314399,1.0,0.0,-0.7850187010698834,-1.2917457570244848,1,0.0,-0.2845529625302155,0.0,-0.8565727377699858,0.575848,-1.4191715978588444,False,False,False,True,False,6
-0.8231705728920535,-1.4927025820415523,-0.6165095724988623,1.0,0.0,0.6167101468600488,0.49464009905289635,1,0.0,-0.0745574228033643,0.0,0.15928474505954396,1.0,-1.4191715978588444,False,False,False,True,False,6
-0.5504238569074263,-1.657449068841927,-0.7299140668402502,1.0,0.0,-0.2161615583408345,0.4041527212394904,1,0.0,-1.3787353529799669,0.0,1.0772496045575883,1.119877,-1.4191715978588444,False,False,False,True,False,6
-0.2098904956553118,-0.015665853493327036,-0.23343435976270652,1.0,1.0,-0.7850187010698834,0.1666468164553335,1,0.0,-0.6295564749641877,0.0,-0.6425358855629365,1.462664,-1.4191715978588444,False,False,False,True,False,6
0.3592151714560971,-0.017981394952780436,-0.3275799415323537,1.0,1.0,0.5906161090637498,0.4041527212394904,1,0.0,1.6187585428550124,0.0,-0.13240462773917358,0.908271,2.461490634110094,False,False,False,True,False,6
-0.10772238572977434,-0.017766992965792597,-0.2354642648972622,1.0,1.0,-0.7850187010698834,0.4041527212394904,1,0.0,0.6182889894084825,0.0,-0.0988918059879514,1.34403,0.5211595181256249,False,False,False,True,False,6
0.29876972829519377,-0.017981394952780436,-0.3263215859516035,1.0,1.0,0.6844133937520182,0.4041527212394904,1,0.0,0.25716624238654195,0.0,-0.1814749999928228,0.839659,2.461490634110094,True,False,False,False,False,6
-0.11451586632054787,-0.01263206537746867,-0.20918334628642832,1.0,1.0,-0.7049100612360593,0.37509843858977326,1,0.0,-0.7923937073051625,0.0,-0.5984079460199224,1.029135,0.5211595181256249,False,False,False,True,False,6
0.18289880817685172,-0.1368565766374065,-0.31130709338728524,1.0,1.0,-0.44331588047381015,0.18819712353751078,1,0.0,0.73257433000054,0.0,-1.1424024526583787,0.524015,2.461490634110094,False,False,False,True,False,6
2.747392100869015,-0.2472843200347694,-0.2572776202030002,1.0,1.0,0.5883961769229922,0.4041527212394904,1,0.0,-1.1511225570664683,0.0,-1.1880391100619079,1.103349,-1.4191715978588444,True,False,False,False,False,6
0.5429279030377632,-2.103716084654837,-0.8666799802755792,1.0,0.0,-0.7850187010698834,-2.1670227344876687,1,0.0,-1.1903126297395439,0.0,-1.1632034738856978,0.0,-1.4191715978588444,False,False,False,True,False,6
0.1262418641106289,-2.104252089622302,-0.87343393175257,1.0,0.0,-0.7850187010698834,-1.917967109556385,1,0.0,-0.2636557244118191,0.0,-0.5455087465224407,0.235711,-1.4191715978588444,False,False,False,True,False,6
-0.3926178013616265,-2.2537545951479405,-0.9286299903063595,1.0,0.0,-0.7850187010698834,-1.5530504618268524,1,0.0,-0.02117530890619923,0.0,-0.8062429447613783,0.51743,-1.4191715978588444,False,False,False,True,False,6
-0.5739845510608991,-2.061146570138679,-0.8299840401498604,1.0,0.0,-0.2341252117566369,0.6734936349287333,1,0.0,-0.013073263985237213,0.0,0.10911487849601044,1.261043,-1.4191715978588444,False,False,False,True,False,6
2.172727730247367,-0.05063481757081272,-0.3219413246452206,1.0,1.0,1.088341755265735,0.4041527212394904,1,0.0,0.25784997991360864,0.0,-1.1880391100619079,0.0,-1.4191715978588444,True,False,False,False,False,6
2.100977315000139,-0.27424536989831366,-0.2866652449788858,1.0,1.0,0.7176561750496939,0.4041527212394904,1,0.0,-0.4297974161616453,0.0,-1.1880391100619079,0.721167,-1.4191715978588444,True,False,False,False,False,6
1.5547717662514808,-0.2214381605035533,-0.35111287124581386,1.0,1.0,0.7062886238006495,-0.9181102533245814,1,0.0,-0.1410072458097061,0.0,-0.08828962342333455,0.704637,-1.4191715978588444,True,False,False,False,False,6
1.5633285160789074,-0.5103877183651689,-0.26308148457413666,1.0,1.0,-0.6222274241352305,-1.115378547814336,1,0.0,0.13204390676525904,0.0,-0.8288842960367924,1.040787,-1.4191715978588444,True,False,False,False,False,6
-0.8781531441057716,-1.553217542868474,-0.5651287182204151,1.0,0.0,1.088341755265735,0.5701928042317109,1,0.0,-0.013073263985237213,0.0,0.7335876648990246,1.0,-1.4191715978588444,False,False,False,True,False,6
-0.6867943777810968,-1.2068404127925445,-0.5297866846819117,1.0,0.0,1.088341755265735,1.5051737613646075,1,0.0,-0.013073263985237213,0.0,0.3690917779803323,1.0,0.5211595181256249,False,False,False,True,False,6
1.5197235787123156,-0.2082309981051902,-0.34960441033279227,1.0,1.0,1.088341755265735,-0.8172738943018738,1,0.0,-0.013265820138444465,0.0,0.7373906216885068,0.10724,-1.4191715978588444,True,False,False,False,False,6
-0.8364574299682468,-1.0900020499842886,-0.4992247983765295,1.0,0.0,0.9799753463085448,-0.02303393926457035,1,0.0,0.2884370353010221,0.0,0.6045540701083354,0.805008,0.5211595181256249,False,False,False,True,False,6
-0.8609289968238397,-1.625428132085505,-0.5206902823321902,1.0,0.0,1.088341755265735,0.4054048836864293,1,0.0,-0.013073263985237213,0.0,1.4863167565324784,1.0,0.5211595181256249,False,False,False,True,False,6
-0.7644280313877868,-1.624688445230401,-0.6358604462311023,1.0,0.0,0.1548143927459385,0.9116873291472974,1,0.0,-1.0943609194973372,0.0,-0.09102836379522806,1.0,-1.4191715978588444,False,False,False,True,False,6
1.752623593826172,-0.41271689319349897,-0.2463585690385029,1.0,1.0,-0.7850187010698834,0.4041527212394904,1,0.0,-0.025233674609810776,0.0,-1.1419344326205882,1.528714,-1.4191715978588444,True,False,False,False,False,6
1.505510244781465,-0.2398981715830851,-0.35251680653745376,1.0,1.0,0.6537595966049982,-0.7052220679412837,1,0.0,-0.2193514908561063,0.0,-0.05094679849853683,0.691944,-1.4191715978588444,True,False,False,False,False,6
3.390146688452956,-0.15384793410608064,-0.2357100929662545,1.0,1.0,-0.6413525610339611,0.4041527212394904,1,0.0,-1.6012878384604539,0.0,-0.42627417428176856,0.0,-1.4191715978588444,True,False,False,False,False,6
1.1149569056754263,-1.555468763731832,-0.31898902004657204,1.0,1.0,-0.528686789829481,-0.7629308154573524,1,0.0,-0.8202082804527545,0.0,-1.1880391100619079,0.0,0.5211595181256249,False,False,False,True,False,2
0.21966944196775118,-1.2449289257806833,-0.23810589506042062,1.0,1.0,-0.7850187010698834,-2.1670227344876687,1,0.0,-0.013073263985237213,0.0,-1.1880391100619079,0.0,0.5211595181256249,False,False,False,True,False,2
3.040808171874446,-1.4198059064661663,-0.18173672067265603,1.0,1.0,0.9194639302084482,-2.1670227344876687,1,0.0,-0.013073263985237213,0.0,0.3510788861741207,0.0,-1.4191715978588444,True,False,False,False,False,2
2.8376655908835824,-1.2621239651369944,-0.17756982606216565,1.0,1.0,0.1338777162859319,0.37098970021152133,1,0.0,-0.2631449610562781,0.0,-1.1880391100619079,0.0,-1.4191715978588444,True,False,False,False,False,2
-0.26137489958215443,-0.8623714604007943,-0.17514087517758659,1.0,1.0,-2.539516309811463,-2.1670227344876687,1,0.0,-0.013073263985237213,0.0,-1.1880391100619079,1.482016,0.5211595181256249,False,False,False,True,False,2
-0.2573368916645883,-0.9999424953506368,-0.15207481638900266,1.0,1.0,0.5249885455574009,-2.1670227344876687,1,0.0,0.9637934742071548,0.0,-0.8445582635837956,2.0,0.5211595181256249,False,False,False,True,False,2
-0.2704757457182367,-0.5534289172526938,0.02621709854003926,1.0,1.0,0.8560263250755548,-1.7917596767242896,1,0.0,1.2560219141761073,0.0,-0.6790814301218503,1.0,-1.4191715978588444,False,False,False,True,False,2
-0.20688898174867157,-0.6165810225195483,-0.08576111944704591,1.0,1.0,-0.45297867370758965,0.4041527212394904,1,0.0,1.1546198856990537,0.0,1.4344123935977373,0.070897,-1.4191715978588444,False,False,False,True,False,2
2.055916147681153,-1.5241660736318126,-0.3558502840359955,1.0,1.0,-0.7850187010698834,0.4041527212394904,1,0.0,-0.615989425322118,0.0,-1.1880391100619079,0.0,0.5211595181256249,True,False,False,False,False,2
-0.36049720502667953,-0.6566205935892648,0.02895164460996433,1.0,1.0,1.088341755265735,-2.1670227344876687,1,0.0,1.6187585428550124,0.0,0.3182375203062611,1.77795,-1.4191715978588444,False,False,False,True,False,2
-0.9813006904339695,-0.5539863624188602,-0.16991573980404345,1.0,1.0,1.088341755265735,0.4041527212394904,1,0.0,-1.6449050708254869,0.0,0.022874542989812594,1.350099,0.5211595181256249,False,False,False,True,False,2
2.602097265685941,-1.5935572767199708,-0.33763181575687856,1.0,1.0,-0.7850187010698834,0.4041527212394904,1,0.0,-0.9821936965905589,0.0,-1.1880391100619079,0.0,0.5211595181256249,True,False,False,False,False,2
2.1503422336829248,-1.5118486794794415,-0.2515205765888294,1.0,1.0,0.800691003916314,-1.9879185090048983,1,0.0,-0.8950604054325169,0.0,0.8322905038235686,0.0,0.5211595181256249,True,False,False,False,False,2
-0.35481934253343256,-1.0899913298849377,-0.1736011367768374,1.0,1.0,-1.979396520250764,-0.14816147840526048,1,0.0,0.2581828736022035,0.0,1.4376367929535692,1.281141,-1.4191715978588444,False,False,False,True,False,2
-0.20688898174867157,-0.97399985492528,-0.1547859138905945,1.0,1.0,-0.6039958801741722,0.24929210912877164,1,0.0,0.6934560579269653,0.0,1.0309544264978718,0.0,-1.4191715978588444,False,False,False,True,False,2
-0.20688898174867157,-0.3910515724085195,-0.13117862853781043,1.0,1.0,0.9538981687563527,-1.5775717621481222,1,0.0,1.255478514184429,0.0,-0.7711238029809562,1.707018,-1.4191715978588444,False,False,False,True,False,2
2.6225995459422102,-1.7104492400249736,-0.2515205765888294,1.0,1.0,-0.7850187010698834,-2.0312428154339006,1,0.0,-1.0365402230855665,0.0,0.728058443246537,0.0,0.5211595181256249,True,False,False,False,False,2
2.3363725759605556,-2.0776662432359836,-0.26719445511543066,1.0,1.0,-0.7850187010698834,0.4041527212394904,1,0.0,-1.6449050708254869,0.0,-1.1880391100619079,0.0,0.5211595181256249,True,False,False,False,False,2
-0.08406775142567657,-1.5924745466856902,-0.3279002780000723,1.0,1.0,-0.7850187010698834,-2.1670227344876687,1,0.0,-0.013073263985237213,0.0,-0.21495489571123558,0.0,-1.4191715978588444,False,False,False,True,False,2
-0.20688898174867157,-0.9200348748007953,-0.228021406703393,1.0,1.0,-0.7850187010698834,-2.1670227344876687,1,0.0,-0.013073263985237213,0.0,-1.1572979547153888,0.0,-1.4191715978588444,False,False,False,True,False,2
-0.9949774937058796,-0.1719970623044839,0.13162563107978795,1.0,1.0,0.14502046428021628,0.4041527212394904,1,0.0,-0.2572866848697216,0.0,0.06562076508457648,0.732265,0.5211595181256249,False,False,False,True,False,2
-0.9527838652465002,0.05001619521996626,0.2582697446739503,1.0,1.0,-1.3315716142057998,0.4041527212394904,1,0.0,-1.6449050708254869,0.0,-0.12986226763439299,1.0,0.5211595181256249,False,False,False,True,False,2
-0.7675882663207354,-0.7918439267816063,-0.17514087517758659,1.0,1.0,-2.5055410445753603,0.23787609010534305,1,0.0,-1.4530669236133469,0.0,-1.1880391100619079,1.616826,0.5211595181256249,False,False,False,True,False,2
-0.22816453445287327,-0.7456831789834284,-0.17514087517758659,1.0,1.0,0.3161219681991733,-1.5472370341214534,1,0.0,-0.15722275847427744,0.0,-1.1880391100619079,0.128681,0.5211595181256249,False,False,False,True,False,2
2.13104635932076,-0.9734960102558605,-0.2515205765888294,1.0,1.0,-0.7164293546820674,-1.1167232725776814,1,0.0,-0.1263387096980189,0.0,0.9890819202022996,0.0,0.5211595181256249,True,False,False,False,False,2
2.0993368299536495,-2.0204745132073545,-0.4267872824942254,1.0,1.0,-0.7850187010698834,-0.13246316666031863,1,0.0,-0.7716563887038367,0.0,1.0280240095778381,0.0,0.5211595181256249,True,False,False,False,False,2
2.0824373751386447,-1.4339457175079224,-0.39932354782733676,1.0,1.0,-0.7850187010698834,0.4041527212394904,1,0.0,0.15496624815594426,0.0,-1.1880391100619079,0.0,0.5211595181256249,True,False,False,False,False,2
3.025956013395803,-1.2234994471813907,-0.3994637809591276,1.0,1.0,-0.7850187010698834,0.4041527212394904,1,0.0,0.1369475613448146,0.0,-1.1880391100619079,0.0,0.5211595181256249,True,False,False,False,False,2
-0.9949774937058796,-0.33896260967016645,-0.013113597575711547,1.0,1.0,0.3560882401746373,0.4041527212394904,1,0.0,-0.08641920820728603,0.0,0.2066288524501875,0.0,-1.4191715978588444,False,False,False,True,False,2
-0.9949774937058796,-0.9900692838499121,-0.07992761975176232,1.0,1.0,-0.7850187010698834,0.4041527212394904,1,0.0,-1.5604822522986064,0.0,-0.01210936687014236,0.0,-1.4191715978588444,False,False,False,True,False,2
-0.9456959547876597,-1.0820584563664402,-0.16559986658595047,1.0,1.0,0.15397700062195674,0.4041527212394904,1,0.0,-1.2853619369925677,0.0,-0.8999327951906958,0.537202,-1.4191715978588444,False,False,False,True,False,2
0.9221909285038005,-1.8043358701263326,-0.3267399557660834,1.0,1.0,-0.7321431021898106,-0.9796449099187714,1,0.0,-0.34120689920009495,0.0,-1.1880391100619079,0.0,-1.4191715978588444,False,False,False,True,False,2
0.7025713081403399,-1.2951954716296514,-0.2624622743347955,1.0,1.0,-0.7850187010698834,-2.1670227344876687,1,0.0,-0.013073263985237213,0.0,-1.1816832097999563,0.0,-1.4191715978588444,False,False,False,True,False,2
2.841009135204412,-0.59268592106991,0.0020547237072486143,1.0,1.0,0.744505177109896,-0.5295182219987127,1,0.0,-0.4666197008829958,0.0,-1.1880391100619079,0.0,-1.4191715978588444,True,False,False,False,False,2
3.6206006344434,-0.620601059775544,-0.1759526768340362,1.0,1.0,-0.7146084483185091,-1.6283807603287468,1,0.0,-0.29480739360439956,0.0,-1.1880391100619079,0.0,-1.4191715978588444,True,False,False,False,False,2
-0.2827366691695644,-0.7218416780305371,-0.15931206042667254,1.0,1.0,-1.05981445296793,-1.754647330196324,1,0.0,0.2081248010955725,0.0,-0.8963685521390815,1.727828,0.5211595181256249,False,False,False,True,False,2
-0.23268863536461484,-1.0375378837687093,-0.17514087517758659,1.0,1.0,-2.6419685198080014,-2.1670227344876687,1,0.0,-0.013073263985237213,0.0,-1.1880391100619079,0.585912,0.5211595181256249,False,False,False,True,False,2
-0.20688898174867157,-0.7181325236556724,-0.15115764893445632,1.0,1.0,-0.6708898353490045,0.318544148853327,1,0.0,0.3708673871917507,0.0,-0.7404414441215966,0.0026,-1.4191715978588444,False,False,False,True,False,2
-0.20688898174867157,-0.7880275714132475,-0.07974339191195844,1.0,1.0,-0.675076795968915,0.35530552993158565,1,0.0,0.004217625840042153,0.0,-0.1872535187508671,0.630866,-1.4191715978588444,False,False,False,True,False,2
2.180837161035407,-1.5422937616315142,-0.26444047041149615,1.0,1.0,-0.7850187010698834,0.4041527212394904,1,0.0,-1.196520117932764,0.0,-1.1880391100619079,0.0,0.5211595181256249,True,False,False,False,False,2
2.15192771015128,-1.5166620040872882,-0.2515205765888294,1.0,1.0,0.21461580523308454,-1.8178262534944516,1,0.0,-0.1865516715386173,0.0,0.3365949595272278,0.0,0.5211595181256249,True,False,False,False,False,2
-0.5208554064096016,-0.5539863624188602,0.05883092552383397,1.0,1.0,0.07213175564510974,-2.1662385259736716,1,0.0,1.6187585428550124,0.0,0.4130280409752063,1.0,-1.4191715978588444,False,False,False,True,False,2
-0.2713505239665091,-0.5538577212266671,0.041630598664529186,1.0,1.0,1.0580888572563714,-2.0790332536295018,1,0.0,1.3807738239772371,0.0,0.10925716599493669,1.0,-1.4191715978588444,False,False,False,True,False,2
-1.2898362395412997,-0.5539863624188602,-0.038288118021752936,1.0,1.0,1.0040330412888068,0.4041527212394904,1,0.0,-1.6449050708254869,0.0,1.271843634390705,1.06053,-1.4191715978588444,False,False,False,True,False,2
-1.1661753797176653,-0.7165888293493685,-0.029873977354887407,1.0,1.0,-0.6689284269512215,0.4041527212394904,1,0.0,-1.2709365438201,0.0,1.624840104350725,1.256119,-1.4191715978588444,False,False,False,True,False,2
3.038774588278192,-1.141823010238909,-0.3525425083069789,1.0,1.0,-0.7850187010698834,0.4041527212394904,1,0.0,0.17841567122023863,0.0,-1.1880391100619079,0.0,-1.4191715978588444,True,False,False,False,False,2
2.629154550949265,-1.4356502133044646,-0.2708589240500376,1.0,1.0,-0.7850187010698834,0.4041527212394904,1,0.0,1.5412563230209417,0.0,-1.1880391100619079,0.0,-1.4191715978588444,True,False,False,False,False,2
2.0940068297295804,-0.7790012477611187,-0.2515205765888294,1.0,1.0,0.059462218878912225,0.3434999778266148,1,0.0,-1.09792810382709,0.0,-0.9760471996782691,0.0,0.5211595181256249,True,False,False,False,False,2
2.083621872172116,-0.9250626013956254,-0.2515205765888294,1.0,1.0,1.0366857140427368,0.4041527212394904,1,0.0,-0.6065280645060582,0.0,-1.1880391100619079,0.0,0.5211595181256249,True,False,False,False,False,2
-0.20688898174867157,-0.999202808495535,-0.13867735848326201,1.0,1.0,-0.5039134711548986,0.3894186002904457,1,0.0,1.2407039090052974,0.0,1.2639507939544021,0.0,-1.4191715978588444,False,False,False,True,False,2
-0.20688898174867157,-0.7645612739375827,-0.13309003056562674,1.0,1.0,1.046350380636972,-1.3564519585433146,1,0.0,1.3565541763001145,0.0,0.09545763045858126,0.889517,-1.4191715978588444,False,False,False,True,False,2
-0.25741270577943864,-0.7870413222731102,-0.13817550565513925,1.0,1.0,-0.2707981160498634,-2.1670227344876687,1,0.0,0.4267054079582098,0.0,-0.0750674693908863,1.73107,0.5211595181256249,False,False,False,True,False,2
-0.288710064854795,-1.0292941273690808,-0.15717732415192975,1.0,1.0,-1.6143797287755939,-2.1670227344876687,1,0.0,0.5923608138295978,0.0,-0.8493337142708972,2.0,0.5211595181256249,False,False,False,True,False,2
2.6938854618204893,-1.4333239517456604,-0.21115959468074294,1.0,1.0,-0.4997733445463964,0.3758685056387639,1,0.0,-0.8074506193868777,0.0,-1.1880391100619079,0.0,0.5211595181256249,True,False,False,False,False,2
2.5833811092331715,-1.6431162960118848,-0.2515205765888294,1.0,1.0,-0.7850187010698834,0.4041527212394904,1,0.0,-1.1126586495474367,0.0,-1.1880391100619079,0.0,0.5211595181256249,True,False,False,False,False,2
-0.13215218389423378,-1.3353208034941628,-0.3279002780000723,1.0,1.0,-0.7850187010698834,-2.1670227344876687,1,0.0,-0.013073263985237213,0.0,-0.1578058861218589,0.0,-1.4191715978588444,False,False,False,True,False,2
0.0007892062462084619,-1.2320219261641001,-0.2855466260618674,1.0,1.0,-0.7850187010698834,-2.1670227344876687,1,0.0,-0.013073263985237213,0.0,-0.18562250419706008,0.0,-1.4191715978588444,False,False,False,True,False,2
-0.22655604579996874,-0.8287746690400207,-0.17514087517758659,1.0,1.0,-1.1093254964684238,-2.1670227344876687,1,0.0,-0.013073263985237213,0.0,-1.1880391100619079,0.459274,-1.4191715978588444,False,False,False,True,False,2
-0.22505883524495218,-0.8457124260119478,-0.17514087517758659,1.0,1.0,-1.2451141557854548,-2.1670227344876687,1,0.0,-0.013073263985237213,0.0,-1.1880391100619079,0.301909,-1.4191715978588444,False,False,False,True,False,2
-0.8998558407834543,-0.21395553115772828,0.15603658365082126,1.0,1.0,-1.6759364800103262,0.4041527212394904,1,0.0,-1.018557436574187,0.0,-1.0346778807440673,1.0,0.5211595181256249,False,False,False,True,False,2
-0.5054080834867283,0.22733735855709614,0.24300950042034153,1.0,1.0,-2.351031894218168,0.4041527212394904,1,0.0,-1.3880629035878658,0.0,-1.1880391100619079,0.320851,0.5211595181256249,False,False,False,True,False,2
-0.7693222186647437,-0.7505715442867191,-0.17514087517758659,1.0,1.0,0.7950784159891324,0.3244321406469419,1,0.0,-1.6416495663708406,0.0,-1.1880391100619079,1.554404,-1.4191715978588444,False,False,False,True,False,2
-0.9687628326795398,-0.5587782468280056,-0.1627691202820977,1.0,1.0,0.8350184609182074,0.4041527212394904,1,0.0,-0.21392728193016952,0.0,-0.4453630418030004,0.186414,-1.4191715978588444,False,False,False,True,False,2
2.348629716587026,-1.2368459708712956,-0.2515205765888294,1.0,1.0,-0.7466110649940905,-1.8617547861555501,1,0.0,-0.12498428929834167,0.0,1.1261588744364204,0.0,0.5211595181256249,True,False,False,False,False,2
2.1729405141455955,-1.1066289240750848,-0.2515205765888294,1.0,1.0,-0.7460809039849474,-1.9495360018018033,1,0.0,-0.05786541525119532,0.0,1.0501526554852207,0.0,0.5211595181256249,True,False,False,False,False,2
2.2436355212576093,-1.8782187948418558,-0.43672817701259986,1.0,1.0,-0.7850187010698834,0.4041527212394904,1,0.0,-1.5071099293922825,0.0,-1.1880391100619079,0.0,0.5211595181256249,True,False,False,False,False,2
2.265154593312006,-2.1406361068139006,-0.3797260440392401,1.0,1.0,-0.7850187010698834,0.4041527212394904,1,0.0,-1.6449050708254869,0.0,-1.1880391100619079,0.0,0.5211595181256249,True,False,False,False,False,2
-0.9949774937058796,-0.15837181603149592,0.13053244660333987,1.0,1.0,0.5959270859574616,0.4041527212394904,1,0.0,-0.017650552203424028,0.0,0.4025975441530952,0.468483,0.5211595181256249,False,False,False,True,False,2
-0.9780978987213751,0.016955408826659937,0.1876506003431435,1.0,1.0,-0.9727425323179065,0.4041527212394904,1,0.0,-0.926961085424437,0.0,-0.06749565777447455,0.838847,0.5211595181256249,False,False,False,True,False,2
-0.9931013701943143,-0.5539863624188602,-0.09072087354803599,1.0,1.0,0.8244976685954268,0.4041527212394904,1,0.0,-1.6449050708254869,0.0,0.012026591108868513,0.786066,-1.4191715978588444,False,False,False,True,False,2
-0.9949774937058796,-0.5600003381538277,-0.06447669357358041,1.0,1.0,-0.7850187010698834,0.4041527212394904,1,0.0,-1.5807528670031763,0.0,-0.01210936687014236,0.0,-1.4191715978588444,False,False,False,True,False,2
-0.982642962787535,-0.8434397649498906,-0.15974746291456757,1.0,1.0,-0.147317434930957,0.4041527212394904,1,0.0,-0.5756554385524474,0.0,-0.004014266518010377,0.548539,-1.4191715978588444,False,False,False,True,False,2
-0.9849558449524269,-0.7289919842965343,-0.15758969815984936,1.0,1.0,0.9414253348380704,0.4041527212394904,1,0.0,-1.6389717303758158,0.0,-0.011842430818437858,0.905596,-1.4191715978588444,False,False,False,True,False,2
1.4050369980097424,-1.5408465482193558,-0.34135395136605134,1.0,1.0,-0.7458467339279051,-0.7608070245309213,1,0.0,-0.8183528876883772,0.0,-1.1880391100619079,0.0,0.5211595181256249,True,False,False,False,False,2
0.30065026510242615,-1.516029518225678,-0.31125316931808933,1.0,1.0,-0.5823904140312542,-1.8688756565801865,1,0.0,-0.32617772825909636,0.0,-1.1880391100619079,0.0,0.5211595181256249,True,False,False,False,False,2
-0.19266950072742758,-1.126589749063522,-0.22378729795566055,1.0,1.0,-1.6861687748228311,-2.1670227344876687,1,0.0,-0.013073263985237213,0.0,-1.1880391100619079,1.094046,-1.4191715978588444,False,False,False,True,False,2
0.03988170641103642,-0.8656196505036381,-0.18590155303120812,1.0,1.0,-0.29692774769483193,-1.6851960243739497,1,0.0,-0.09803458700837485,0.0,-1.1880391100619079,0.078607,-1.4191715978588444,False,False,False,True,False,2
2.880256258335285,-1.3964039295865969,-0.17824154734622685,1.0,1.0,0.19321828210081904,-1.7466586880553794,1,0.0,-0.22084951245478562,0.0,0.0449314571828607,0.0,-1.4191715978588444,True,False,False,False,False,2
3.0588544530920516,-1.2580610474836025,-0.21384644162713665,1.0,1.0,-0.435970434124518,0.2767702612241275,1,0.0,0.7555733674861458,0.0,-0.8868682157438352,0.0,-1.4191715978588444,True,False,False,False,False,2
3.0047829121981557,-1.2773465062130331,-0.1782169148925215,1.0,1.0,0.6505748838292276,-1.7583549652034824,1,0.0,-0.1936501398983725,0.0,-0.023113717406930877,0.0,-1.4191715978588444,True,False,False,False,False,2
2.417279634010511,-1.3816745130806292,-0.24821623794637637,1.0,1.0,-0.6508448784662135,0.37575280274325595,1,0.0,-0.8807231311776185,0.0,-1.1880391100619079,0.0,-1.4191715978588444,True,False,False,False,False,2
-0.2551217324751793,-0.7908147972440728,-0.17514087517758659,1.0,1.0,-0.938164045014864,-1.7096723291247444,1,0.0,-0.016160689763778973,0.0,-1.1880391100619079,1.382906,0.5211595181256249,False,False,False,True,False,2
-0.2579188162218176,-0.8655338897088434,-0.16432608230551507,1.0,1.0,-0.8467253211411224,-2.1670227344876687,1,0.0,0.8822328886694726,0.0,-0.8949221585549556,1.516731,0.5211595181256249,False,False,False,True,False,2
-0.2376531201368378,-0.9493543465211891,-0.1508459433729971,1.0,1.0,1.0216857168688573,-2.1670227344876687,1,0.0,1.5820684365100164,0.0,-0.31536636055263717,2.0,0.5211595181256249,False,False,False,True,False,2
-0.22940892621325334,-0.8020494613621612,-0.15947581850649833,1.0,1.0,0.4154325527104376,-2.1471115517585173,1,0.0,0.02340633605667677,0.0,-0.9002314813454665,0.289218,0.5211595181256249,False,False,False,True,False,2
-0.5188711571541954,-0.5539863624188602,0.05894140876192534,1.0,1.0,0.8450896467314678,-2.165244766660033,1,0.0,1.6187585428550124,0.0,0.36719617923430703,1.0,-1.4191715978588444,False,False,False,True,False,2
-0.5218945799214681,-0.5539863624188602,0.05502717820370365,1.0,1.0,0.11901822114627811,-2.165040358211303,1,0.0,1.6187585428550124,0.0,0.8717852801784074,1.0,-1.4191715978588444,False,False,False,True,False,2
-0.22612622232554727,-0.34891086186633735,-0.02227698492357034,1.0,1.0,-0.24156619948920213,-0.12257442585759193,1,0.0,0.8131166524907536,0.0,-0.8208503440313063,1.0,-1.4191715978588444,False,False,False,True,False,2
-0.23090708247448413,-0.34884654127024195,-0.03886478476740742,1.0,1.0,-0.6448107844363566,-1.1720858224903985,1,0.0,0.6857929757620435,0.0,-1.1467745594435657,1.0,-1.4191715978588444,False,False,False,True,False,2
-0.20688898174867157,-0.9714484712801394,-0.09146213855023186,1.0,1.0,-0.520350335798787,0.3901552420585117,1,0.0,0.835219814314405,0.0,1.29478367182089,0.013483,-1.4191715978588444,False,False,False,True,False,2
-0.20688898174867157,-0.5568164686470792,-0.09361654259808831,1.0,1.0,-0.1584283357974834,-1.5283736053905108,1,0.0,1.254409664350949,0.0,-0.2679728641127795,0.167728,-1.4191715978588444,False,False,False,True,False,2
2.3353728068742865,-1.8120650617571932,-0.34507253531910875,1.0,1.0,-0.7850187010698834,0.4041527212394904,1,0.0,-1.3397590502735877,0.0,-1.1880391100619079,0.0,0.5211595181256249,True,False,False,False,False,2
2.0692751936650415,-1.901577891324029,-0.3965365670923928,1.0,1.0,-0.7850187010698834,0.3964983319077906,1,0.0,-0.6600146156388612,0.0,0.3828348688890145,0.0,0.5211595181256249,True,False,False,False,False,2
-0.3809827778064952,-0.6123037028791685,0.05854812967935917,1.0,1.0,0.5148293118026921,-2.166658913160683,1,0.0,1.6187585428550124,0.0,0.2247264111979088,1.612432,-1.4191715978588444,False,False,False,True,False,2
-0.46021215303219637,-0.648869961759705,0.057021986865461026,1.0,1.0,0.3535104961867194,-2.166490501168333,1,0.0,1.6187585428550124,0.0,0.304414466175042,1.460564,-1.4191715978588444,False,False,False,True,False,2
-0.9669095637348212,-0.630184828593837,-0.1696260697864411,1.0,1.0,0.46805337456844887,0.4041527212394904,1,0.0,-1.3632623237875077,0.0,-0.1456385410690537,1.252677,-1.4191715978588444,False,False,False,True,False,2
-0.8519372221378131,-0.5539863624188602,-0.17444161901116667,1.0,1.0,1.088341755265735,0.4041527212394904,1,0.0,-1.6449050708254869,0.0,-0.9349943164137013,1.195929,-1.4191715978588444,False,False,False,True,False,2
2.546111142561096,-1.5294618027103775,-0.3431195827337244,1.0,1.0,-0.7850187010698834,0.4041527212394904,1,0.0,-0.7108918677125263,0.0,-1.1880391100619079,0.0,0.5211595181256249,True,False,False,False,False,2
2.2275397591070987,-1.561375538473308,-0.339959525347237,1.0,1.0,-0.7850187010698834,0.4041527212394904,1,0.0,-0.9258726536092746,0.0,-1.1880391100619079,0.0,0.5211595181256249,True,False,False,False,False,2
2.2200237589685625,-1.5976094742740141,-0.2515205765888294,1.0,1.0,0.46577911497445734,-1.9931109978377393,1,0.0,-0.9927777576897246,0.0,0.7509314526813601,0.0,0.5211595181256249,True,False,False,False,False,2
2.15335462321103,-1.516490482497699,-0.2515205765888294,1.0,1.0,0.28106390061930914,-0.28606261721000337,1,0.0,-0.7190591859057617,0.0,-0.7657227576704763,0.0,0.5211595181256249,True,False,False,False,False,2
-0.3287566249721986,-0.9927814689852912,-0.10696007643463201,1.0,1.0,-0.6085781198503698,0.06437959829151349,1,0.0,0.40781205929861397,0.0,1.4349274508252552,0.195339,-1.4191715978588444,False,False,False,True,False,2
-0.2795614605548889,-1.047507576163577,-0.17465827003421971,1.0,1.0,-2.426696923049563,-2.1478469079388556,1,0.0,0.05559095478298691,0.0,0.9835103650790569,1.426103,-1.4191715978588444,False,False,False,True,False,2
-0.3160529533948529,-1.0310843839604178,-0.15495467484086262,1.0,1.0,-0.6930142223383283,-0.08172873256791012,1,0.0,0.4447453085828292,0.0,1.2260223560174948,0.896185,-1.4191715978588444,False,False,False,True,False,2
-0.30731084514941387,-1.0129995763581099,-0.16107016839375657,1.0,1.0,-1.0088215813464745,0.15547634468792693,1,0.0,0.49808989034843715,0.0,1.3364209921678238,0.196084,-1.4191715978588444,False,False,False,True,False,2
-0.22269173259043729,-0.42840039854155637,-0.15238762945613227,1.0,1.0,-2.276674470985294,-1.7101839930404341,1,0.0,1.23624574450901,0.0,-1.0371179349611903,1.659476,0.5211595181256249,False,False,False,True,False,2
-0.20733535508184436,-0.4924315519550543,-0.15742995001434784,1.0,1.0,0.5954793528083971,-1.5520824142677712,1,0.0,1.0923442884546093,0.0,-1.1112932313022406,0.40699,0.5211595181256249,False,False,False,True,False,2
2.2984552733847576,-1.633961331167563,-0.2515205765888294,1.0,1.0,0.5949510651597107,-1.9989308534817776,1,0.0,-1.0163642546257936,0.0,0.7721946142977536,0.0,0.5211595181256249,True,False,False,False,False,2
2.5970557058572488,-1.6286977623870482,-0.2515205765888294,1.0,1.0,-0.7850187010698834,-2.0395554256822668,1,0.0,-0.522839570292256,0.0,1.0164316941694538,0.0,0.5211595181256249,True,False,False,False,False,2
2.57571836701371,-1.850475177725811,-0.26065092971582826,1.0,1.0,-0.7850187010698834,0.4041527212394904,1,0.0,-1.6449050708254869,0.0,-1.1880391100619079,0.0,0.5211595181256249,True,False,False,False,False,2
2.242953036606255,-1.9771009912399995,-0.25750794319260606,1.0,1.0,-0.7850187010698834,0.4041527212394904,1,0.0,-1.4896623837135463,0.0,-1.1880391100619079,0.0,0.5211595181256249,True,False,False,False,False,2
-0.0801794803253822,-1.2880237251649573,-0.3244794221231164,1.0,1.0,-0.7850187010698834,-2.1670227344876687,1,0.0,-0.013073263985237213,0.0,-1.120119759954638,0.0,-1.4191715978588444,False,False,False,True,False,2
-0.10405367608891128,-1.4895937532302501,-0.2310623499455296,1.0,1.0,-0.7850187010698834,-2.1670227344876687,1,0.0,-0.013073263985237213,0.0,-0.7297592983344426,0.0,-1.4191715978588444,False,False,False,True,False,2
-0.1911420275735521,-1.3921694903436157,-0.2898186573313503,1.0,1.0,-0.7850187010698834,-2.1670227344876687,1,0.0,-0.013073263985237213,0.0,-0.7145933324364984,0.0,-1.4191715978588444,False,False,False,True,False,2
-0.021134943303333827,-1.2076229800450449,-0.23039903042862359,1.0,1.0,-0.7850187010698834,-2.1670227344876687,1,0.0,-0.013073263985237213,0.0,-1.174542964399296,0.0,-1.4191715978588444,False,False,False,True,False,2
-0.9949774937058796,-0.10114792570481658,0.13112267074599537,1.0,1.0,0.41907249207709735,0.4041527212394904,1,0.0,-0.16964099852433195,0.0,0.7471343755405937,0.363549,0.5211595181256249,False,False,False,True,False,2
-0.9949774937058796,-0.20022308389124638,0.16567329600832553,1.0,1.0,-0.05923015291359993,0.4041527212394904,1,0.0,-0.37269635757669145,0.0,-0.31431743122171013,0.920162,0.5211595181256249,False,False,False,True,False,2
-0.6472164150929031,0.3936382597631207,0.27896249519043337,1.0,1.0,-0.7913169389240838,0.4041527212394904,1,0.0,-1.5907298866701973,0.0,-0.5003636277515657,0.518297,0.5211595181256249,False,False,False,True,False,2
-0.9708815298350858,-0.07191421477921742,0.22616273519886948,1.0,1.0,-0.5829692824122613,0.4041527212394904,1,0.0,-1.0184546311703562,0.0,0.023787064470529536,0.831412,0.5211595181256249,False,False,False,True,False,2
-0.7783781437556441,-0.7404624906003074,-0.17514087517758659,1.0,1.0,0.7239956268339329,0.25093251906952535,1,0.0,-1.6427722666539466,0.0,-1.1880391100619079,1.376597,0.5211595181256249,False,False,False,True,False,2
-0.7939066397952484,-0.8393875673958472,-0.14262916785457813,1.0,1.0,-2.139724328185335,0.29889394043293216,1,0.0,-0.9859974965323036,0.0,-0.5383249917212823,1.560402,0.5211595181256249,False,False,False,True,False,2
-0.21369097369537404,-0.8896755534435148,-0.20257730410122068,1.0,1.0,-0.04267151984004933,-2.0726335979201966,1,0.0,-0.045982416033784605,0.0,-1.1614654497252603,0.061282,-1.4191715978588444,False,False,False,True,False,2
-0.23373427120227938,-0.917558531851101,-0.15287794894934173,1.0,1.0,0.45864161163581846,-1.6318209930885097,1,0.0,0.6058397445540982,0.0,-0.8866212704977648,0.598244,-1.4191715978588444,False,False,False,True,False,2
2.3611226532962735,-1.4423502753977895,-0.2515205765888294,1.0,1.0,-0.7372873500029085,-2.1077005743731316,1,0.0,-0.10898581026407962,0.0,1.144141192069309,0.0,0.5211595181256249,True,False,False,False,False,2
2.13735453500587,-1.4612712507493422,-0.2515205765888294,1.0,1.0,-0.7802154048598388,-0.9145607456079501,1,0.0,-0.1184928623707311,0.0,0.7514206394545279,0.0,0.5211595181256249,True,False,False,False,False,2
2.096438082788968,-1.9904046345325057,-0.36482799232972346,1.0,1.0,-0.7850187010698834,0.25090295055178435,1,0.0,-0.6358292364296815,0.0,-1.0467335124712693,0.0,0.5211595181256249,True,False,False,False,False,2
2.074104442448613,-1.628011676028691,-0.4011286675006396,1.0,1.0,-0.7850187010698834,0.10231343537758435,1,0.0,-0.7453316779958897,0.0,0.39946721917671874,0.0,0.5211595181256249,True,False,False,False,False,2
2.3349029485034567,-1.4878249368376124,-0.3790941547694647,1.0,1.0,-0.7850187010698834,0.4041527212394904,1,0.0,-0.9260407322853791,0.0,-1.1880391100619079,0.0,0.5211595181256249,True,False,False,False,False,2
2.009783179985905,-2.1340325256147166,-0.4317917569103912,1.0,1.0,-0.7850187010698834,0.4041527212394904,1,0.0,-0.40503436849284463,0.0,-1.1880391100619079,0.0,0.5211595181256249,True,False,False,False,False,2
2.6803996912038786,-1.6802721603566333,-0.3640298626398267,1.0,1.0,-0.7850187010698834,0.4041527212394904,1,0.0,0.13446554516661002,0.0,-1.1880391100619079,0.0,0.5211595181256249,True,False,False,False,False,2
3.0599082850502413,-1.1723645732851251,-0.3660507931594669,1.0,1.0,-0.7850187010698834,0.4041527212394904,1,0.0,1.3036877212539109,0.0,-1.1880391100619079,0.0,0.5211595181256249,True,False,False,False,False,2
-0.9949774937058796,-0.09395473904142322,0.12804414869076433,1.0,1.0,0.7483305791617332,0.4041527212394904,1,0.0,-0.027350160463282387,0.0,0.5675851908418726,0.0,-1.4191715978588444,False,False,False,True,False,2
-0.9949774937058796,-0.3550749189921972,-0.03737228721198119,1.0,1.0,-0.6328306443180906,0.4041527212394904,1,0.0,-1.3452517961354118,0.0,0.18988008511790716,0.0,-1.4191715978588444,False,False,False,True,False,2
-0.9910774012779061,-0.9056913818714023,-0.13229908056766293,1.0,1.0,1.0443346447859552,0.4041527212394904,1,0.0,-1.607854329651179,0.0,0.018100268232454083,0.313016,-1.4191715978588444,False,False,False,True,False,2
-0.978140770736426,-1.067168238370234,-0.15938126043615117,1.0,1.0,-0.1862027779231157,0.4041527212394904,1,0.0,-1.4700314470772582,0.0,-0.3741510884147935,0.30402,-1.4191715978588444,False,False,False,True,False,2
-0.8302107251870695,-0.9515948472851963,-0.16775476710186593,1.0,1.0,-2.168892550490481,0.31421814614906596,1,0.0,-1.372952141056525,0.0,-1.0311724341796127,0.95174,-1.4191715978588444,False,False,False,True,False,2
-0.8458772943339691,-1.0313631065434985,-0.1736514710000673,1.0,1.0,0.6487202569774556,0.4041527212394904,1,0.0,-1.5656241543219602,0.0,-0.9616032546426446,0.720411,-1.4191715978588444,False,False,False,True,False,2
0.25323507739822276,-0.9671175511430152,0.5922163113871719,1.0,1.0,1.088341755265735,0.4041527212394904,1,0.0,-1.6068376984355175,0.0,-1.1281490082411512,1.0,0.5211595181256249,False,False,False,True,False,4
0.2659641254256533,-1.2531298017829156,0.705348932181387,1.0,1.0,1.088341755265735,0.4041527212394904,1,0.0,-1.3223457730627952,0.0,-1.1880391100619079,0.534769,0.5211595181256249,False,False,False,True,False,4
-0.9581672978716802,0.9723199427388499,1.9581341413076907,1.0,1.0,1.088341755265735,0.4041527212394904,1,0.0,1.3558590159504005,0.0,1.1524338486182972,0.735868,0.5211595181256249,False,False,False,True,False,4
-0.971696570974152,1.0782238042107977,2.4193190175022035,1.0,1.0,1.088341755265735,0.4041527212394904,1,0.0,0.2836117086481957,0.0,1.1586251187162018,0.939665,0.5211595181256249,False,False,False,True,False,4
0.2659641254256533,-0.48623533453114676,0.9679963078922865,1.0,1.0,1.088341755265735,0.4041527212394904,1,0.0,1.249987400154412,0.0,-1.1880391100619079,0.138418,0.5211595181256249,False,False,False,True,False,4
0.2659641254256533,-1.0818226141807554,0.7203448262884108,1.0,1.0,1.088341755265735,0.4041527212394904,1,0.0,-1.5937406163538175,0.0,-1.1880391100619079,0.37465,0.5211595181256249,False,False,False,True,False,4
0.25056219640106886,-0.24676975526600145,0.7015008082547364,1.0,1.0,1.088341755265735,0.4041527212394904,1,0.0,-0.557843994380786,0.0,-0.9406811126517769,0.73421,0.5211595181256249,False,False,False,True,False,4
0.19359632163815876,-0.25166884066864065,0.8903739851187841,1.0,1.0,1.088341755265735,0.4041527212394904,1,0.0,-0.8752287534839872,0.0,-1.0187581438807372,0.444532,0.5211595181256249,False,False,False,True,False,4
-0.3026401597744482,-0.4936322030821795,1.3220987522007726,1.0,1.0,1.088341755265735,0.4041527212394904,1,0.0,-1.0777472398718966,0.0,-0.6436412595215368,0.31794,0.5211595181256249,False,False,False,True,False,4
-0.4739876249858036,-0.07209645646815518,1.8017464353392156,1.0,1.0,1.088341755265735,0.4041527212394904,1,0.0,-1.0929526486480339,0.0,1.077130835653526,0.886135,0.5211595181256249,False,False,False,True,False,4
0.2659641254256533,-0.8458839476015372,0.8926364282542869,1.0,1.0,1.088341755265735,0.4041527212394904,1,0.0,1.0951640938168292,0.0,-1.1880391100619079,0.479348,0.5211595181256249,False,False,False,True,False,4
0.2659641254256533,-1.2627028505018576,0.9150028489779438,1.0,1.0,1.088341755265735,0.4041527212394904,1,0.0,0.930602015256024,0.0,-1.1880391100619079,0.492394,0.5211595181256249,False,False,False,True,False,4
-0.4693878675769142,0.2933838906482649,1.7163744371112757,1.0,1.0,1.088341755265735,0.4041527212394904,1,0.0,-1.1517769216210114,0.0,0.8609631987518135,0.94232,0.5211595181256249,False,False,False,True,False,4
-0.21025333160621693,-0.3972370697330786,1.0647088586669629,1.0,1.0,1.088341755265735,0.4041527212394904,1,0.0,0.653435382864208,0.0,-0.9598428878170866,0.803141,0.5211595181256249,False,False,False,True,False,4
-0.5201620461367812,0.49414991126236046,1.5778818841458437,1.0,1.0,1.088341755265735,0.4041527212394904,1,0.0,-0.49410790766921986,0.0,-0.7283246640477486,0.998646,0.5211595181256249,False,False,False,True,False,4
-0.5132884957531928,0.3048329567533411,2.501752344908197,1.0,1.0,1.088341755265735,0.4041527212394904,1,0.0,0.598795126643969,0.0,-0.3059612744665895,0.671458,0.5211595181256249,False,False,False,True,False,4
-0.873454087544376,0.4821326798917717,1.8030983178643445,1.0,1.0,1.088341755265735,0.4041527212394904,1,0.0,1.4053704248017405,0.0,0.5357927543049402,0.627886,0.5211595181256249,False,False,False,True,False,4
-0.007353954730142792,0.18961332894683292,1.0664698690627008,1.0,1.0,1.088341755265735,0.4041527212394904,1,0.0,1.5982072530796663,0.0,-0.7302966982270813,0.526776,0.5211595181256249,False,False,False,True,False,4
0.2659641254256533,-0.742906673251954,0.9685174084051652,1.0,1.0,1.088341755265735,0.4041527212394904,1,0.0,1.189735274350449,0.0,-1.1880391100619079,0.037078,0.5211595181256249,False,False,False,True,False,4
0.2659641254256533,-0.6336152603856209,0.9655200397826833,1.0,1.0,1.088341755265735,0.4041527212394904,1,0.0,1.0043559174297834,0.0,-1.1880391100619079,0.138563,0.5211595181256249,False,False,False,True,False,4
0.2607643174237594,-0.5017258780909155,0.694010976544499,1.0,1.0,1.088341755265735,0.4041527212394904,1,0.0,0.9868447303105803,0.0,-0.8984193736112079,0.802136,0.5211595181256249,False,False,False,True,False,4
0.2659641254256533,-0.7944703511221907,0.798038182184226,1.0,1.0,1.088341755265735,0.4041527212394904,1,0.0,1.1086120197369995,0.0,-1.1880391100619079,0.410651,0.5211595181256249,False,False,False,True,False,4
-0.5867403940977357,0.3709009290432092,1.693379220495751,1.0,1.0,1.088341755265735,0.4041527212394904,1,0.0,-0.2534551437872607,0.0,0.5330634213709922,0.962336,0.5211595181256249,False,False,False,True,False,4
0.029123510134308476,0.37926260653568006,1.7544781315137046,1.0,1.0,1.088341755265735,0.4041527212394904,1,0.0,1.3994240296976146,0.0,-0.042843466638202404,0.58345,0.5211595181256249,False,False,False,True,False,4
0.26468521538844925,-1.294016260701228,0.5887851442505255,1.0,1.0,1.088341755265735,0.4041527212394904,1,0.0,-1.639090854097715,0.0,-1.1784823290389883,1.0,0.5211595181256249,False,False,False,True,False,4
0.25153123003537137,-1.0135784617229755,0.6278716926507152,1.0,1.0,1.088341755265735,0.4041527212394904,1,0.0,-1.518841168251657,0.0,-0.997440889496157,0.824607,0.5211595181256249,False,False,False,True,False,4
-0.9669401415690851,1.2852182025468484,2.120163404781802,1.0,1.0,1.088341755265735,0.4041527212394904,1,0.0,1.153603254483392,0.0,1.1635534402699186,0.813784,0.5211595181256249,False,False,False,True,False,4
-0.9772450293337352,1.3512968949360673,2.525666180192595,1.0,1.0,1.088341755265735,0.4041527212394904,1,0.0,0.23977744265285225,0.0,1.1636992555580745,0.957463,0.5211595181256249,False,False,False,True,False,4
0.2659641254256533,-0.48426283625087196,0.970289379288055,1.0,1.0,1.088341755265735,0.4041527212394904,1,0.0,1.4443434638445063,0.0,-1.1880391100619079,0.01931,0.5211595181256249,False,False,False,True,False,4
0.2659641254256533,-0.6855755819317808,0.9403450610584335,1.0,1.0,1.088341755265735,0.4041527212394904,1,0.0,1.1441239435174575,0.0,-1.1880391100619079,0.110518,0.5211595181256249,False,False,False,True,False,4
0.25056219640106886,-0.3427896851378736,0.6874068056619761,1.0,1.0,1.088341755265735,0.4041527212394904,1,0.0,-0.7144541565468587,0.0,-0.9406811126517769,0.881848,0.5211595181256249,False,False,False,True,False,4
0.19359632163815876,-0.3534240236924018,0.6938675736550994,1.0,1.0,1.088341755265735,0.4041527212394904,1,0.0,-0.9725104066487686,0.0,-1.0187581438807372,0.753077,0.5211595181256249,False,False,False,True,False,4
-0.5976245269186745,-0.35414227034880674,1.4557483356286718,1.0,1.0,1.088341755265735,0.4041527212394904,1,0.0,-1.3897681678260139,0.0,-0.2627846620858174,0.366385,0.5211595181256249,False,False,False,True,False,4
-0.5424329546315849,-0.11860024744551172,1.6491554879481927,1.0,1.0,1.088341755265735,0.4041527212394904,1,0.0,-1.3924639539709138,0.0,0.8326315234490944,0.959218,0.5211595181256249,False,False,False,True,False,4
0.2659641254256533,-0.8496681426718482,0.9200043827756056,1.0,1.0,1.088341755265735,0.4041527212394904,1,0.0,1.1154755043165703,0.0,-1.1880391100619079,0.425473,0.5211595181256249,False,False,False,True,False,4
0.2659641254256533,-0.6254679848801356,0.925670038077038,1.0,1.0,1.088341755265735,0.4041527212394904,1,0.0,1.1449627050661733,0.0,-1.1880391100619079,0.25115,0.5211595181256249,False,False,False,True,False,4
-0.40094253793113344,0.3398876816256215,1.8689654226921493,1.0,1.0,1.088341755265735,0.4041527212394904,1,0.0,-0.8522656162981315,0.0,1.1054636868859886,0.869238,0.5211595181256249,False,False,False,True,False,4
-0.5392273258003479,0.4999387649109939,1.7944543506759332,1.0,1.0,1.088341755265735,0.4041527212394904,1,0.0,1.4136960306802393,0.0,0.7228243799595905,0.825609,0.5211595181256249,False,False,False,True,False,4
-0.531275197479295,1.1929931878446356,1.9913929948699034,1.0,1.0,1.088341755265735,0.4041527212394904,1,0.0,1.0337288899529076,0.0,-0.6217642625791973,0.735201,0.5211595181256249,False,False,False,True,False,4
-0.5238556593746225,1.1327140692033986,2.6460233278041954,1.0,1.0,1.088341755265735,0.4041527212394904,1,0.0,0.6675996829475813,0.0,-0.06770144547953302,0.573958,0.5211595181256249,False,False,False,True,False,4
-0.9370559828133701,0.4713268197476543,1.7979601789707083,1.0,1.0,1.088341755265735,0.4041527212394904,1,0.0,1.4569738420294491,0.0,0.5863177516509175,0.625371,0.5211595181256249,False,False,False,True,False,4
-0.5140690186154356,0.5530354169881836,1.8050957616258003,1.0,1.0,1.088341755265735,0.4041527212394904,1,0.0,1.5422419494322732,0.0,0.5113534064521857,0.67321,0.5211595181256249,False,False,False,True,False,4
0.2659641254256533,-0.7448791715322288,0.9662243370093967,1.0,1.0,1.088341755265735,0.4041527212394904,1,0.0,0.995379210660355,0.0,-1.1880391100619079,0.156187,0.5211595181256249,False,False,False,True,False,4
0.2659641254256533,-0.6494166868265207,0.9636172686611264,1.0,1.0,1.088341755265735,0.4041527212394904,1,0.0,0.885364373906799,0.0,-1.1880391100619079,0.20482,0.5211595181256249,False,False,False,True,False,4
0.2657507110566154,-0.6532437622942279,0.6959139386153095,1.0,1.0,1.088341755265735,0.4041527212394904,1,0.0,1.053379408570878,0.0,-0.9645407271411377,0.692343,0.5211595181256249,False,False,False,True,False,4
0.2659641254256533,-0.8908869246699884,0.700500577874905,1.0,1.0,1.088341755265735,0.4041527212394904,1,0.0,-0.5046348546551462,0.0,-1.1880391100619079,0.54396,0.5211595181256249,False,False,False,True,False,4
-0.23110583839719964,0.5978025518709501,1.7864843961626244,1.0,1.0,1.088341755265735,0.4041527212394904,1,0.0,1.3713238859838255,0.0,0.23020154008220964,0.766668,0.5211595181256249,False,False,False,True,False,4
-0.6977648851029459,0.6610618581312985,1.8089240268300841,1.0,1.0,1.088341755265735,0.4041527212394904,1,0.0,1.3505212941102256,0.0,0.48116141029573706,0.816986,0.5211595181256249,False,False,False,True,False,4
0.25499015051435137,-0.9818684078476821,0.603452796590735,1.0,1.0,1.088341755265735,0.4041527212394904,1,0.0,-1.5623931273444163,0.0,-1.1574261310573966,0.539074,0.5211595181256249,False,False,False,True,False,4
0.24985796050678402,-0.3989415655296209,0.6185194946809675,1.0,1.0,1.088341755265735,0.4041527212394904,1,0.0,-1.5331360148795776,0.0,-1.0561915153957606,1.0,0.5211595181256249,False,False,False,True,False,4
0.2659641254256533,-1.068283128702562,0.6993818061984842,1.0,1.0,1.088341755265735,0.4041527212394904,1,0.0,0.9887539735245836,0.0,-1.1880391100619079,0.553093,0.5211595181256249,False,False,False,True,False,4
0.26104519216942124,-0.7373429416896568,0.7028027384551413,1.0,1.0,1.088341755265735,0.4041527212394904,1,0.0,-1.2535379530955693,0.0,-0.9972104072664912,0.619235,0.5211595181256249,False,False,False,True,False,4
-0.9421725686684014,0.7436066231210727,1.9270178911294662,1.0,1.0,1.088341755265735,0.4041527212394904,1,0.0,1.3928036880572636,0.0,0.8164977673725032,0.655571,0.5211595181256249,False,False,False,True,False,4
-0.41167409681615674,0.9420571022757148,1.954622584535309,1.0,1.0,1.088341755265735,0.4041527212394904,1,0.0,1.3456861764665582,0.0,0.582646498992673,0.923005,0.5211595181256249,False,False,False,True,False,4
-0.9599018806864975,1.072745833443295,2.084409951981648,1.0,1.0,1.088341755265735,0.4041527212394904,1,0.0,0.6698287651957251,0.0,1.1580230426876876,0.893514,0.5211595181256249,False,False,False,True,False,4
-0.6205408799047711,0.9167576678113168,2.497226923979283,1.0,1.0,1.088341755265735,0.4041527212394904,1,0.0,0.48417199686789625,0.0,-0.21594502855500305,0.914492,0.5211595181256249,False,False,False,True,False,4
0.2659641254256533,-0.6167954245065337,0.968360409928914,1.0,1.0,1.088341755265735,0.4041527212394904,1,0.0,1.2320225637929076,0.0,-1.1880391100619079,0.101867,0.5211595181256249,False,False,False,True,False,4
0.2659641254256533,-0.6252214225951024,0.9552998246962481,1.0,1.0,1.088341755265735,0.4041527212394904,1,0.0,1.0518862824676192,0.0,-1.1880391100619079,0.250502,0.5211595181256249,False,False,False,True,False,4
0.2659641254256533,-0.8358499346105717,0.704656397428691,1.0,1.0,1.088341755265735,0.4041527212394904,1,0.0,0.8896528278951753,0.0,-1.1880391100619079,0.393838,0.5211595181256249,False,False,False,True,False,4
0.2659641254256533,-0.9759723532055548,0.7194003149007593,1.0,1.0,1.088341755265735,0.4041527212394904,1,0.0,0.28158007804867896,0.0,-1.1880391100619079,0.519905,0.5211595181256249,False,False,False,True,False,4
0.2571102662292186,-0.7738448799740955,0.6970797219979491,1.0,1.0,1.088341755265735,0.4041527212394904,1,0.0,0.3292687307717786,0.0,-1.0531623203772988,0.604422,0.5211595181256249,False,False,False,True,False,4
0.1543666940722504,-0.1812699482416459,0.6963963909992734,1.0,1.0,1.088341755265735,0.4041527212394904,1,0.0,-0.9197532843336234,0.0,-0.924064049450734,0.912187,0.5211595181256249,False,False,False,True,False,4
0.21130750762048026,-0.3938280781399939,0.9293924792050161,1.0,1.0,1.088341755265735,0.4041527212394904,1,0.0,-0.6591562721084632,0.0,-1.153081070656303,0.200122,0.5211595181256249,False,False,False,True,False,4
0.23189742331927884,-0.49346068149259015,0.9024751267321729,1.0,1.0,1.088341755265735,0.4041527212394904,1,0.0,-0.7828768642076704,0.0,-1.1693888643348864,0.436068,0.5211595181256249,False,False,False,True,False,4
-0.8095970092152095,-0.38038507355594603,1.4596088330669512,1.0,1.0,1.088341755265735,0.4041527212394904,1,0.0,-1.2714799438117776,0.0,-0.2560524643060446,0.639561,0.5211595181256249,False,False,False,True,False,4
-0.489430849848415,0.06250511096192679,1.3472717832426362,1.0,1.0,1.088341755265735,0.4041527212394904,1,0.0,-0.6404342657885849,0.0,0.4306681630528258,0.926052,0.5211595181256249,False,False,False,True,False,4
-0.4223435543264384,0.5627692671973666,1.8024806352190315,1.0,1.0,1.088341755265735,0.4041527212394904,1,0.0,-0.10127377314495259,0.0,0.5676451632587755,0.906611,0.5211595181256249,False,False,False,True,False,4
-0.5206118870594068,0.13416897511214215,1.7292622514593499,1.0,1.0,1.088341755265735,0.4041527212394904,1,0.0,-0.48702902129114656,0.0,0.6846219503925196,0.925843,0.5211595181256249,False,False,False,True,False,4
0.2659641254256533,-0.8285281067549851,0.894504752130507,1.0,1.0,1.088341755265735,0.4041527212394904,1,0.0,0.815017736545723,0.0,-1.1880391100619079,0.368472,0.5211595181256249,False,False,False,True,False,4
0.2659641254256533,-0.673665551554686,0.9312373927027541,1.0,1.0,1.088341755265735,0.4041527212394904,1,0.0,1.0380467169138068,0.0,-1.1880391100619079,0.357581,0.5211595181256249,False,False,False,True,False,4
0.2659641254256533,-0.862242819208601,0.9425742408339717,1.0,1.0,1.088341755265735,0.4041527212394904,1,0.0,0.9753027839407991,0.0,-1.1880391100619079,0.199227,0.5211595181256249,False,False,False,True,False,4
0.258794253761569,-0.837918913784992,0.893416685094053,1.0,1.0,1.088341755265735,0.4041527212394904,1,0.0,0.3416021155678772,0.0,-1.1868455413725683,0.481031,0.5211595181256249,False,False,False,True,False,4
-0.5218140372755462,0.37024700298290203,1.739910154683837,1.0,1.0,1.088341755265735,0.4041527212394904,1,0.0,-0.5719087527239424,0.0,0.7788668396606235,0.629285,0.5211595181256249,False,False,False,True,False,4
-0.4004039582420615,0.3352565987067147,1.7689090449693907,1.0,1.0,1.088341755265735,0.4041527212394904,1,0.0,-0.3102314678426536,0.0,0.6673710610598962,0.930836,0.5211595181256249,False,False,False,True,False,4
-0.08678902105746455,-0.11071025432441266,1.0652920558770884,1.0,1.0,1.088341755265735,0.4041527212394904,1,0.0,0.8184021557131095,0.0,-0.7949681303836555,0.668172,0.5211595181256249,False,False,False,True,False,4
0.02160230861159371,-0.714123206499025,1.0193379030042087,1.0,1.0,1.088341755265735,0.4041527212394904,1,0.0,0.9301875299770868,0.0,-0.9935144600836396,0.463196,0.5211595181256249,False,False,False,True,False,4
-0.9353660058083294,0.47579710117632257,1.59157516063515,1.0,1.0,1.088341755265735,0.4041527212394904,1,0.0,0.8055155799344916,0.0,0.6301587643365929,0.66488,0.5211595181256249,False,False,False,True,False,4
-0.7229737875703257,0.48081410767180416,1.6336744681676558,1.0,1.0,1.088341755265735,0.4041527212394904,1,0.0,0.39604492013948844,0.0,-0.4326806395226773,0.685129,0.5211595181256249,False,False,False,True,False,4
-0.4679010597902561,0.48067474638026253,2.204173171035073,1.0,1.0,1.088341755265735,0.4041527212394904,1,0.0,0.5850094115397825,0.0,0.2789391242185357,0.723366,0.5211595181256249,False,False,False,True,False,4
-0.47135619744437873,0.5300086435858404,2.3946964167785603,1.0,1.0,1.088341755265735,0.4041527212394904,1,0.0,0.49183018353739766,0.0,0.7909448140529461,0.70558,0.5211595181256249,False,False,False,True,False,4
-0.7959167383538465,0.4216927597602963,1.7564738949217304,1.0,1.0,1.088341755265735,0.4041527212394904,1,0.0,0.698831311898697,0.0,0.5343146106177481,0.87092,0.5211595181256249,False,False,False,True,False,4
-0.4327843085505501,0.5022971867678435,1.8086721647646804,1.0,1.0,1.088341755265735,0.4041527212394904,1,0.0,1.3471662479153619,0.0,0.4738306642766795,0.862724,0.5211595181256249,False,False,False,True,False,4
0.025635272762683774,-0.0745191989211025,1.0002133423272503,1.0,1.0,1.088341755265735,0.4041527212394904,1,0.0,1.1685345155159803,0.0,-0.7919918522036372,0.153462,0.5211595181256249,False,False,False,True,False,4
0.2048812762762789,-0.2911831268702409,1.0041488064424644,1.0,1.0,1.088341755265735,0.4041527212394904,1,0.0,1.6014431755526306,0.0,-0.764598568835985,0.169016,0.5211595181256249,False,False,False,True,False,4
0.2659641254256533,-0.7541091770719947,0.9640607292075201,1.0,1.0,1.088341755265735,0.4041527212394904,1,0.0,0.9003445898935928,0.0,-1.1880391100619079,0.237307,0.5211595181256249,False,False,False,True,False,4
0.2659641254256533,-0.6406262053600765,0.9655513936501127,1.0,1.0,1.088341755265735,0.4041527212394904,1,0.0,1.0238807849986271,0.0,-1.1880391100619079,0.088309,0.5211595181256249,False,False,False,True,False,4
0.2659641254256533,-0.6598473434934095,0.9529679906020135,1.0,1.0,1.088341755265735,0.4041527212394904,1,0.0,1.007697908970192,0.0,-1.1880391100619079,0.162494,0.5211595181256249,False,False,False,True,False,4
0.2659641254256533,-0.5627982840840013,0.9672841053664776,1.0,1.0,1.088341755265735,0.4041527212394904,1,0.0,1.42959170431067,0.0,-1.1880391100619079,0.096576,0.5211595181256249,False,False,False,True,False,4
0.26087780216948137,-1.0535001116998475,0.7044442528080213,1.0,1.0,1.088341755265735,0.4041527212394904,1,0.0,-0.144479783894662,0.0,-1.1561702380916679,0.546137,0.5211595181256249,False,False,False,True,False,4
0.2643781761041904,-0.6161736587442742,0.7046033899159114,1.0,1.0,1.088341755265735,0.4041527212394904,1,0.0,0.49291861535256004,0.0,-1.1043717088338136,0.733085,0.5211595181256249,False,False,False,True,False,4
0.2659641254256533,-0.7800839777954015,0.7748670631163507,1.0,1.0,1.088341755265735,0.4041527212394904,1,0.0,1.1077079849160105,0.0,-1.1880391100619079,0.540812,0.5211595181256249,False,False,False,True,False,4
0.20563232462817396,-0.789624866216296,0.827950764647911,1.0,1.0,1.088341755265735,0.4041527212394904,1,0.0,-0.6310479692356398,0.0,-1.0811271056001421,0.438216,0.5211595181256249,False,False,False,True,False,4
-0.5172525809683376,0.17691001121788694,1.7903671200940137,1.0,1.0,1.088341755265735,0.4041527212394904,1,0.0,-0.8008971828506072,0.0,0.559732332016838,0.937492,0.5211595181256249,False,False,False,True,False,4
-0.5298344140617343,0.07400777756374757,1.7066583280541547,1.0,1.0,1.088341755265735,0.4041527212394904,1,0.0,-0.34440692137330886,0.0,0.7929109685835629,0.887388,0.5211595181256249,False,False,False,True,False,4
-0.21000650228427187,0.24983884709132054,1.770275325068235,1.0,1.0,1.088341755265735,0.4041527212394904,1,0.0,0.12653484258536665,0.0,0.30733312379764405,0.587932,0.5211595181256249,False,False,False,True,False,4
-0.13973816629263136,0.41072609812594035,1.79108184314997,1.0,1.0,1.088341755265735,0.4041527212394904,1,0.0,1.3540705282901035,0.0,0.3922634735699259,0.803156,0.5211595181256249,False,False,False,True,False,4
0.2658356669982044,-1.4272134951165476,0.5886607980966283,1.0,1.0,1.088341755265735,0.4041527212394904,1,0.0,-1.6440173543225656,0.0,-1.186513929184988,1.0,0.5211595181256249,False,False,False,True,False,4
0.25568067366852865,-1.3055403675017478,0.5937982495729512,1.0,1.0,1.088341755265735,0.4041527212394904,1,0.0,-1.6353360091101754,0.0,-1.1644499594134812,0.695838,0.5211595181256249,False,False,False,True,False,4
-0.6280871426421661,0.8687209026270049,2.5981467360366453,1.0,1.0,1.088341755265735,0.4041527212394904,1,0.0,0.508393276376826,0.0,1.1294009127384004,0.768375,0.5211595181256249,False,False,False,True,False,4
-0.762934288422223,0.9878212063979696,2.8393883949082386,1.0,1.0,1.088341755265735,0.4041527212394904,1,0.0,0.0999425114610978,0.0,1.14811701053104,0.947091,0.5211595181256249,False,False,False,True,False,4
0.2659641254256533,-0.45153437293739346,0.9705201223660181,1.0,1.0,1.088341755265735,0.4041527212394904,1,0.0,1.5478521871841902,0.0,-1.1880391100619079,0.010056,0.5211595181256249,False,False,False,True,False,4
0.2659641254256533,-0.47015518550716373,0.9688784934435863,1.0,1.0,1.088341755265735,0.4041527212394904,1,0.0,1.2557689802460466,0.0,-1.1880391100619079,0.051858,0.5211595181256249,False,False,False,True,False,4
0.23703260806319246,-0.18862393639528013,0.6876584385882751,1.0,1.0,1.088341755265735,0.4041527212394904,1,0.0,-1.1628032091398308,0.0,-0.856352838908009,0.929356,0.5211595181256249,False,False,False,True,False,4
0.18699213990795707,-0.1900389895093908,0.6973756551510671,1.0,1.0,1.088341755265735,0.4041527212394904,1,0.0,-1.251016772954001,0.0,-0.8829711845748976,0.852362,0.5211595181256249,False,False,False,True,False,4
-0.8156881453241266,0.1591253663973616,1.5679326642400153,1.0,1.0,1.088341755265735,0.4041527212394904,1,0.0,-1.132780767557584,0.0,-0.1151984237367917,0.707494,0.5211595181256249,False,False,False,True,False,4
-0.6496791916927693,-0.2242146662350277,1.4830069907972714,1.0,1.0,1.088341755265735,0.4041527212394904,1,0.0,-1.4419606763359925,0.0,-0.15666993798993561,0.552006,0.5211595181256249,False,False,False,True,False,4
0.2659641254256533,-0.8401808547476983,0.9253936199376306,1.0,1.0,1.088341755265735,0.4041527212394904,1,0.0,1.0863799432006087,0.0,-1.1880391100619079,0.33929,0.5211595181256249,False,False,False,True,False,4
0.2659641254256533,-0.7484918450129505,0.924892454526821,1.0,1.0,1.088341755265735,0.4041527212394904,1,0.0,1.1371233850661127,0.0,-1.1880391100619079,0.243338,0.5211595181256249,False,False,False,True,False,4
-0.38962243454537976,0.49099820205365974,1.9068417729133287,1.0,1.0,1.088341755265735,0.4041527212394904,1,0.0,-0.6535166613840231,0.0,1.1207566531961974,0.858392,0.5211595181256249,False,False,False,True,False,4
-0.5423519391325559,0.8659229566968336,1.9578622677605177,1.0,1.0,1.088341755265735,0.4041527212394904,1,0.0,1.209020262643687,0.0,1.1510862331325995,0.832515,0.5211595181256249,False,False,False,True,False,4
-0.44304427527001833,1.1598466406565322,2.5132236976935993,1.0,1.0,1.088341755265735,0.4041527212394904,1,0.0,0.5600374893997064,0.0,-0.8977831956201412,0.91336,0.5211595181256249,False,False,False,True,False,4
-0.4399592239811105,1.093446345286834,2.828086261351313,1.0,1.0,1.088341755265735,0.4041527212394904,1,0.0,0.646266745736759,0.0,-0.6848528933014355,0.639894,0.5211595181256249,False,False,False,True,False,4
-0.9453920678574491,0.47087657557498414,1.7937248863376047,1.0,1.0,1.088341755265735,0.4041527212394904,1,0.0,1.494399904519331,0.0,0.6188416164881152,0.62535,0.5211595181256249,False,False,False,True,False,4
-0.7538624439433815,0.5291510356378962,1.8047368152190182,1.0,1.0,1.088341755265735,0.4041527212394904,1,0.0,1.545448498932714,0.0,0.5293592426799381,0.655558,0.5211595181256249,False,False,False,True,False,4
0.2659641254256533,-0.7518043557118897,0.954844296157031,1.0,1.0,1.088341755265735,0.4041527212394904,1,0.0,0.8909729798269088,0.0,-1.1880391100619079,0.252635,0.5211595181256249,False,False,False,True,False,4
0.2659641254256533,-0.7050861627475478,0.9541741024669985,1.0,1.0,1.088341755265735,0.4041527212394904,1,0.0,0.8214438902010595,0.0,-1.1880391100619079,0.258472,0.5211595181256249,False,False,False,True,False,4
0.2659641254256533,-0.9080176434302042,0.6973527794304941,1.0,1.0,1.088341755265735,0.4041527212394904,1,0.0,1.053431627188697,0.0,-1.1880391100619079,0.55415,0.5211595181256249,False,False,False,True,False,4
0.2659641254256533,-0.7911149600258529,0.7001922712101587,1.0,1.0,1.088341755265735,0.4041527212394904,1,0.0,0.9466184444401613,0.0,-1.1880391100619079,0.465607,0.5211595181256249,False,False,False,True,False,4
-0.4010498755864615,0.6698201792996925,1.8064781196517923,1.0,1.0,1.088341755265735,0.4041527212394904,1,0.0,0.5173047098739805,0.0,0.507405810304291,0.918468,0.5211595181256249,False,False,False,True,False,4
-0.4845458043981967,0.6664647882033548,1.8083587406599395,1.0,1.0,1.088341755265735,0.4041527212394904,1,0.0,1.352428905492422,0.0,0.5380140855898292,0.890527,0.5211595181256249,False,False,False,True,False,4
0.25499015051435137,-0.995568694816114,0.5918627115594886,1.0,1.0,1.088341755265735,0.4041527212394904,1,0.0,-1.6127840935396434,0.0,-1.1574261310573966,1.0,0.5211595181256249,False,False,False,True,False,4
0.2532870912400122,-0.9775589279092547,0.5953375678853426,1.0,1.0,1.088341755265735,0.4041527212394904,1,0.0,-1.591325505279694,0.0,-1.1348282891824804,0.922749,0.5211595181256249,False,False,False,True,False,4
0.2531220655056084,-0.8623929005994911,0.7027212795035862,1.0,1.0,1.088341755265735,0.4041527212394904,1,0.0,-0.5792389412002686,0.0,-1.0243979029290848,0.711331,0.5211595181256249,False,False,False,True,False,4
0.19750476780435924,-0.6355448782684971,0.7027705444109968,1.0,1.0,1.088341755265735,0.4041527212394904,1,0.0,-1.3119216314806996,0.0,-1.0765009979904256,0.603736,0.5211595181256249,False,False,False,True,False,4
-0.8775658605466611,1.0752864969890823,1.9648093071226758,1.0,1.0,1.088341755265735,0.4041527212394904,1,0.0,1.1154869271392176,0.0,0.1858795721315689,0.735372,0.5211595181256249,False,False,False,True,False,4
-0.41105134927400805,0.921249389438682,1.958077505759094,1.0,1.0,1.088341755265735,0.4041527212394904,1,0.0,0.8541735407508544,0.0,1.1411696176082635,0.835771,0.5211595181256249,False,False,False,True,False,4
-0.6655613818565408,1.069872846817675,2.475895142690942,1.0,1.0,1.088341755265735,0.4041527212394904,1,0.0,0.3558529027370136,0.0,1.024779619416372,0.933964,0.5211595181256249,False,False,False,True,False,4
-0.9759468899368393,1.13524401264984,2.519827944955824,1.0,1.0,1.088341755265735,0.4041527212394904,1,0.0,0.2557188075738753,0.0,1.1633864582463853,0.941336,0.5211595181256249,False,False,False,True,False,4
0.2659641254256533,-0.5526463500001935,0.968250690487837,1.0,1.0,1.088341755265735,0.4041527212394904,1,0.0,1.2446317281643624,0.0,-1.1880391100619079,0.125235,0.5211595181256249,False,False,False,True,False,4
0.2659641254256533,-0.5253208167587736,0.9674671875107604,1.0,1.0,1.088341755265735,0.4041527212394904,1,0.0,1.3160814838268622,0.0,-1.1880391100619079,0.101598,0.5211595181256249,False,False,False,True,False,4
0.26378663686711534,-0.40784996808890744,0.7078890155315188,1.0,1.0,1.088341755265735,0.4041527212394904,1,0.0,-0.622616294289696,0.0,-1.176064617486986,0.412806,0.5211595181256249,False,False,False,True,False,4
0.26314481758297725,-0.7917796061855109,0.7195949303799555,1.0,1.0,1.088341755265735,0.4041527212394904,1,0.0,-0.8604019296870368,0.0,-1.0727474302501576,0.663492,0.5211595181256249,False,False,False,True,False,4
0.22634329072240927,-0.3527700976320922,0.6946002841307377,1.0,1.0,1.088341755265735,0.4041527212394904,1,0.0,-0.78588269839587,0.0,-0.9761859593879657,0.747909,0.5211595181256249,False,False,False,True,False,4
0.25962348049385053,-0.6386965874771979,0.70195618403455,1.0,1.0,1.088341755265735,0.4041527212394904,1,0.0,-0.8583588762648727,0.0,-0.948022442038523,0.657221,0.5211595181256249,False,False,False,True,False,4
0.21130750762048026,-0.47283521034449505,0.8915487431163401,1.0,1.0,1.088341755265735,0.4041527212394904,1,0.0,-0.6487174440401061,0.0,-1.153081070656303,0.472343,0.5211595181256249,False,False,False,True,False,4
0.23189742331927884,-0.6278371268363359,0.8907383162945157,1.0,1.0,1.088341755265735,0.4041527212394904,1,0.0,-0.7784154360477692,0.0,-1.1693888643348864,0.445495,0.5211595181256249,False,False,False,True,False,4
-0.4571174870634428,-0.27995918285150095,1.338673414735967,1.0,1.0,1.088341755265735,0.4041527212394904,1,0.0,-0.8535678180799897,0.0,-0.31520525817781997,0.604692,0.5211595181256249,False,False,False,True,False,4
-0.24189744962683477,-0.4316164283463525,1.304647594402033,1.0,1.0,1.088341755265735,0.4041527212394904,1,0.0,-0.15930171219619194,0.0,-0.9323273077561426,0.77582,0.5211595181256249,False,False,False,True,False,4
-0.5000319012758584,0.12280566980186063,1.8006450018550149,1.0,1.0,1.088341755265735,0.4041527212394904,1,0.0,-0.9736265796046476,0.0,0.651841732871306,0.910683,0.5211595181256249,False,False,False,True,False,4
-0.45694978182809837,0.19534858209871947,1.8063789024196588,1.0,1.0,1.088341755265735,0.4041527212394904,1,0.0,0.668249152006704,0.0,0.6418898394546739,0.873936,0.5211595181256249,False,False,False,True,False,4
0.2659641254256533,-0.8466343545559899,0.8935139546438006,1.0,1.0,1.088341755265735,0.4041527212394904,1,0.0,1.1100007086046213,0.0,-1.1880391100619079,0.451377,0.5211595181256249,False,False,False,True,False,4
0.2659641254256533,-0.849132137704381,0.9094832316656096,1.0,1.0,1.088341755265735,0.4041527212394904,1,0.0,1.1212032339585793,0.0,-1.1880391100619079,0.413474,0.5211595181256249,False,False,False,True,False,4
0.2659641254256533,-0.8877352154612876,0.9238633908097069,1.0,1.0,1.088341755265735,0.4041527212394904,1,0.0,0.9957218953397915,0.0,-1.1880391100619079,0.380695,0.5211595181256249,False,False,False,True,False,4
0.2659641254256533,-1.0802896399738025,0.8970371211307968,1.0,1.0,1.088341755265735,0.4041527212394904,1,0.0,0.892901805022594,0.0,-1.1880391100619079,0.462973,0.5211595181256249,False,False,False,True,False,4
-0.460437388728914,0.31043956871303685,1.7306316249361011,1.0,1.0,1.088341755265735,0.4041527212394904,1,0.0,-0.960945614633692,0.0,0.812086854905791,0.930888,0.5211595181256249,False,False,False,True,False,4
-0.5139311031258431,0.30060923760970837,1.7296756184033868,1.0,1.0,1.088341755265735,0.4041527212394904,1,0.0,-0.9554838735761977,0.0,0.8215907190902668,0.673009,0.5211595181256249,False,False,False,True,False,4
-0.13512516899674093,-0.2573397732244318,1.0649019847419814,1.0,1.0,1.088341755265735,0.4041527212394904,1,0.0,0.682240477918552,0.0,-0.8414185311694735,0.737226,0.5211595181256249,False,False,False,True,False,4
-0.0973698974190024,-0.6877303219009957,1.0433086029763077,1.0,1.0,1.088341755265735,0.4041527212394904,1,0.0,0.7962516707670596,0.0,-0.9648111909820719,0.652289,0.5211595181256249,False,False,False,True,False,4
-0.5849788586558091,0.39706869155490465,1.5859520488274035,1.0,1.0,1.088341755265735,0.4041527212394904,1,0.0,-0.34426821566972726,0.0,0.49049829245667975,0.966181,0.5211595181256249,False,False,False,True,False,4
-0.5518227140161504,0.42361165754382407,1.6107633074135335,1.0,1.0,1.088341755265735,0.4041527212394904,1,0.0,-0.3914771098416159,0.0,-0.46307489559495485,0.968151,0.5211595181256249,False,False,False,True,False,4
-0.6807563588378853,0.9771975879427899,2.5147853188788036,1.0,1.0,1.088341755265735,0.4041527212394904,1,0.0,0.5828521298911397,0.0,0.2890638793074168,0.760091,0.5211595181256249,False,False,False,True,False,4
-0.6680076085976557,1.165807015894755,2.506441027448879,1.0,1.0,1.088341755265735,0.4041527212394904,1,0.0,0.47509901202186444,0.0,0.8099313756865203,0.729722,0.5211595181256249,False,False,False,True,False,4
-0.8524852588890282,0.4492970155847993,1.7832855760776705,1.0,1.0,1.088341755265735,0.4041527212394904,1,0.0,1.1044361621432959,0.0,0.5349919461498265,0.804491,0.5211595181256249,False,False,False,True,False,4
-0.7139082477995796,0.49617601003938216,1.8083076426396951,1.0,1.0,1.088341755265735,0.4041527212394904,1,0.0,1.3605048411044747,0.0,0.4926655309733822,0.775378,0.5211595181256249,False,False,False,True,False,4
-0.0033722163323299656,0.10487094359044523,1.0229836207221192,1.0,1.0,1.088341755265735,0.4041527212394904,1,0.0,1.2873237118949166,0.0,-0.7386116974411902,0.16779,0.5211595181256249,False,False,False,True,False,4
0.15744969633102732,-0.17361579730623156,1.0259766738914708,1.0,1.0,1.088341755265735,0.4041527212394904,1,0.0,1.5987163846034005,0.0,-0.7328672806456985,0.283804,0.5211595181256249,False,False,False,True,False,4
0.2659641254256533,-0.669216710324717,0.9677668250793968,1.0,1.0,1.088341755265735,0.4041527212394904,1,0.0,1.0893384542664097,0.0,-1.1880391100619079,0.081929,0.5211595181256249,False,False,False,True,False,4
0.2659641254256533,-0.5027014071317045,0.9680017308510872,1.0,1.0,1.088341755265735,0.4041527212394904,1,0.0,1.2436412062576103,0.0,-1.1880391100619079,0.088236,0.5211595181256249,False,False,False,True,False,4
0.2659641254256533,-0.6482267557987462,0.9650740968959941,1.0,1.0,1.088341755265735,0.4041527212394904,1,0.0,1.0017254045571566,0.0,-1.1880391100619079,0.153669,0.5211595181256249,False,False,False,True,False,4
0.2659641254256533,-0.6272368012727733,0.9665152672920718,1.0,1.0,1.088341755265735,0.4041527212394904,1,0.0,1.1619272285300846,0.0,-1.1880391100619079,0.127443,0.5211595181256249,False,False,False,True,False,4
0.2606845628663496,-0.7605626768802861,0.6952267886315631,1.0,1.0,1.088341755265735,0.4041527212394904,1,0.0,0.6985636914823754,0.0,-1.036134857695882,0.683736,0.5211595181256249,False,False,False,True,False,4
0.2582247810028285,-0.5554121356323194,0.6952453488990058,1.0,1.0,1.088341755265735,0.4041527212394904,1,0.0,0.860983174880799,0.0,-1.0084593511898639,0.7702,0.5211595181256249,False,False,False,True,False,4
0.2659641254256533,-0.9444767013172468,0.7800734472731969,1.0,1.0,1.088341755265735,0.4041527212394904,1,0.0,1.0945798980299806,0.0,-1.1880391100619079,0.508848,0.5211595181256249,False,False,False,True,False,4
0.2659641254256533,-0.794845554599417,0.7677867793650803,1.0,1.0,1.088341755265735,0.4041527212394904,1,0.0,0.9166025301851422,0.0,-1.1880391100619079,0.396972,0.5211595181256249,False,False,False,True,False,4
-0.5459864457320002,0.2672375683352711,1.7254942880293298,1.0,1.0,1.088341755265735,0.4041527212394904,1,0.0,-0.40577032463772955,0.0,0.5404929454884775,0.950438,0.5211595181256249,False,False,False,True,False,4
-0.5533656337048598,0.2122434586732505,1.6977762471465925,1.0,1.0,1.088341755265735,0.4041527212394904,1,0.0,-0.27876159144773943,0.0,0.6054477767131613,0.926443,0.5211595181256249,False,False,False,True,False,4
-0.094564144698732,0.44192158723246583,1.7651746886079915,1.0,1.0,1.088341755265735,0.4041527212394904,1,0.0,1.3850720689564544,0.0,0.04252785678777655,0.586163,0.5211595181256249,False,False,False,True,False,4
-0.039203606234679264,0.38201767206845755,1.7789037489874093,1.0,1.0,1.088341755265735,0.4041527212394904,1,0.0,1.3678790890395853,0.0,0.33568243804651116,0.723154,0.5211595181256249,False,False,False,True,False,4
0.25930320132259116,-0.8312081315923164,0.5975713686328159,1.0,1.0,1.088341755265735,0.4041527212394904,1,0.0,-1.5344039481934924,0.0,-1.1521250397750882,1.0,0.5211595181256249,False,False,False,True,False,4
0.25167655355697616,-0.6174707907655426,0.599263942816089,1.0,1.0,1.088341755265735,0.4041527212394904,1,0.0,-1.597188676961671,0.0,-1.0989318578418086,1.0,0.5211595181256249,False,False,False,True,False,4
0.2588705407295265,-1.1700811921237193,0.6220550346795926,1.0,1.0,1.088341755265735,0.4041527212394904,1,0.0,-1.5234772024148904,0.0,-1.1806719102208114,0.845633,0.5211595181256249,False,False,False,True,False,4
0.25159396188092326,-1.0070820815172856,0.6003333350155479,1.0,1.0,1.088341755265735,0.4041527212394904,1,0.0,-1.5951325688850526,0.0,-1.1106394143650258,0.991473,0.5211595181256249,False,False,False,True,False,4
-0.7905467032333702,1.2391753758415127,2.1131110378113984,1.0,1.0,1.088341755265735,0.4041527212394904,1,0.0,1.1286786554657144,0.0,0.6003360101195065,0.76399,0.5211595181256249,False,False,False,True,False,4
-0.947412726802107,1.147990210776182,2.051022589571811,1.0,1.0,1.088341755265735,0.4041527212394904,1,0.0,1.3417501981484594,0.0,0.9088059003535703,0.789064,0.5211595181256249,False,False,False,True,False,4
-0.6998120238216059,1.2387465718675394,2.512351899781692,1.0,1.0,1.088341755265735,0.4041527212394904,1,0.0,0.48548562147240293,0.0,1.1124063760897926,0.92376,0.5211595181256249,False,False,False,True,False,4
-0.973254621962291,1.265514659942795,2.470595919007031,1.0,1.0,1.088341755265735,0.4041527212394904,1,0.0,0.24137174232813555,0.0,1.1636275238437397,0.94603,0.5211595181256249,False,False,False,True,False,4
0.2659641254256533,-0.48468092012549446,0.9686440841399555,1.0,1.0,1.088341755265735,0.4041527212394904,1,0.0,1.266777317614991,0.0,-1.1880391100619079,0.127775,0.5211595181256249,False,False,False,True,False,4
0.2659641254256533,-0.5738935869105505,0.968649468908905,1.0,1.0,1.088341755265735,0.4041527212394904,1,0.0,1.2702270100546516,0.0,-1.1880391100619079,0.079673,0.5211595181256249,False,False,False,True,False,4
0.2659641254256533,-0.8466129143572906,0.9406211354891848,1.0,1.0,1.088341755265735,0.4041527212394904,1,0.0,1.140959821643994,0.0,-1.1880391100619079,0.167272,0.5211595181256249,False,False,False,True,False,4
0.2659641254256533,-0.6546909757063862,0.9337732751693086,1.0,1.0,1.088341755265735,0.4041527212394904,1,0.0,1.1445939110778274,0.0,-1.1880391100619079,0.228486,0.5211595181256249,False,False,False,True,False,4
0.17568701020393135,-0.19484159401788692,0.6940464931056551,1.0,1.0,1.088341755265735,0.4041527212394904,1,0.0,-0.7879861295948872,0.0,-0.9283644245215862,0.896105,0.5211595181256249,False,False,False,True,False,4
0.2336819709457547,-0.34988639090712625,0.687717900185824,1.0,1.0,1.088341755265735,0.4041527212394904,1,0.0,-0.7393608054146615,0.0,-0.9415806989053185,0.823069,0.5211595181256249,False,False,False,True,False,4
0.18614431428679384,-0.3002952113171644,0.6919484954672912,1.0,1.0,1.088341755265735,0.4041527212394904,1,0.0,-1.3666532702821217,0.0,-0.8766164602426894,0.896842,0.5211595181256249,False,False,False,True,False,4
0.19099105863533086,-0.351044161636853,0.6943777900605262,1.0,1.0,1.088341755265735,0.4041527212394904,1,0.0,-0.9324211946501245,0.0,-0.9915577129909684,0.764717,0.5211595181256249,False,False,False,True,False,4
-0.5365014852551899,-0.007304176000856167,1.5239345955202772,1.0,1.0,1.088341755265735,0.4041527212394904,1,0.0,-1.2486440895068553,0.0,-0.5637086111578198,0.575969,0.5211595181256249,False,False,False,True,False,4
-0.5565242924607846,0.34748823206429125,1.471515091872189,1.0,1.0,1.088341755265735,0.4041527212394904,1,0.0,-0.75965263393272,0.0,-0.4499080102604366,0.450479,0.5211595181256249,False,False,False,True,False,4
-0.47655647829937975,0.07089894875244536,1.6956400596575227,1.0,1.0,1.088341755265735,0.4041527212394904,1,0.0,-1.3094853065930872,0.0,0.8391861558376453,0.952352,0.5211595181256249,False,False,False,True,False,4
-0.4889092928712015,0.1588680840129776,1.691240168767878,1.0,1.0,1.088341755265735,0.4041527212394904,1,0.0,-1.1526515834694775,0.0,0.8328467185920984,0.947884,0.5211595181256249,False,False,False,True,False,4
0.2659641254256533,-0.8225248511193662,0.9325526893509064,1.0,1.0,1.088341755265735,0.4041527212394904,1,0.0,1.136250355049453,0.0,-1.1880391100619079,0.322666,0.5211595181256249,False,False,False,True,False,4
0.2659641254256533,-1.145993128885795,0.9186519274027166,1.0,1.0,1.088341755265735,0.4041527212394904,1,0.0,1.030998835340064,0.0,-1.1880391100619079,0.452236,0.5211595181256249,False,False,False,True,False,4
0.2659641254256533,-0.8058765368298683,0.9254431521739961,1.0,1.0,1.088341755265735,0.4041527212394904,1,0.0,1.1437763633426006,0.0,-1.1880391100619079,0.278962,0.5211595181256249,False,False,False,True,False,4
0.2659641254256533,-0.8265341682760111,0.92484586290896,1.0,1.0,1.088341755265735,0.4041527212394904,1,0.0,1.137085852934555,0.0,-1.1880391100619079,0.269577,0.5211595181256249,False,False,False,True,False,4
-0.4185842145067,0.29396277601312826,1.842912268350924,1.0,1.0,1.088341755265735,0.4041527212394904,1,0.0,-0.9996787744008522,0.0,1.0828846598869635,0.878258,0.5211595181256249,False,False,False,True,False,4
-0.40221924132050396,0.3659053627464269,1.8621607550934218,1.0,1.0,1.088341755265735,0.4041527212394904,1,0.0,0.985043187995829,0.0,0.7152172904508829,0.868788,0.5211595181256249,False,False,False,True,False,4
-0.5175552069569295,0.5022007058737004,1.8061043937727863,1.0,1.0,1.088341755265735,0.4041527212394904,1,0.0,1.403629260263842,0.0,0.5567113685065783,0.83509,0.5211595181256249,False,False,False,True,False,4
-0.4776386814439992,0.5067781882958602,1.7978454566591895,1.0,1.0,1.088341755265735,0.4041527212394904,1,0.0,0.39158675564320095,0.0,0.7051348688327568,0.849236,0.5211595181256249,False,False,False,True,False,4
-0.6185786971277001,0.8178754714131732,1.9552809775614743,1.0,1.0,1.088341755265735,0.4041527212394904,1,0.0,1.1337601797122152,0.0,0.7006322338460754,0.731213,0.5211595181256249,False,False,False,True,False,4
-0.5186243278322503,0.4102865740526186,1.8754013290924632,1.0,1.0,1.088341755265735,0.4041527212394904,1,0.0,-0.5626530027155443,0.0,0.09846918653089541,0.786665,0.5211595181256249,False,False,False,True,False,4
-0.6636270974127931,1.2348551758037345,2.572998681157143,1.0,1.0,1.088341755265735,0.4041527212394904,1,0.0,0.6637110277518811,0.0,1.0662346706531112,0.927982,0.5211595181256249,False,False,False,True,False,4
-0.4761049035820277,1.0561725598492433,2.6219858337832123,1.0,1.0,1.088341755265735,0.4041527212394904,1,0.0,0.5600146437544103,0.0,0.048908451574335245,0.686491,0.5211595181256249,False,False,False,True,False,4
-0.5960474041885456,0.48018162181019386,1.7971629276473782,1.0,1.0,1.088341755265735,0.4041527212394904,1,0.0,1.4491916361426287,0.0,0.7084309999029232,0.77319,0.5211595181256249,False,False,False,True,False,4
-0.8409900422359178,0.6154799956979815,1.8070503181849147,1.0,1.0,1.088341755265735,0.4041527212394904,1,0.0,1.3942315408882484,0.0,0.5252117384757007,0.742423,0.5211595181256249,False,False,False,True,False,4
-0.5339526493898179,0.545156143966433,1.7961698005797786,1.0,1.0,1.088341755265735,0.4041527212394904,1,0.0,1.4354369258427722,0.0,0.5534175892958985,0.779641,0.5211595181256249,False,False,False,True,False,4
-0.4775926570749006,0.6442313021528628,1.8070448570362634,1.0,1.0,1.088341755265735,0.4041527212394904,1,0.0,1.4442537130951298,0.0,0.4678781079166429,0.807457,0.5211595181256249,False,False,False,True,False,4
0.2659641254256533,-0.7341376319842091,0.9661149612769756,1.0,1.0,1.088341755265735,0.4041527212394904,1,0.0,0.9978742814930138,0.0,-1.1880391100619079,0.140368,0.5211595181256249,False,False,False,True,False,4
0.2659641254256533,-0.7260975574722176,0.9679080893371568,1.0,1.0,1.088341755265735,0.4041527212394904,1,0.0,1.1011480210525124,0.0,-1.1880391100619079,0.15171,0.5211595181256249,False,False,False,True,False,4
0.2659641254256533,-0.6440244768538104,0.9640976587931525,1.0,1.0,1.088341755265735,0.4041527212394904,1,0.0,0.8883310441316348,0.0,-1.1880391100619079,0.196288,0.5211595181256249,False,False,False,True,False,4
0.2659641254256533,-0.6490522034486428,0.9645094217634607,1.0,1.0,1.088341755265735,0.4041527212394904,1,0.0,0.9944213253897398,0.0,-1.1880391100619079,0.200379,0.5211595181256249,False,False,False,True,False,4
0.2658339332034779,-0.6802905729525668,0.6959705359740551,1.0,1.0,1.088341755265735,0.4041527212394904,1,0.0,1.0551825827174364,0.0,-1.1066200865027964,0.629578,0.5211595181256249,False,False,False,True,False,4
0.2659549835989147,-0.7953708394675334,0.6987190595293389,1.0,1.0,1.088341755265735,0.4041527212394904,1,0.0,0.916033020884555,0.0,-1.0007664188099032,0.419446,0.5211595181256249,False,False,False,True,False,4
0.2659641254256533,-0.9803783140381253,0.7007960909396652,1.0,1.0,1.088341755265735,0.4041527212394904,1,0.0,-1.119448701695699,0.0,-1.1880391100619079,0.539876,0.5211595181256249,False,False,False,True,False,4
0.2659641254256533,-0.9035688022002352,0.7037565681663652,1.0,1.0,1.088341755265735,0.4041527212394904,1,0.0,-1.1676285357926575,0.0,-1.1880391100619079,0.541309,0.5211595181256249,False,False,False,True,False,4
-0.1493520580499971,0.45712268810980294,1.7898220363548933,1.0,1.0,1.088341755265735,0.4041527212394904,1,0.0,1.3561462183484039,0.0,0.2595668576291944,0.792496,0.5211595181256249,False,False,False,True,False,4
-0.14041749858993852,0.5766303556560417,1.7908195934451745,1.0,1.0,1.088341755265735,0.4041527212394904,1,0.0,1.3638370416540424,0.0,0.34361761195356916,0.773807,0.5211595181256249,False,False,False,True,False,4
-0.8646620144872785,0.47960273644533047,1.8010697875644144,1.0,1.0,1.088341755265735,0.4041527212394904,1,0.0,1.3876732088565575,0.0,0.5104526442689008,0.713823,0.5211595181256249,False,False,False,True,False,4
-0.8466702689947002,0.47954913594858356,1.7983831697571238,1.0,1.0,1.088341755265735,0.4041527212394904,1,0.0,1.3983519162005207,0.0,0.5777922610127771,0.786846,0.5211595181256249,False,False,False,True,False,4
0.2536191917389508,-0.9672247521365067,0.602524745028738,1.0,1.0,1.088341755265735,0.4041527212394904,1,0.0,-1.5931743707168442,0.0,-1.1472931444603132,0.912345,0.5211595181256249,False,False,False,True,False,4
0.2565311787906325,-1.1241562865112262,0.6008935801253992,1.0,1.0,1.088341755265735,0.4041527212394904,1,0.0,-1.6440304089770204,0.0,-1.181055263317092,0.566353,0.5211595181256249,False,False,False,True,False,4
0.2659067525819826,-0.9814396038737089,0.6148890529033391,1.0,1.0,1.088341755265735,0.4041527212394904,1,0.0,-1.6117576713331407,0.0,-1.0605847889163251,1.0,0.5211595181256249,False,False,False,True,False,4
0.2514369746493413,-0.8422176736240685,0.6098778952632993,1.0,1.0,1.088341755265735,0.4041527212394904,1,0.0,-1.5414110339720644,0.0,-1.1279526279740382,0.543118,0.5211595181256249,False,False,False,True,False,4
0.26457614393839424,-0.8932989470235873,0.7011565649404756,1.0,1.0,1.088341755265735,0.4041527212394904,1,0.0,0.7233071571694938,0.0,-1.1366639155116027,0.670402,0.5211595181256249,False,False,False,True,False,4
0.26488507463508154,-0.9892116759019656,0.6976854130301404,1.0,1.0,1.088341755265735,0.4041527212394904,1,0.0,0.988062076838483,0.0,-1.1080935264710157,0.778632,0.5211595181256249,False,False,False,True,False,4
0.26417800162215355,-0.8576760568857896,0.7152160439081983,1.0,1.0,1.088341755265735,0.4041527212394904,1,0.0,-1.5747542532812313,0.0,-1.0738398689815827,0.42954,0.5211595181256249,False,False,False,True,False,4
0.2622142426680586,-0.9347214109093644,0.703202891710835,1.0,1.0,1.088341755265735,0.4041527212394904,1,0.0,-1.2572520022879377,0.0,-1.0896431888003368,0.543761,0.5211595181256249,False,False,False,True,False,4
-0.8777750192377345,0.9376404213437936,1.9712383011600119,1.0,1.0,1.088341755265735,0.4041527212394904,1,0.0,1.3474991416039575,0.0,-0.23974349469771797,0.672513,0.5211595181256249,False,False,False,True,False,4
-0.6287106782728266,0.777525017462328,1.968958099743931,1.0,1.0,1.088341755265735,0.4041527212394904,1,0.0,1.3185863456503621,0.0,0.6603636957202167,0.688058,0.5211595181256249,False,False,False,True,False,4
-0.4600156037573143,0.9782695978777243,1.957090680016861,1.0,1.0,1.088341755265735,0.4041527212394904,1,0.0,1.1013193633922307,0.0,0.3627100072640305,0.900497,0.5211595181256249,False,False,False,True,False,4
-0.3899898414096544,0.6140649425838709,1.955585083342643,1.0,1.0,1.088341755265735,0.4041527212394904,1,0.0,1.0321786497364094,0.0,1.0224947879253503,0.885993,0.5211595181256249,False,False,False,True,False,4
-0.9624546569944294,1.1334215957604552,2.108590390613822,1.0,1.0,1.088341755265735,0.4041527212394904,1,0.0,0.7586248929649375,0.0,1.1615237855331695,0.840911,0.5211595181256249,False,False,False,True,False,4
-0.9109946838114573,0.5277788629211817,2.137070624536942,1.0,1.0,1.088341755265735,0.4041527212394904,1,0.0,0.5940628144041323,0.0,0.36983849336725905,0.870795,0.5211595181256249,False,False,False,True,False,4
-0.6106301940138019,1.1162372765034925,2.5420475638933695,1.0,1.0,1.088341755265735,0.4041527212394904,1,0.0,0.620062790582518,0.0,-0.18765803858252508,0.656491,0.5211595181256249,False,False,False,True,False,4
-0.5542364715105729,1.016915556032027,2.516238251748898,1.0,1.0,1.088341755265735,0.4041527212394904,1,0.0,0.5123814733127438,0.0,-0.14545744788860218,0.843283,0.5211595181256249,False,False,False,True,False,4
0.2659641254256533,-0.7159241831897105,0.9685046529950291,1.0,1.0,1.088341755265735,0.4041527212394904,1,0.0,1.1901628142838416,0.0,-1.1880391100619079,0.076094,0.5211595181256249,False,False,False,True,False,4
0.2659641254256533,-0.6662901232023525,0.9684766598344621,1.0,1.0,1.088341755265735,0.4041527212394904,1,0.0,1.1934232142339083,0.0,-1.1880391100619079,0.064769,0.5211595181256249,False,False,False,True,False,4
0.2659641254256533,-0.6288448161751725,0.95987057697795,1.0,1.0,1.088341755265735,0.4041527212394904,1,0.0,1.019057090177607,0.0,-1.1880391100619079,0.140792,0.5211595181256249,False,False,False,True,False,4
0.2659641254256533,-0.6413658922151807,0.9584367390332077,1.0,1.0,1.088341755265735,0.4041527212394904,1,0.0,1.018657291384931,0.0,-1.1880391100619079,0.244205,0.5211595181256249,False,False,False,True,False,4
0.2659641254256533,-0.8630789869578483,0.7012284764293546,1.0,1.0,1.088341755265735,0.4041527212394904,1,0.0,0.9288363732410233,0.0,-1.1880391100619079,0.402075,0.5211595181256249,False,False,False,True,False,4
0.2648447245032693,-0.6818235471595198,0.7046204607791772,1.0,1.0,1.088341755265735,0.4041527212394904,1,0.0,0.6709139333472741,0.0,-1.1652213693250149,0.597626,0.5211595181256249,False,False,False,True,False,4
0.2659641254256533,-0.9895439989817958,0.7187809137121651,1.0,1.0,1.088341755265735,0.4041527212394904,1,0.0,0.9807971616344308,0.0,-1.1880391100619079,0.54859,0.5211595181256249,False,False,False,True,False,4
0.2659641254256533,-1.0011967469745089,0.71696212207231,1.0,1.0,1.088341755265735,0.4041527212394904,1,0.0,0.763681939734335,0.0,-1.1880391100619079,0.546345,0.5211595181256249,False,False,False,True,False,4
0.25835702225513535,-0.7743701648422119,0.6969375793736229,1.0,1.0,1.088341755265735,0.4041527212394904,1,0.0,0.3543157171749697,0.0,-1.1457903062485142,0.565315,0.5211595181256249,False,False,False,True,False,4
0.2631681450029317,-0.7766964264010161,0.6970551659239456,1.0,1.0,1.088341755265735,0.4041527212394904,1,0.0,0.8943361851808064,0.0,-1.1682599717814224,0.58284,0.5211595181256249,False,False,False,True,False,4
0.18252950990014863,-0.23004640028105972,0.6958658957831215,1.0,1.0,1.088341755265735,0.4041527212394904,1,0.0,-0.9545210928101618,0.0,-0.9552132524181407,0.763359,0.5211595181256249,False,False,False,True,False,4
0.15396539940196197,-0.16770902256475573,0.6945246682263404,1.0,1.0,1.088341755265735,0.4041527212394904,1,0.0,-1.1566707852097253,0.0,-0.9125152434428476,0.946888,0.5211595181256249,False,False,False,True,False,4
0.21805984999092934,-0.41486091306336303,0.9297109443700505,1.0,1.0,1.088341755265735,0.4041527212394904,1,0.0,-0.5360933082274124,0.0,-1.1671028569141215,0.21523,0.5211595181256249,False,False,False,True,False,4
0.19690676624148626,-0.284000660306196,0.9179184531300646,1.0,1.0,1.088341755265735,0.4041527212394904,1,0.0,-0.8357939060398859,0.0,-1.0594782390279818,0.384129,0.5211595181256249,False,False,False,True,False,4
0.23980242394731707,-0.8267056898656004,0.8982188678710318,1.0,1.0,1.088341755265735,0.4041527212394904,1,0.0,-0.3102951092831202,0.0,-1.1749145581981446,0.447224,0.5211595181256249,False,False,False,True,False,4
0.24950032594005755,-0.8093498490190484,0.897001719139193,1.0,1.0,1.088341755265735,0.4041527212394904,1,0.0,-0.06577000852352924,0.0,-1.1711409996522422,0.434073,0.5211595181256249,False,False,False,True,False,4
-0.8317553786705054,-0.20457544422707233,1.5597269637783013,1.0,1.0,1.088341755265735,0.4041527212394904,1,0.0,-0.9247956446167598,0.0,0.4884980359635106,0.662277,0.5211595181256249,False,False,False,True,False,4
-0.8950027917268218,-0.3465095596120893,1.5085847578769134,1.0,1.0,1.088341755265735,0.4041527212394904,1,0.0,-1.409041733296604,0.0,-0.10381542382269539,0.899673,0.5211595181256249,False,False,False,True,False,4
-0.5692716241416922,-0.14254894939189688,1.3482447460690632,1.0,1.0,1.088341755265735,0.4041527212394904,1,0.0,-1.0685959270991363,0.0,0.09805055554231912,0.534553,0.5211595181256249,False,False,False,True,False,4
-0.5628777044264813,-0.077595867434357,1.3835027619360143,1.0,1.0,1.088341755265735,0.4041527212394904,1,0.0,-0.9767613285055878,0.0,-0.0901969814667916,0.840393,0.5211595181256249,False,False,False,True,False,4
-0.4124394883789696,0.5767268365501848,1.8057858140382002,1.0,1.0,1.088341755265735,0.4041527212394904,1,0.0,-0.0795100323371243,0.0,0.49724577732311415,0.911335,0.5211595181256249,False,False,False,True,False,4
-0.42188315301775287,0.49771970434568363,1.782433942406935,1.0,1.0,1.088341755265735,0.4041527212394904,1,0.0,-0.12540367007269954,0.0,0.6490136218389297,0.926565,0.5211595181256249,False,False,False,True,False,4
-0.4854532095108641,0.19548794339026107,1.7178338240661397,1.0,1.0,1.088341755265735,0.4041527212394904,1,0.0,-0.5818286582777241,0.0,0.7592923131554535,0.939982,0.5211595181256249,False,False,False,True,False,4
-0.5208166324548131,0.2348735883996681,1.7316673718770879,1.0,1.0,1.088341755265735,0.4041527212394904,1,0.0,-0.5296328861041318,0.0,0.7469909121119244,0.858059,0.5211595181256249,False,False,False,True,False,4
0.2601242319343477,-0.8347243241788926,0.8940505220462144,1.0,1.0,1.088341755265735,0.4041527212394904,1,0.0,0.6321318186259084,0.0,-1.1877192571717596,0.461532,0.5211595181256249,False,False,False,True,False,4
0.2659641254256533,-0.8316476556656381,0.8933501201842735,1.0,1.0,1.088341755265735,0.4041527212394904,1,0.0,0.8416688136150375,0.0,-1.1880391100619079,0.383953,0.5211595181256249,False,False,False,True,False,4
0.2659641254256533,-0.7364102930462639,0.9383915738151395,1.0,1.0,1.088341755265735,0.4041527212394904,1,0.0,1.0294975500777708,0.0,-1.1880391100619079,0.224559,0.5211595181256249,False,False,False,True,False,4
0.2659641254256533,-0.6532008818968317,0.9292960880218354,1.0,1.0,1.088341755265735,0.4041527212394904,1,0.0,1.0740171854319864,0.0,-1.1880391100619079,0.276907,0.5211595181256249,False,False,False,True,False,4
0.2659641254256533,-0.7713149365276567,0.9428916748730364,1.0,1.0,1.088341755265735,0.4041527212394904,1,0.0,0.7960721692683075,0.0,-1.1880391100619079,0.218645,0.5211595181256249,False,False,False,True,False,4
0.2659641254256533,-0.8312724521884118,0.9526515494990668,1.0,1.0,1.088341755265735,0.4041527212394904,1,0.0,0.9810190907601608,0.0,-1.1880391100619079,0.17403,0.5211595181256249,False,False,False,True,False,4
0.2604140908890456,-0.8333735916608774,0.893573950899259,1.0,1.0,1.088341755265735,0.4041527212394904,1,0.0,0.7566960677692522,0.0,-1.1879262208065613,0.433463,0.5211595181256249,False,False,False,True,False,4
0.26516799841087385,-1.1615908734390576,0.9005971790135749,1.0,1.0,1.088341755265735,0.4041527212394904,1,0.0,0.7168548942052478,0.0,-1.187505237958499,0.486558,0.5211595181256249,False,False,False,True,False,4
-0.5295738719996816,0.3071913786101907,1.7388004340020333,1.0,1.0,1.088341755265735,0.4041527212394904,1,0.0,-0.5449508912749413,0.0,0.7916350848121998,0.780199,0.5211595181256249,False,False,False,True,False,4
-0.5255658114455692,0.20775173704588534,1.7364441965931976,1.0,1.0,1.088341755265735,0.4041527212394904,1,0.0,-0.5372323268285871,0.0,0.7904509235608057,0.818871,0.5211595181256249,False,False,False,True,False,4
-0.41581597479959925,0.19406217017680197,1.744378710925052,1.0,1.0,1.088341755265735,0.4041527212394904,1,0.0,-0.37565813230610634,0.0,0.6754755688499741,0.927341,0.5211595181256249,False,False,False,True,False,4
-0.43244763713824197,-0.025324663007066223,1.776651120643538,1.0,1.0,1.088341755265735,0.4041527212394904,1,0.0,-0.44827301587869073,0.0,0.8972418072590227,0.921136,0.5211595181256249,False,False,False,True,False,4
-0.10476295574967279,-0.2174395634462568,1.065244815031766,1.0,1.0,1.088341755265735,0.4041527212394904,1,0.0,0.698369503497361,0.0,-0.91435086977197,0.692608,0.5211595181256249,False,False,False,True,False,4
-0.018320363991729958,-0.0456285311746796,1.0653565967247813,1.0,1.0,1.088341755265735,0.4041527212394904,1,0.0,1.4713633349021669,0.0,-0.7636366583060541,0.573887,0.5211595181256249,False,False,False,True,False,4
-0.004376556331968623,-0.5462035702912528,1.0383110027332683,1.0,1.0,1.088341755265735,0.4041527212394904,1,0.0,1.2130362007203213,0.0,-0.8059642494122418,0.516764,0.5211595181256249,False,False,False,True,False,4
0.05997481111189716,-0.36763887542960155,1.0080780456120142,1.0,1.0,1.088341755265735,0.4041527212394904,1,0.0,1.4358448837944822,0.0,-0.820063647033111,0.210997,0.5211595181256249,False,False,False,True,False,4
-0.8590694231710256,0.47811264263577596,1.608545164504849,1.0,1.0,1.088341755265735,0.4041527212394904,1,0.0,0.6585593347376866,0.0,-0.02941082118172278,0.675076,0.5211595181256249,False,False,False,True,False,4
-0.9282292338617472,0.362164048073512,1.5356946635770146,1.0,1.0,1.088341755265735,0.4041527212394904,1,0.0,0.6174502278597669,0.0,0.6283396010238753,0.900067,0.5211595181256249,False,False,False,True,False,4
-0.6176277895291722,0.49351742540075016,1.5872484796893076,1.0,1.0,1.088341755265735,0.4041527212394904,1,0.0,0.3664924461176114,0.0,-0.5361942070266188,0.836151,0.5211595181256249,False,False,False,True,False,4
-0.6455366832385178,0.1516105767534865,1.637599239124672,1.0,1.0,1.088341755265735,0.4041527212394904,1,0.0,-0.4113919852122941,0.0,0.5618501814843263,0.857718,0.5211595181256249,False,False,False,True,False,4
-0.4700824887913534,0.4964440125231146,2.3185107198089017,1.0,1.0,1.088341755265735,0.4041527212394904,1,0.0,0.5357917324136735,0.0,0.4775477781949089,0.711724,0.5211595181256249,False,False,False,True,False,4
-0.7539901142823182,1.2461005600211736,2.1376044422701046,1.0,1.0,1.088341755265735,0.4041527212394904,1,0.0,0.904019475122597,0.0,1.1361001844853635,0.740331,0.5211595181256249,False,False,False,True,False,4
-0.7799335152428424,1.1435413695462129,2.44149326689711,1.0,1.0,1.088341755265735,0.4041527212394904,1,0.0,0.48557210855816524,0.0,0.8515216588437268,0.863043,0.5211595181256249,False,False,False,True,False,4
-0.501393560606818,0.40500156507340224,2.436188314735592,1.0,1.0,1.088341755265735,0.4041527212394904,1,0.0,0.5089693130046407,0.0,0.6730754962441197,0.680746,0.5211595181256249,False,False,False,True,False,4
-0.8353309362492551,0.4329274238783846,1.802326500981584,1.0,1.0,1.088341755265735,0.4041527212394904,1,0.0,1.1324073911443446,0.0,0.5357668838505898,0.813235,0.5211595181256249,False,False,False,True,False,4
-0.9210412361618877,0.431458770267527,1.7731947482054253,1.0,1.0,1.088341755265735,0.4041527212394904,1,0.0,0.7612603013329847,0.0,0.6467182069802192,0.662489,0.5211595181256249,False,False,False,True,False,4
-0.4319490923455777,0.5294619185190248,1.8048143788058018,1.0,1.0,1.088341755265735,0.4041527212394904,1,0.0,1.2084654398293613,0.0,0.49005614287323973,0.902825,0.5211595181256249,False,False,False,True,False,4
-0.4149249619279806,0.5085684448871972,1.8090162935093894,1.0,1.0,1.088341755265735,0.4041527212394904,1,0.0,1.3377130462583369,0.0,0.47279349424318456,0.901071,0.5211595181256249,False,False,False,True,False,4
0.024770582047364136,-0.41096951699956047,1.0116922567030924,1.0,1.0,1.088341755265735,0.4041527212394904,1,0.0,1.0186099682625325,0.0,-0.8341265908319413,0.26956,0.5211595181256249,False,False,False,True,False,4
0.12850730334710095,-0.3552678807804857,0.9917674277045981,1.0,1.0,1.088341755265735,0.4041527212394904,1,0.0,1.4044647581489442,0.0,-1.052373271519617,0.028583,0.5211595181256249,False,False,False,True,False,4
0.26381548090665297,-0.3508297596498651,0.9800906135223995,1.0,1.0,1.088341755265735,0.4041527212394904,1,0.0,1.5047538773337323,0.0,-1.1373553622005994,0.138629,0.5211595181256249,False,False,False,True,False,4
0.2583951657391141,-0.42843255883960407,0.9743207763082421,1.0,1.0,1.088341755265735,0.4041527212394904,1,0.0,1.5565841191825918,0.0,-0.8829747123641273,0.080128,0.5211595181256249,False,False,False,True,False,4
0.2659641254256533,-0.7314897674449256,0.9637498638227764,1.0,1.0,1.088341755265735,0.4041527212394904,1,0.0,0.8855308207510968,0.0,-1.1880391100619079,0.224655,0.5211595181256249,False,False,False,True,False,4
0.2659641254256533,-0.7360136493703408,0.9653297397566173,1.0,1.0,1.088341755265735,0.4041527212394904,1,0.0,0.940414219910555,0.0,-1.1880391100619079,0.232108,0.5211595181256249,False,False,False,True,False,4
0.2659641254256533,-0.7267193232344771,0.9659005252652634,1.0,1.0,1.088341755265735,0.4041527212394904,1,0.0,1.001886955906034,0.0,-1.1880391100619079,0.123861,0.5211595181256249,False,False,False,True,False,4
0.2659641254256533,-0.6245138960380459,0.9682626057212569,1.0,1.0,1.088341755265735,0.4041527212394904,1,0.0,1.1655596861321107,0.0,-1.1880391100619079,0.091711,0.5211595181256249,False,False,False,True,False,4
0.2659641254256533,-0.6554521027601873,0.9535970920126869,1.0,1.0,1.088341755265735,0.4041527212394904,1,0.0,1.0220661880294206,0.0,-1.1880391100619079,0.178301,0.5211595181256249,False,False,False,True,False,4
0.2659641254256533,-0.8060909388168561,0.9460009397580854,1.0,1.0,1.088341755265735,0.4041527212394904,1,0.0,0.9976670388535451,0.0,-1.1880391100619079,0.171034,0.5211595181256249,False,False,False,True,False,4
0.2659641254256533,-0.5969739608096382,0.967594588852714,1.0,1.0,1.088341755265735,0.4041527212394904,1,0.0,1.2708193650005342,0.0,-1.1880391100619079,0.09776,0.5211595181256249,False,False,False,True,False,4
0.2659641254256533,-0.6194647292445166,0.9661450548793317,1.0,1.0,1.088341755265735,0.4041527212394904,1,0.0,1.240403651952839,0.0,-1.1880391100619079,0.094213,0.5211595181256249,False,False,False,True,False,4
0.26238777975839134,-0.8989913197780753,0.7013458338405729,1.0,1.0,1.088341755265735,0.4041527212394904,1,0.0,-0.47555071636183227,0.0,-1.186543327428568,0.545993,0.5211595181256249,False,False,False,True,False,4
0.25887353546587166,-0.8064554221947317,0.698627709406451,1.0,1.0,1.088341755265735,0.4041527212394904,1,0.0,0.14178920631570952,0.0,-1.1046774505670436,0.599441,0.5211595181256249,False,False,False,True,False,4
0.2654465088909997,-0.8050510891799718,0.7046464680675077,1.0,1.0,1.088341755265735,0.4041527212394904,1,0.0,0.5536978228301321,0.0,-1.1786163850297122,0.503896,0.5211595181256249,False,False,False,True,False,4
0.2647580347669539,-1.0205894066974313,0.7014800711658029,1.0,1.0,1.088341755265735,0.4041527212394904,1,0.0,0.5272637793911265,0.0,-1.1135051551491841,0.561661,0.5211595181256249,False,False,False,True,False,4
0.2619363626587424,-0.7806628631602649,0.8212325588711809,1.0,1.0,1.088341755265735,0.4041527212394904,1,0.0,-0.40943705070769976,0.0,-1.087945146251168,0.465444,0.5211595181256249,False,False,False,True,False,4
0.23090443179421283,-0.7876309277373243,0.7940679653048696,1.0,1.0,1.088341755265735,0.4041527212394904,1,0.0,0.8136633161460454,0.0,-1.1577154097742217,0.484165,0.5211595181256249,False,False,False,True,False,4
0.22214703463164182,-0.7847901014097521,0.7879670220850941,1.0,1.0,1.088341755265735,0.4041527212394904,1,0.0,0.7817430541724434,0.0,-1.1088649363825496,0.455823,0.5211595181256249,False,False,False,True,False,4
0.22902294928076625,-0.7915544840991746,0.8218953055403261,1.0,1.0,1.088341755265735,0.4041527212394904,1,0.0,0.5092238787665079,0.0,-1.1348329929014531,0.413106,0.5211595181256249,False,False,False,True,False,4
-0.5194686858639613,0.24217397605655538,1.773821749174311,1.0,1.0,1.088341755265735,0.4041527212394904,1,0.0,-0.5832157153135384,0.0,0.6201163243297352,0.912457,0.5211595181256249,False,False,False,True,False,4
-0.4145712678038141,0.32916758227630105,1.7742196110389616,1.0,1.0,1.088341755265735,0.4041527212394904,1,0.0,-0.6482344218252812,0.0,0.5880828221954483,0.931455,0.5211595181256249,False,False,False,True,False,4
-0.47705124026718604,0.27060367953095726,1.7089854266069018,1.0,1.0,1.088341755265735,0.4041527212394904,1,0.0,-0.34553125348822167,0.0,0.8443578948482026,0.897924,0.5211595181256249,False,False,False,True,False,4
-0.5257744972835356,0.09704527106544157,1.711763432726929,1.0,1.0,1.088341755265735,0.4041527212394904,1,0.0,-0.45670469082463416,0.0,0.7831354646284097,0.906247,0.5211595181256249,False,False,False,True,False,4
-0.36719532690750617,0.5028439118346592,1.8009143930618927,1.0,1.0,1.088341755265735,0.4041527212394904,1,0.0,-0.004701966816146966,0.0,0.38934128815809455,0.59927,0.5211595181256249,False,False,False,True,False,4
-0.2819093338497119,0.5416721116779021,1.7988677607727284,1.0,1.0,1.088341755265735,0.4041527212394904,1,0.0,0.07536059712285668,0.0,0.4749713161275757,0.646288,0.5211595181256249,False,False,False,True,False,4
0.007776241375518862,0.404926524377956,1.7857796788475537,1.0,1.0,1.088341755265735,0.4041527212394904,1,0.0,1.3778006264251745,0.0,0.15147069191603466,0.586035,0.5211595181256249,False,False,False,True,False,4
-0.10211907640975905,0.39834438337747374,1.7905916000364623,1.0,1.0,1.088341755265735,0.4041527212394904,1,0.0,1.3960347150348076,0.0,0.018996326696766125,0.714137,0.5211595181256249,False,False,False,True,False,4
