Age,Height,Weight,family_history_with_overweight,FAVC,FCVC,NCP,CAEC,SMOKE,CH2O,SCC,FAF,TUE,CALC,MTRANS_Automobile,MTRANS_Bike,MTRANS_Motorbike,MTRANS_Public_Transportation,MTRANS_Walking
0.2589282288086017,1.379748038609166,0.72153058296297,1.0,1.0,1.088341755265735,0.4041527212394904,1,0.0,0.7706580207085775,0.0,0.9248467579804492,1.596562,0.5211595181256249,False,False,False,True,False
0.4235818278170949,1.375631520459027,0.4740865868179777,1.0,1.0,1.088341755265735,-2.1670227344876687,2,0.0,-0.0130732639852372,0.0,1.163820376321623,1.0,0.5211595181256249,False,False,False,False,True
0.0957940644511621,1.015596983812062,1.3138223623254022,1.0,1.0,0.1064985532165867,0.4041527212394904,1,0.0,1.536116052829395,0.0,1.0072323957884644,0.100048,0.5211595181256249,False,False,False,True,False
-0.9949774937058796,0.4108225790200834,-0.8625581878787723,0.0,0.0,1.088341755265735,0.4041527212394904,1,0.0,-0.0130732639852372,1.0,-1.188039110061908,1.0,-1.4191715978588444,False,False,False,True,False
2.02920105044972,0.0343005295738611,0.8157891303110041,1.0,1.0,0.2449211573352256,1.6710248629608315,1,0.0,-1.6449050708254869,0.0,1.1362824535955585,0.0,-1.4191715978588444,False,False,False,True,False
-0.5221243865315548,1.2684305269658112,-0.747988635761908,0.0,1.0,-0.7850187010698834,1.68974044910307,3,1.0,1.6187585428550124,0.0,2.3397501195133885,2.0,0.5211595181256249,False,False,False,False,True
-0.3645066841401131,0.1964205920336515,-0.1751408751775865,0.0,1.0,-0.7850187010698834,-2.1670227344876687,1,0.0,-0.0130732639852372,0.0,1.163820376321623,1.0,0.5211595181256249,False,False,False,True,False
0.2080312660585715,1.4500611702413662,0.3668747677177598,1.0,1.0,-2.063158212974442,-0.5232034150794468,1,0.0,-0.0130732639852372,0.0,0.9365601941523826,1.93977,0.5211595181256249,False,False,False,True,False
-0.7120113187512985,0.6142043038754125,0.0487062996337145,1.0,1.0,-0.1629244008926892,0.4041527212394904,1,0.0,1.617934467792558,0.0,1.6412043426569816,0.441502,0.5211595181256249,False,False,False,True,False
1.7979226062580669,-0.1686309511087953,-0.1245087711120736,1.0,1.0,-0.7850187010698834,-2.1549047845648266,1,0.0,0.2095053308041588,0.0,0.0588568172017374,0.0,-1.4191715978588444,True,False,False,False,False
-0.5221243865315548,0.5180235725132994,-0.9389378892900152,0.0,1.0,1.088341755265735,1.68974044910307,2,1.0,-0.0130732639852372,0.0,-1.188039110061908,0.0,0.5211595181256249,False,False,False,True,False
-0.2068889817486715,1.0476608009658823,0.7616107548988182,1.0,1.0,-0.5542975006280453,0.4041527212394904,1,0.0,0.6646966541632126,0.0,-0.840930520326049,0.569852,0.5211595181256249,False,False,False,True,False
0.0945161001201723,0.5819153646352557,0.9811548882818636,1.0,1.0,-1.9137783235466963,0.4041527212394904,1,0.0,0.0178825853905222,0.0,-0.4055295976821226,0.062167,0.5211595181256249,True,False,False,False,False
-0.5221243865315548,1.0540285399793792,-0.5188495315281795,1.0,1.0,-2.6583791574055016,0.4041527212394904,3,0.0,-0.0130732639852372,0.0,2.3397501195133885,1.0,0.5211595181256249,False,False,False,True,False
0.9918667795521516,0.569437168992646,1.2304723639329214,1.0,1.0,0.9151345941938562,0.4041527212394904,1,0.0,0.4511730940699728,0.0,-0.4264693786191384,1.668318,0.5211595181256249,True,False,False,False,False
-0.3645066841401131,1.9116364879251049,0.1303779304673848,1.0,1.0,-0.7850187010698834,0.4041527212394904,3,0.0,-1.6449050708254869,0.0,-1.188039110061908,1.0,0.5211595181256249,True,False,False,False,False
1.5524394971091944,0.0429302095500644,0.6294339630633807,1.0,1.0,0.2690968740242366,-0.7516960643035523,1,0.0,-0.8966367549579246,0.0,0.1852774961030546,0.412329,-1.4191715978588444,False,False,False,True,False
0.8964349349914197,0.5180235725132994,-0.5188495315281795,1.0,0.0,-0.7850187010698834,0.4041527212394904,0,0.0,-0.0130732639852372,1.0,-0.0121093668701423,0.0,0.5211595181256249,False,False,False,False,True
-0.2400829546369045,-0.6411407701288444,0.6753494678073462,1.0,1.0,0.8444920447458963,-1.435297053893188,1,0.0,-0.7740258084873688,0.0,-0.9905499412010532,1.368262,-1.4191715978588444,False,False,False,True,False
-0.5022904053334254,-0.6817163461660259,-0.6334190836450437,0.0,1.0,-0.7850187010698834,-2.1670227344876687,0,0.0,0.1761653751586059,0.0,-0.2819429094618976,0.0,0.5211595181256249,False,False,False,True,False
-0.0492712793572299,1.4828325139522431,-0.0223814723551008,1.0,1.0,-0.7850187010698834,-2.1670227344876687,3,0.0,-0.0130732639852372,0.0,1.163820376321623,1.0,0.5211595181256249,False,False,False,True,False
-0.9949774937058796,-0.0002932310263981,-1.3911932909722409,1.0,1.0,-1.2393723059867865,0.4041527212394904,1,0.0,-1.3943226103989048,0.0,-0.2073419265538119,1.616045,0.5211595181256249,False,False,False,True,False
-0.2274142741894898,1.003761994130411,0.1253668110171962,1.0,1.0,-1.5863861034765707,-1.0253346977670432,1,0.0,-0.0130732639852372,0.0,-1.188039110061908,0.552498,0.5211595181256249,False,False,False,True,False
-0.5221243865315548,0.1113137232993883,-0.4424698301169366,1.0,1.0,-0.7850187010698834,0.4041527212394904,1,0.0,-1.1003513740602475,0.0,-0.0121093668701423,0.0,0.5211595181256249,False,False,False,True,False
0.9903170823022386,2.2404433751674966,1.6286691917646243,1.0,1.0,0.1470680472589911,0.4041527212394904,1,0.0,-1.0532305988059285,0.0,0.1573138868099545,0.173232,0.5211595181256249,False,False,False,True,False
-0.1166295197096171,-0.0357124392765588,-0.4424698301169366,1.0,1.0,-0.7850187010698834,0.4041527212394904,1,0.0,-0.0130732639852372,0.0,-0.7815390127164056,1.415536,0.5211595181256249,False,False,False,True,False
0.1602341706614742,0.7519039800174482,1.0471188807609084,1.0,1.0,-1.668624754149248,0.4041527212394904,1,0.0,0.1164174853829567,0.0,0.6022304329357885,0.228598,0.5211595181256249,False,False,False,True,False
-0.9949774937058796,1.4843118876624493,-1.015317590701258,1.0,1.0,1.088341755265735,1.68974044910307,1,0.0,-0.0130732639852372,0.0,1.163820376321623,0.0,-1.4191715978588444,True,False,False,False,False
0.8471775115816653,2.224641948726597,1.6457180194861805,1.0,1.0,-0.6188890958020405,0.4041527212394904,1,0.0,-0.7960016874300863,0.0,0.996075174385061,0.0,0.5211595181256249,False,False,False,True,False
-0.9348649391324272,0.2237246850763744,-1.252706581053967,1.0,1.0,-0.7850187010698834,0.5726058523969108,1,0.0,0.1047352014777879,0.0,0.5617290607207777,2.0,0.5211595181256249,False,False,False,True,False
-0.7129535573761949,1.2753235508474243,-0.0605713230607223,1.0,1.0,1.088341755265735,0.4041527212394904,1,0.0,1.2258885080309951,0.0,0.8854507597240389,0.453314,0.5211595181256249,False,False,False,True,False
0.1083464230342116,-0.4467853689256443,-0.7097987850562866,0.0,1.0,-0.7850187010698834,0.4041527212394904,1,1.0,-1.6449050708254869,0.0,-0.0121093668701423,1.0,0.5211595181256249,False,False,False,True,False
-0.6689559943129451,-0.4775306138594972,0.725394555677663,1.0,1.0,0.5715209459323206,-1.603988018780263,1,0.0,-0.6814421990944801,0.0,-1.153228061874202,1.122118,-1.4191715978588444,False,False,False,True,False
-0.9949774937058796,0.6222336582880555,-0.0193071893732983,1.0,1.0,0.868263115576339,0.4041527212394904,1,0.0,0.7261236988681002,0.0,-0.0121093668701423,0.746651,0.5211595181256249,False,False,False,True,False
-0.3616336286609219,-0.7963034881109238,-0.6334190836450437,0.0,1.0,-0.7850187010698834,-2.1670227344876687,0,0.0,1.5798834137206568,0.0,-0.2706763265923774,0.0,0.5211595181256249,False,False,False,True,False
0.1933671454988817,0.9152246936043638,1.1014799946087213,1.0,1.0,-0.7983401672748861,0.4041527212394904,1,0.0,0.2174572471988919,0.0,0.1302228173863025,0.0,0.5211595181256249,False,False,False,True,False
-0.6797420889229964,-0.5539863624188602,-1.0916972921125008,0.0,1.0,-0.7850187010698834,0.4041527212394904,1,0.0,-0.0130732639852372,0.0,2.3397501195133885,1.0,0.5211595181256249,False,False,False,True,False
0.3617134120390015,0.98085314182091,1.20599820715897,1.0,1.0,-0.7811296047625302,0.4041527212394904,1,0.0,0.5390945599907183,0.0,-0.1325692579032204,0.081156,0.5211595181256249,False,False,False,True,False
-0.5221243865315548,-0.8755893428985058,-0.6334190836450437,0.0,1.0,-0.7850187010698834,-2.1670227344876687,0,0.0,1.6187585428550124,0.0,-0.0121093668701423,0.0,0.5211595181256249,False,False,False,True,False
-0.2068889817486715,2.0188374814183208,-0.8243683371731508,1.0,1.0,1.088341755265735,0.4041527212394904,2,0.0,1.6187585428550124,0.0,-0.0121093668701423,1.0,0.5211595181256249,False,False,False,True,False
-0.2169610681668893,0.0123028857090538,0.2693247517069599,1.0,1.0,-0.7850187010698834,0.4041527212394904,1,0.0,-0.4272370720567131,0.0,-0.6527370760851251,0.335158,-1.4191715978588444,False,False,False,True,False
-0.1500982202531186,-0.9758544321127124,0.5368041364682394,1.0,1.0,1.083703314775848,-1.968633407499217,1,0.0,-1.2564360863845176,0.0,0.1399383489245528,1.665621,-1.4191715978588444,False,False,False,True,False
-0.837359791314438,0.5180235725132994,-1.0916972921125008,0.0,1.0,-0.7850187010698834,0.4041527212394904,1,0.0,-0.0130732639852372,0.0,1.163820376321623,0.0,0.5211595181256249,False,True,False,False,False
0.1304245650789902,1.3705823536654955,1.314132731242087,1.0,1.0,1.088341755265735,0.4041527212394904,1,0.0,1.6187585428550124,0.0,0.5380646505687865,0.343635,0.5211595181256249,False,False,False,True,False
-0.0263702152882653,1.3283558823285186,1.3089314645252348,1.0,1.0,-0.0292657524145121,0.4041527212394904,1,0.0,0.7875246342640785,0.0,1.163820376321623,0.707768,0.5211595181256249,False,False,False,True,False
-0.2212512644082823,1.8783827397435096,1.3248736649428934,1.0,1.0,0.3954550368040742,0.1551318071768593,1,0.0,-0.0611992476325699,0.0,0.3457154706154232,0.0,0.5211595181256249,False,False,False,True,False
0.7388172325999781,-0.6420626986728865,0.1084167422495652,1.0,1.0,-2.038858854495313,0.4041527212394904,1,0.0,-0.2073150994488525,0.0,-0.8093744456674978,0.0,0.5211595181256249,True,False,False,False,False
2.6302296612972773,1.0540285399793792,0.2067576318786277,1.0,1.0,-0.7850187010698834,-2.1670227344876687,2,0.0,1.6187585428550124,0.0,-0.0121093668701423,0.0,0.5211595181256249,True,False,False,False,False
0.1578640732706142,0.752118382004436,1.081537980177409,1.0,1.0,-1.5621204654856555,0.4041527212394904,1,0.0,0.1531141190551804,0.0,0.6275505521661935,7.3e-05,0.5211595181256249,False,False,False,True,False
0.844297993776676,2.224534747733105,1.627209652050357,1.0,1.0,0.0249380590291026,0.4041527212394904,1,0.0,-1.0957512401967648,0.0,0.738274920855387,0.090341,0.5211595181256249,False,False,False,True,False
0.7776335865502163,0.6041917310831462,0.9856514376836448,1.0,1.0,-0.1799176535921097,0.4041527212394904,1,0.0,0.2407712282232184,0.0,-1.188039110061908,1.251554,0.5211595181256249,True,False,False,False,False
0.0507749810587138,1.373026536317142,1.3135189057716952,1.0,1.0,0.4216015286931504,0.4041527212394904,1,0.0,1.1953389847751383,0.0,1.163820376321623,0.500936,0.5211595181256249,False,False,False,True,False
-0.0805684808148843,1.6519849615851885,-0.0186188936940309,1.0,1.0,-0.7850187010698834,-0.4027605576190915,1,0.0,-0.5422224684939045,0.0,0.0657853952486233,1.0,0.5211595181256249,True,False,False,False,False
0.8692428865925504,2.1216217939796174,1.4391155099508526,1.0,1.0,-0.6932952264067789,0.4041527212394904,1,0.0,1.329713806741206,0.0,0.0657007283071134,0.0,0.5211595181256249,False,False,False,True,False
-0.6808211397135682,0.6474473319576589,-1.1867489662799895,1.0,1.0,-0.7850187010698834,1.68974044910307,1,0.0,0.8720567855220169,0.0,1.163820376321623,1.807465,-1.4191715978588444,True,False,False,False,False
2.4451221706671493,0.0542827947609975,0.8182765498570135,1.0,1.0,0.128770935681961,1.3760261893988877,1,0.0,-1.6449050708254869,0.0,1.0000897985283177,0.0,-1.4191715978588444,True,False,False,False,False
0.2181643505276153,1.2115711200170098,0.800977578613336,1.0,1.0,0.9407677853178972,0.4041527212394904,1,0.0,1.4057049503221424,0.0,-0.9743103514475748,0.133523,0.5211595181256249,False,False,False,True,False
-0.5221243865315548,-0.8755893428985058,-0.6334190836450437,0.0,1.0,-0.7850187010698834,-2.1670227344876687,0,0.0,1.6187585428550124,0.0,-0.0121093668701423,0.0,0.5211595181256249,False,False,False,True,False
-0.9949774937058796,1.1739757315989374,0.8483839387491476,1.0,1.0,-0.7850187010698834,-1.8449213004469045,1,0.0,0.1846655870404371,0.0,-0.0121093668701423,0.741069,-1.4191715978588444,False,False,False,True,False
1.173115000739225,0.7904856175756579,1.3220795427058671,1.0,1.0,0.6357266288523117,0.4041527212394904,1,0.0,0.2501461019535159,0.0,-0.68453774413026,0.716327,0.5211595181256249,True,False,False,False,False
0.3886985083946303,0.840580641835037,1.014650175209795,1.0,1.0,-0.3744043160875043,0.4041527212394904,1,0.0,0.1375872394130955,0.0,-0.5460767205884024,1.74288,0.5211595181256249,True,False,False,False,False
-0.2068889817486715,0.1964205920336515,-0.1751408751775865,1.0,1.0,-0.7850187010698834,-2.1670227344876687,1,0.0,-1.6449050708254869,0.0,-0.0121093668701423,1.0,0.5211595181256249,False,False,False,True,False
-0.5495558562203564,0.9830400420881704,0.7282414562883641,1.0,1.0,-0.7850187010698834,0.4041527212394904,1,0.0,-1.3913445173514216,0.0,-1.1834082987332186,0.526999,0.5211595181256249,False,False,False,True,False
-1.1525951960973213,1.5717450179555166,-1.0378871050509677,1.0,1.0,0.0393348341360425,0.4041527212394904,1,0.0,-0.0130732639852372,0.0,2.0863031578930107,1.0,-1.4191715978588444,True,False,False,False,False
-0.5177643656480029,0.2690385450259565,-0.1425363283275132,1.0,1.0,-0.2867554004169302,0.0024091274575773,1,0.0,-0.0130732639852372,0.0,1.419255835137739,0.648522,0.5211595181256249,False,False,False,True,False
-0.8202116157650585,0.7171815782249956,0.0464867055107037,1.0,1.0,0.6287052738619661,0.4041527212394904,1,0.0,1.5499295090742975,0.0,1.449282025200397,0.786609,0.5211595181256249,False,False,False,True,False
-0.7224170818454791,0.982364675829164,-1.0842445427472989,1.0,1.0,0.1682126667296509,0.964546839753864,1,0.0,0.1124684524104035,0.0,1.195180070713061,1.443328,-1.4191715978588444,True,False,False,False,False
-0.2429832779786095,1.7525502135811726,1.3344034457184215,1.0,1.0,0.5993946761621385,0.0705324211570688,1,0.0,-0.2993602043454836,0.0,0.0994146340444213,0.0,0.5211595181256249,False,False,False,True,False
-0.1420858819697517,0.5731463233675108,1.245251263308236,1.0,1.0,-0.7703221882899303,0.3455890578843927,1,0.0,-0.0639929436858803,0.0,0.67863881985916,0.838947,0.5211595181256249,False,False,False,True,False
-0.9949774937058796,0.5180235725132994,-0.2515205765888294,1.0,1.0,-0.7850187010698834,0.4041527212394904,3,0.0,-0.0130732639852372,0.0,-1.188039110061908,0.0,2.461490634110094,False,False,False,True,False
2.120392505963015,0.663623961875785,1.19440789298862,1.0,1.0,-0.5131678718091964,0.2604150141502468,1,0.0,0.0491452191459677,0.0,-0.1857424490308657,0.0,0.5211595181256249,True,False,False,False,False
-0.3195818561336949,0.5583311460667484,-1.1726879215283883,1.0,1.0,0.0584018968606261,1.6835014918597475,1,0.0,0.2280233581481825,0.0,1.163820376321623,0.58998,0.5211595181256249,False,False,False,True,False
-0.9949774937058796,0.8868164303286611,0.833572196102226,1.0,1.0,-0.7850187010698834,-0.2702100349377174,1,0.0,1.057073875781564,0.0,-0.0121093668701423,0.169879,-1.4191715978588444,False,False,False,True,False
0.1299537610019474,0.7543481626690948,1.0495288130998364,1.0,1.0,-1.488716582725057,0.4041527212394904,1,0.0,0.1202783994379413,0.0,0.6216250421902502,0.356868,0.5211595181256249,False,False,False,True,False
-1.075856022951703,1.4471238630196532,-1.055671011018905,1.0,1.0,0.6532181954331172,1.4598362245537704,1,0.0,-0.0130732639852372,0.0,1.163820376321623,0.556245,-1.4191715978588444,True,False,False,False,False
-0.5221243865315548,-0.4467853689256443,-0.9389378892900152,1.0,1.0,-0.7850187010698834,0.4041527212394904,1,1.0,-0.0130732639852372,0.0,-0.0121093668701423,1.0,2.461490634110094,False,False,False,True,False
-1.1525951960973213,1.0540285399793792,0.3977068854067348,1.0,1.0,-0.7850187010698834,0.4041527212394904,1,0.0,1.6187585428550124,0.0,-0.0121093668701423,1.0,0.5211595181256249,False,False,False,False,True
-0.6775502571535412,-0.5773454589010313,0.7608903415551072,1.0,1.0,0.8443890099207985,-1.5641489406814988,1,0.0,-0.5742895953301221,0.0,-1.188039110061908,1.444033,-1.4191715978588444,False,False,False,True,False
-0.3562866057249948,0.9739172375418984,0.130164640151194,1.0,1.0,-1.2127200067744994,-1.022575826503048,1,0.0,-0.0130732639852372,0.0,-1.188039110061908,1.36595,0.5211595181256249,False,False,False,True,False
-0.3645066841401131,-0.1112140989938298,-0.2309362470584994,1.0,1.0,-0.7850187010698834,-0.8321031487427799,1,0.0,-0.0130732639852372,0.0,1.9966726169371911,1.506576,0.5211595181256249,False,False,False,True,False
-0.0490056935287006,-1.024963207231954,0.5108149501269457,1.0,1.0,1.088341755265735,-1.628576169663382,1,0.0,-1.6449050708254869,0.0,0.2125167326743486,1.384186,-1.4191715978588444,False,False,False,True,False
-1.0330713281083552,1.6346505609373354,-1.019850114942404,1.0,1.0,1.0248835431678225,1.6509285555988682,1,0.0,-0.0130732639852372,0.0,1.163923858139024,0.378619,-1.4191715978588444,True,False,False,False,False
-1.0126191702814469,1.502975580629618,-1.015317590701258,1.0,1.0,1.088341755265735,1.3453649220893416,1,0.0,-0.0130732639852372,0.0,1.1649186947017642,0.384662,-1.4191715978588444,True,False,False,False,False
-0.5221243865315548,1.0540285399793792,-0.9389378892900152,1.0,1.0,1.088341755265735,0.4041527212394904,1,0.0,-0.0130732639852372,0.0,-0.0121093668701423,0.0,-1.4191715978588444,False,False,False,True,False
1.0091568110336833,-0.5519602636418386,0.5558616357673587,1.0,1.0,0.9262061544908,-0.5345847232342233,1,0.0,-1.6449050708254869,0.0,1.0343940209967075,0.378818,-1.4191715978588444,False,False,False,True,False
-0.6022769286401625,2.9371533519792563,1.3029184343417837,1.0,1.0,-0.7850187010698834,0.4041527212394904,1,0.0,1.6187585428550124,0.0,-0.2860857099471623,1.0,0.5211595181256249,False,False,False,True,False
0.4235818278170949,1.590033507445459,-0.4424698301169366,1.0,1.0,-0.7850187010698834,-2.1670227344876687,1,0.0,-0.0130732639852372,0.0,-0.0121093668701423,0.0,-1.4191715978588444,False,False,False,False,True
0.6935801639251223,-0.3869136140596814,0.4611692517153083,1.0,1.0,1.009679349704202,0.1910704121092855,1,0.0,-1.6449050708254869,0.0,1.1636863203308994,0.0,-1.4191715978588444,False,False,False,True,False
1.1152054687920978,1.1635343548326975,0.7129394323380841,1.0,1.0,-0.0407700589768691,-0.8341330917650766,1,0.0,1.0629876342495537,0.0,0.0608112124349222,1.771135,0.5211595181256249,True,False,False,False,False
0.1385502304903765,1.2006580588793985,-0.0362142563690347,0.0,1.0,-1.8149585594749924,1.6710248629608315,1,0.0,0.2280233581481825,0.0,-1.1329632646097785,1.0,-1.4191715978588444,True,False,False,False,False
-0.2068889817486715,0.3642866277446792,0.2613387574563552,1.0,1.0,-0.7850187010698834,0.4041527212394904,1,0.0,-1.2380779785575649,0.0,-0.0433126626057358,1.0,-1.4191715978588444,False,False,False,True,False
-0.6797420889229964,1.3901786952760546,0.1171091341686716,1.0,1.0,0.2554475697393751,0.780040574638611,1,0.0,1.6187585428550124,0.0,1.163820376321623,0.315918,0.5211595181256249,False,False,False,True,False
-0.9949774937058796,0.1945660148462191,-1.3097679082959206,1.0,1.0,-2.279819843191482,0.4041527212394904,1,0.0,-0.1306043180410994,0.0,-1.1603177422959052,1.747256,0.5211595181256249,False,False,False,True,False
-0.2068889817486715,0.1964205920336515,-0.6334190836450437,0.0,0.0,-0.7850187010698834,0.4041527212394904,1,0.0,-0.0130732639852372,0.0,2.3397501195133885,1.0,2.461490634110094,False,False,False,True,False
1.415496193505034,-0.0564451114181454,0.6364070097138692,1.0,1.0,0.4882369601250081,-0.3472450227667586,1,0.0,-1.6449050708254869,0.0,1.148881364864115,0.0,-1.4191715978588444,False,False,False,True,False
0.2586869161062404,-0.4756224361753178,0.1303779304673848,1.0,1.0,-0.7850187010698834,0.4041527212394904,1,0.0,1.6187585428550124,0.0,-0.7016240032988365,0.920858,0.5211595181256249,True,False,False,False,False
-1.2318803679896693,-0.1122539486307141,-1.3972160977574724,0.0,1.0,-0.7850187010698834,-1.356014858715841,1,0.0,1.578824354878018,0.0,-0.5424642644173173,0.369134,0.5211595181256249,False,False,False,True,False
1.526905744557186,-0.1251823884459964,-0.0987611737663437,1.0,0.0,-0.7850187010698834,0.4041527212394904,1,0.0,1.6187585428550124,0.0,1.163820376321623,0.0,-1.4191715978588444,True,False,False,False,False
-0.2068889817486715,0.7324255594997313,-1.015317590701258,1.0,1.0,1.088341755265735,-2.1670227344876687,1,0.0,-1.6449050708254869,0.0,-0.0121093668701423,1.0,0.5211595181256249,False,False,False,True,False
0.7728656510528749,0.5423045975395124,0.0576668224946255,1.0,1.0,-0.7850187010698834,-1.0172136400901288,1,0.0,-0.0130732639852372,0.0,-1.188039110061908,0.0,0.5211595181256249,False,False,False,True,False
0.879329158603984,0.6255461689869948,0.9861815891911404,1.0,1.0,-0.2936512402567013,0.4041527212394904,1,0.0,0.1751650622610128,0.0,-1.188039110061908,0.847587,0.5211595181256249,True,False,False,False,False
2.174547426621476,0.5487152169504077,1.2455775192028142,1.0,1.0,0.1505150304986487,0.3910281561257309,1,0.0,-0.0787104347517724,0.0,-0.4729562332269953,0.64676,0.5211595181256249,True,False,False,False,False
-0.2104579193839207,1.4796057640480962,1.2925543198978893,1.0,1.0,-0.0680742876279603,0.3256058822424816,1,0.0,-0.0142514465497756,0.0,0.7948477248705996,0.630866,0.5211595181256249,False,False,False,True,False
-0.6753659910338002,-0.9674177139247953,0.6335489194769114,1.0,1.0,1.056573308647196,-2.025664650282701,1,0.0,-0.9424928605619424,0.0,-1.188039110061908,1.690901,-1.4191715978588444,False,False,False,True,False
-0.6797420889229964,-0.4467853689256443,-1.015317590701258,0.0,1.0,-0.7850187010698834,1.68974044910307,2,0.0,1.6187585428550124,0.0,-1.188039110061908,0.0,-1.4191715978588444,False,False,False,True,False
0.297380643484018,1.9665126764942829,1.316747628509751,1.0,1.0,0.0079579198528766,0.4041527212394904,1,0.0,1.459951935076933,0.0,0.2743083128898465,0.555591,0.5211595181256249,False,False,False,True,False
0.1885791925533367,0.7559025770747447,1.0506638154628074,1.0,1.0,-0.4228793912556451,0.4041527212394904,1,0.0,0.1337638574896692,0.0,0.4123942148436259,0.857438,0.5211595181256249,False,False,False,True,False
-0.4625387479371964,0.1807049263875464,-0.2515205765888294,1.0,1.0,-0.7850187010698834,0.4041527212394904,1,0.0,-0.0130732639852372,0.0,2.012425371776988,1.269982,-1.4191715978588444,False,False,False,True,False
1.684523446948628,0.8396265529929473,0.7032256910517063,1.0,1.0,1.088341755265735,-2.1670227344876687,0,0.0,1.6187585428550124,0.0,2.3397501195133885,1.0,2.461490634110094,True,False,False,False,False
1.684523446948628,0.7324255594997313,-0.0605713230607223,1.0,0.0,1.088341755265735,0.4041527212394904,2,0.0,1.6187585428550124,0.0,1.163820376321623,1.0,0.5211595181256249,True,False,False,False,False
1.0381677677181491,2.229369512539649,1.6202853738392196,1.0,1.0,-0.3680273970941383,0.4041527212394904,1,1.0,-0.6790091378704814,0.0,0.4488856666343527,0.917727,0.5211595181256249,False,False,False,True,False
-1.1399080743787269,0.8691711467996774,-1.1669535244956857,1.0,1.0,-0.7850187010698834,1.68974044910307,1,0.0,0.452406758915944,0.0,1.163820376321623,1.162801,-1.4191715978588444,True,False,False,False,False
2.0431506899644702,0.4757327805802248,-0.1261726265276164,1.0,1.0,0.6132725304226733,-2.092300518981054,1,0.0,0.4205485065510018,0.0,-0.146596923809755,0.673408,-1.4191715978588444,True,False,False,False,False
-0.423683935267575,0.948446281487911,0.7536624922207105,1.0,1.0,0.1343816502486859,0.4041527212394904,1,0.0,1.054988394732422,0.0,-1.055801106721021,0.756339,0.5211595181256249,False,False,False,True,False
-0.837359791314438,1.0540285399793792,0.0158083783505205,1.0,1.0,-0.7850187010698834,1.68974044910307,1,0.0,-0.0130732639852372,0.0,1.163820376321623,1.0,0.5211595181256249,False,False,False,True,False
2.561589200935936,0.496744175304897,0.8849611084391723,1.0,1.0,-0.2028700659031331,0.6872147127482214,1,0.0,-1.634064812132647,0.0,0.1737345697438842,0.0,-1.4191715978588444,True,False,False,False,False
-0.5221243865315548,-0.8755893428985058,-0.6334190836450437,0.0,1.0,-0.7850187010698834,-2.1670227344876687,0,0.0,1.6187585428550124,0.0,-0.0121093668701423,0.0,0.5211595181256249,False,False,False,True,False
-0.5221243865315548,1.0540285399793792,-0.5570393822338009,0.0,1.0,1.088341755265735,0.4041527212394904,1,0.0,-0.0130732639852372,0.0,-0.0121093668701423,1.0,-1.4191715978588444,False,False,False,True,False
0.3433427535898744,1.831417984494132,1.310383098940406,1.0,1.0,0.0458878490123045,0.4041527212394904,1,0.0,1.5200196638867225,0.0,0.2326510017372781,0.738935,0.5211595181256249,False,False,False,True,False
-0.2117174424437308,-0.0004647526159875,0.321327183995492,1.0,1.0,-0.7850187010698834,0.4041527212394904,1,0.0,0.2047256954419238,0.0,0.0234025354445058,1.082838,-1.4191715978588444,False,False,False,True,False
-0.7385334919150043,1.2192145508530756,-0.0490324124294218,1.0,1.0,1.0642653266809097,1.0256688226874098,1,0.0,0.5731557852948954,0.0,1.2348641717565536,0.598999,0.5211595181256249,False,False,False,True,False
-0.7464644994639364,1.4261767888910788,0.1085791254947653,1.0,1.0,-0.1437243295757055,1.1868828093492303,1,0.0,1.4210882287652256,0.0,1.163820376321623,0.208323,0.5211595181256249,False,False,False,True,False
0.9675479442501764,0.6095625008571572,0.9686609258641166,1.0,1.0,-2.5311611221762065,1.2480137913968716,1,0.0,-0.0382197921286453,0.0,-1.124259032650673,0.0,0.5211595181256249,True,False,False,False,False
1.121288093545086,1.5759151366024025,0.4740865868179777,1.0,1.0,0.6373976663793629,-0.119634286723968,1,0.0,0.8838092381948803,0.0,0.4902866251029051,0.519395,0.5211595181256249,True,False,False,False,False
1.9566688513986312,0.9202524201991936,0.5361280233513473,1.0,1.0,-0.7265979552390575,0.3946470855796669,1,0.0,1.3776619207215923,0.0,1.165266769905749,0.36037,2.461490634110094,True,False,False,False,False
-0.2068889817486715,0.5180235725132994,-0.6716089343506652,0.0,0.0,1.088341755265735,0.4041527212394904,0,0.0,-0.0130732639852372,0.0,1.163820376321623,1.0,0.5211595181256249,True,False,False,False,False
-0.837359791314438,1.0540285399793792,-0.0605713230607223,1.0,1.0,1.088341755265735,0.4041527212394904,1,0.0,-0.0130732639852372,0.0,-0.0121093668701423,1.0,0.5211595181256249,False,False,False,False,True
0.2727003907904587,1.4519264675281494,0.7304252283314134,1.0,1.0,1.088341755265735,0.4041527212394904,1,0.0,0.8177690049720554,0.0,1.163820376321623,1.564796,0.5211595181256249,False,False,False,True,False
-0.2509511680699017,-0.5539863624188602,0.097504450688642,1.0,1.0,-0.5914349983144422,0.3579024171418705,1,0.0,1.6187585428550124,0.0,-0.4437379068979094,1.0,-1.4191715978588444,False,False,False,True,False
-0.2158527004836728,1.264292568616973,0.2482478112923784,1.0,1.0,-1.0056349952102472,-1.858422542764928,1,0.0,-0.0130732639852372,0.0,-1.188039110061908,1.541493,0.5211595181256249,False,False,False,True,False
0.4787078311399894,1.4321371641293017,0.4201724469828239,1.0,1.0,0.944904165205486,-1.732451658074759,1,0.0,-0.1043008211466415,0.0,1.0836560697984974,1.0,0.5211595181256249,False,False,False,True,False
-0.5221243865315548,-0.3395843754324283,-1.015317590701258,1.0,1.0,-0.7850187010698834,0.4041527212394904,2,0.0,-0.0130732639852372,0.0,1.163820376321623,1.0,0.5211595181256249,False,False,False,True,False
-0.5208177357787299,-0.860452562617264,-0.6334190836450437,0.0,1.0,-0.7850187010698834,-2.1670227344876687,0,0.0,1.285295344959014,0.0,-0.2370294488504314,0.0,0.5211595181256249,False,False,False,True,False
2.1573765541229526,0.5180235725132994,-0.4424698301169366,1.0,0.0,1.088341755265735,0.4041527212394904,2,0.0,-1.6449050708254869,0.0,2.3397501195133885,1.0,-1.4191715978588444,True,False,False,False,False
-1.133570897036377,1.1532001790599522,-1.0546915559178578,1.0,1.0,0.1974239763252921,1.68974044910307,1,0.0,-0.0130732639852372,0.0,1.163820376321623,0.03838,-1.4191715978588444,True,False,False,False,False
-0.6797420889229964,1.0540285399793792,-0.0605713230607223,1.0,0.0,-0.7850187010698834,0.4041527212394904,1,0.0,1.6187585428550124,0.0,1.163820376321623,1.0,0.5211595181256249,False,False,False,True,False
0.2322221157862052,1.2560809725153923,0.0170456531336813,0.0,1.0,-0.2483365241783986,-1.2494190666723044,1,0.0,-0.3440723958529066,0.0,0.7624732031107871,0.926581,-1.4191715978588444,True,False,False,False,False
-0.0492712793572299,-0.0179813949527804,-0.0605713230607223,1.0,1.0,-0.7850187010698834,0.4041527212394904,2,0.0,1.6187585428550124,0.0,-1.188039110061908,1.0,2.461490634110094,False,False,False,True,False
-0.6797420889229964,0.6252245660065153,-1.2062668442293651,1.0,1.0,-0.7850187010698834,1.68974044910307,1,0.0,1.6187585428550124,0.0,1.163820376321623,2.0,-1.4191715978588444,False,False,False,True,False
-0.9949774937058796,1.127214658237197,0.8494697143945596,1.0,1.0,-0.7850187010698834,-1.847117084286096,1,0.0,0.6661163478351635,0.0,-0.0121093668701423,1.546738,-1.4191715978588444,False,False,False,True,False
-0.9949774937058796,-0.0179813949527804,-1.015317590701258,0.0,1.0,-0.7850187010698834,0.4041527212394904,1,0.0,-0.0130732639852372,0.0,1.163820376321623,1.0,-1.4191715978588444,False,False,False,True,False
-0.2068889817486715,-0.8755893428985058,-1.282646545640608,1.0,1.0,-0.7850187010698834,0.4041527212394904,1,0.0,-0.0130732639852372,0.0,-0.0121093668701423,1.0,0.5211595181256249,False,False,False,True,False
-1.0703575294037768,0.6033341231351996,-1.3172343296276752,0.0,1.0,-0.3822836701668518,-0.0566661998132095,1,0.0,0.1847879744259498,0.0,-0.0140014378269378,0.85882,0.5211595181256249,False,False,False,True,False
-1.1465707322765155,0.095265734573453,-1.3365372369074289,0.0,1.0,-0.7850187010698834,-0.8069544816103125,1,0.0,0.5923608138295978,0.0,-0.8493337142708972,0.714627,0.5211595181256249,False,False,False,True,False
-0.2156605645044578,1.0512627543472532,0.1296782924024577,1.0,1.0,-2.018851364821648,-0.9499439766419392,1,0.0,-0.0130732639852372,0.0,-1.188039110061908,0.975504,0.5211595181256249,False,False,False,True,False
-1.0094603539078195,0.9889146565315984,-1.0274393930238783,1.0,1.0,0.279168059837497,1.68974044910307,1,0.0,-0.0130732639852372,0.0,1.163820376321623,0.220029,-1.4191715978588444,True,False,False,False,False
1.3692880421657443,0.6252245660065153,-0.7670835611147188,0.0,0.0,-0.7850187010698834,0.4041527212394904,1,0.0,-0.0130732639852372,0.0,2.3397501195133885,1.0,0.5211595181256249,True,False,False,False,False
0.7388172325999781,-0.8755893428985058,-1.282646545640608,0.0,1.0,-0.7850187010698834,0.4041527212394904,1,0.0,-0.0130732639852372,0.0,-1.188039110061908,0.0,0.5211595181256249,True,False,False,False,False
-0.9121454506566176,1.661139926429508,-1.0436402533003666,1.0,1.0,0.3244734091135176,0.795129517800546,1,0.0,0.0469194005614373,0.0,1.2092735886852144,1.119877,-1.4191715978588444,True,False,False,False,False
-0.9949774937058796,-0.5539863624188602,-0.0605713230607223,0.0,1.0,-0.7850187010698834,0.4041527212394904,1,0.0,-1.6449050708254869,0.0,-0.0121093668701423,0.0,0.5211595181256249,False,False,False,True,False
2.204229834718129,0.937275937965918,0.514807202550159,1.0,1.0,-0.7584282227526559,-0.8170000641158388,1,0.0,0.2883374935608047,0.0,1.1644800729075535,0.853891,2.461490634110094,True,False,False,False,False
-0.2068889817486715,0.9619964870654528,0.7084986783081838,1.0,1.0,-0.293877916871918,0.4041527212394904,1,0.0,0.0426537922183571,0.0,-0.8148425189733395,0.508663,0.5211595181256249,False,False,False,True,False
0.2678441893797785,0.810156999881661,0.7586913699514773,1.0,1.0,1.088341755265735,0.4041527212394904,1,0.0,-0.157687830539227,0.0,1.0592755184329024,1.032392,0.5211595181256249,False,False,False,True,False
-1.041682771278512,1.947698902136224,-1.015317590701258,1.0,1.0,1.088341755265735,1.2099783928803,1,0.0,-0.0130732639852372,0.0,1.177365911033449,0.456462,-1.4191715978588444,True,False,False,False,False
-0.334746885751585,0.1720002057158969,-0.1778176018135433,1.0,1.0,-0.7850187010698834,-1.970943608646188,1,0.0,-0.4648312132226986,0.0,0.4466913817335569,1.094941,0.5211595181256249,False,False,False,True,False
-0.2068889817486715,0.6252245660065153,0.1303779304673848,0.0,1.0,1.088341755265735,0.4041527212394904,1,0.0,-1.6449050708254869,0.0,-1.188039110061908,0.0,-1.4191715978588444,False,False,False,True,False
-0.2068889817486715,-0.8755893428985058,-1.0916972921125008,0.0,0.0,-0.7850187010698834,0.4041527212394904,1,0.0,-1.6449050708254869,0.0,-0.0121093668701423,0.0,-1.4191715978588444,False,False,False,True,False
-0.4145288686418709,1.253861911950082,0.7222050921061327,1.0,1.0,-0.6387429699182852,0.4041527212394904,1,0.0,1.4484181478661864,0.0,-1.1142495186766246,0.261793,0.5211595181256249,False,False,False,True,False
1.4831587936407389,0.120361487150214,0.6373897109522265,1.0,1.0,0.200151589149717,-0.8292632854519292,1,0.0,-1.6449050708254869,0.0,0.7761868957758896,0.023959,-1.4191715978588444,False,False,False,True,False
-0.6797420889229964,0.8396265529929473,-0.7097987850562866,0.0,0.0,-0.7850187010698834,-2.1670227344876687,2,0.0,1.6187585428550124,1.0,1.163820376321623,1.0,-1.4191715978588444,False,False,False,True,False
-0.9763349447201272,-0.5029908498141362,-0.2515205765888294,1.0,1.0,0.7548405067474993,-0.8248241510276163,1,0.0,-0.0865579139108672,0.0,-0.0121093668701423,0.854536,-1.4191715978588444,False,False,False,True,False
-0.6856574812937473,0.5859675621892991,-1.2069412769928265,1.0,1.0,-0.2652810695059551,1.0502942556146366,1,0.0,1.4420523719877023,0.0,0.8066834577358247,1.894902,-1.4191715978588444,False,False,False,True,False
-0.9949774937058796,0.6252245660065153,-0.6525140089978545,0.0,0.0,1.088341755265735,0.4041527212394904,2,0.0,1.6187585428550124,0.0,1.163820376321623,2.0,-1.4191715978588444,False,False,False,True,False
-0.837359791314438,1.375631520459027,-0.1751408751775865,1.0,1.0,1.088341755265735,0.4041527212394904,2,0.0,-0.0130732639852372,0.0,1.163820376321623,0.0,0.5211595181256249,False,False,False,True,False
0.7376838037020814,2.223644979487111,1.6531930335343434,1.0,1.0,-0.3988835171704417,0.4041527212394904,1,0.0,-0.8553334600949909,0.0,0.1209694262371266,0.0,0.5211595181256249,False,False,False,True,False
0.8526115394893129,2.328208828540394,1.657652042312881,1.0,1.0,-0.7075065388285406,0.4041527212394904,1,0.0,-1.4487376738298,0.0,0.053095937389841,0.0,0.5211595181256249,False,False,False,True,False
-0.2486059742760193,0.2384541015823421,0.3115464577109768,1.0,1.0,-0.7850187010698834,0.4041527212394904,1,0.0,0.2857950996057473,0.0,1.084311062665455,0.212767,-1.4191715978588444,False,False,False,True,False
-0.5241995812012402,-0.2626355023029966,-0.2370246640072431,1.0,1.0,-0.7850187010698834,0.3549224247886824,1,0.0,-0.0130732639852372,0.0,0.7658340103168293,1.114716,-1.4191715978588444,False,False,False,True,False
1.3716929730688336,0.3246329802515373,-0.086708151364844,1.0,1.0,-0.7850187010698834,0.4041527212394904,1,0.0,0.3229388551930453,0.0,0.3329037160633488,0.0,-1.4191715978588444,True,False,False,False,False
-0.9949774937058796,0.6252245660065153,-0.6334190836450437,1.0,1.0,-0.7850187010698834,1.68974044910307,2,0.0,-0.0130732639852372,0.0,1.163820376321623,1.0,0.5211595181256249,True,False,False,False,False
0.1083464230342116,0.9468275464861632,-0.5570393822338009,1.0,1.0,-0.7850187010698834,0.4041527212394904,1,0.0,-0.0130732639852372,0.0,-0.0121093668701423,1.0,0.5211595181256249,False,False,False,True,False
-0.2302425662412018,1.639260203657543,-0.8774098771095322,1.0,1.0,1.088341755265735,1.2927843840197208,1,0.0,1.04923129211789,0.0,0.2561625410226541,0.8324,0.5211595181256249,True,False,False,False,False
3.1030827684716025,-1.0899913298849375,-0.2515205765888294,1.0,0.0,-0.7850187010698834,0.4041527212394904,1,1.0,1.6187585428550124,0.0,-1.188039110061908,0.0,-1.4191715978588444,False,False,True,False,False
1.628890072241735,0.7270547897257204,-0.0605713230607223,1.0,1.0,0.7187202437888924,0.4041527212394904,1,0.0,1.5836170448947076,0.0,1.134017612910171,0.936925,-1.4191715978588444,True,False,False,False,False
-0.3645066841401131,-0.5539863624188602,-0.2515205765888294,1.0,0.0,-0.7850187010698834,0.4041527212394904,1,0.0,-0.0130732639852372,0.0,2.3397501195133885,2.0,-1.4191715978588444,False,False,False,False,True
2.2696255770580414,0.7354057471188428,1.1726507531431205,1.0,1.0,-0.3122162423789875,0.2021200386302732,1,0.0,-0.2099031846945013,0.0,-0.1069034153283169,0.0,0.5211595181256249,True,False,False,False,False
-0.0174920829656626,0.7922437138689449,1.298583275249085,1.0,1.0,-0.5717497266392673,0.4041527212394904,1,0.0,0.5026981833709538,0.0,0.9335227676257182,0.357314,0.5211595181256249,False,False,False,True,False
1.2574046923002038,0.5711523848885368,1.2798470671639517,1.0,1.0,1.02708286834356,0.4041527212394904,1,0.0,0.8518547077533342,0.0,-0.06465343558518,1.339232,0.5211595181256249,True,False,False,False,False
-1.1193484212787872,1.263681522954062,-1.0792809314713878,1.0,1.0,0.2633138102955289,1.68974044910307,1,0.0,-0.0130732639852372,0.0,1.163820376321623,0.331483,-1.4191715978588444,True,False,False,False,False
1.0408798955231993,0.8518367461518246,1.3064166246664184,1.0,1.0,-0.5754140196918602,0.4041527212394904,1,0.0,0.5700993643206832,0.0,-0.6875387168348854,1.416353,0.5211595181256249,True,False,False,False,False
-0.8319955880489499,0.0152294728314183,0.4472257935140294,1.0,1.0,-0.7850187010698834,-0.3778021574703482,1,0.0,-0.0130732639852372,0.0,-1.188039110061908,1.119877,-1.4191715978588444,False,False,False,True,False
-0.927999269633958,0.5543539892081512,-1.239800397387704,1.0,1.0,-0.7850187010698834,0.6181387985423835,1,0.0,0.4415191771007058,0.0,0.974355752028309,2.0,0.5211595181256249,False,False,False,True,False
-1.0610781024108855,0.7358988716889114,-1.1797152359567298,1.0,1.0,-0.7850187010698834,1.68974044910307,1,0.0,0.5900958312817036,0.0,1.163820376321623,1.612466,-1.4191715978588444,True,False,False,False,False
-1.0067204853871492,1.366433675217309,-1.017875737850774,1.0,1.0,0.8279259182305211,1.68974044910307,1,0.0,-0.0130732639852372,0.0,1.163820376321623,0.007872,-1.4191715978588444,True,False,False,False,False
1.1113419436710783,1.7971779871723998,1.562780356911768,1.0,1.0,0.9754287004810184,0.4041527212394904,1,1.0,-1.0833558457920065,0.0,-0.1021526591658222,1.432336,0.5211595181256249,False,False,False,True,False
0.0165423075117213,0.7836140338927416,1.1767407333942896,1.0,1.0,-0.3471768952151227,0.395968669763911,1,0.0,0.0332185407112069,0.0,-0.1730259447879899,0.449886,0.5211595181256249,False,False,False,True,False
2.4230957272287545,0.8506896955214464,0.37112121178727,1.0,1.0,-0.3116242604747851,-0.2704877218869359,1,0.0,1.4945043417549682,0.0,1.3583532578080937,0.616045,2.461490634110094,True,False,False,False,False
-0.3846054630782602,-0.0180028351514796,0.3428826050495647,1.0,1.0,-0.7850187010698834,0.3664528611198909,1,0.0,-0.0130732639852372,0.0,-1.188039110061908,0.169294,-1.4191715978588444,False,False,False,True,False
1.5591560602612011,0.1911570232531343,-0.0828545280996916,1.0,1.0,-0.7264836802512208,0.4041527212394904,1,0.0,1.2972909405710973,0.0,1.145569946707287,0.418623,-1.4191715978588444,True,False,False,False,False
1.0864695549983043,1.887323302600844,1.549565522872102,1.0,1.0,0.5850971891593849,0.4041527212394904,1,1.0,-0.8504901832922893,0.0,0.5593666178667055,1.150439,0.5211595181256249,False,False,False,True,False
-0.1492562264869431,0.6004718566089305,0.3351440810315323,1.0,1.0,-0.7850187010698834,0.4041527212394904,1,0.0,1.6187585428550124,0.0,2.3397501195133885,2.0,-1.4191715978588444,False,False,False,True,False
-0.3645066841401131,0.8396265529929473,0.1227399603262604,0.0,0.0,-0.7850187010698834,-2.1670227344876687,1,0.0,-0.0130732639852372,0.0,-1.188039110061908,0.0,0.5211595181256249,False,False,False,True,False
0.4153519771044283,-0.5774955402919213,0.4967035711521143,1.0,1.0,0.9668674431955642,-1.079598070172437,1,0.0,-1.6449050708254869,0.0,0.0935961336751085,0.715993,-1.4191715978588444,False,False,False,True,False
-0.8555094697448125,-0.0215511880361036,-0.2638203818055888,1.0,0.0,0.592457622392328,-0.6793868969621376,1,0.0,-1.5026648195504495,0.0,-1.0584822265354985,0.003695,-1.4191715978588444,False,False,False,True,False
-0.9663192854393654,-0.4181734237623046,-0.2567317344770143,1.0,0.0,0.1380946506731429,-0.5341167693012807,1,0.0,-0.0251716650011508,0.0,0.5199600362426061,0.864583,-1.4191715978588444,False,False,False,True,False
0.0814395050589687,0.5819904053307019,0.9803375490970616,1.0,1.0,-1.966118141336257,0.4041527212394904,1,0.0,-0.0130732639852372,0.0,0.6894220956042283,0.0026,0.5211595181256249,False,False,False,True,False
1.5488860060087803,0.7822418611760295,1.2818770486782087,1.0,0.0,1.017931502514361,0.4041527212394904,1,0.0,0.2686608656339248,0.0,0.1030200346370473,0.0,0.5211595181256249,True,False,False,False,False
4.858609981200894,-0.4765765250174075,-0.2135899203999471,1.0,1.0,-0.7850187010698834,0.4041527212394904,1,0.0,-0.0130732639852372,0.0,-0.0121093668701423,0.0,-1.4191715978588444,True,False,False,False,False
-0.2068889817486715,-0.0100485214342828,-0.2009965498008135,1.0,1.0,-0.7850187010698834,0.0450135047589762,1,0.0,-0.796842080810609,0.0,-0.8595137380577085,1.043435,0.5211595181256249,False,False,False,True,False
2.551453909819059,0.4976875440476359,0.8295619944491808,1.0,1.0,-0.1903035639620343,1.3481893583274576,1,0.0,-1.6449050708254869,0.0,0.7271235791006994,0.0,-1.4191715978588444,True,False,False,False,False
-0.2361023195630084,0.1566383033483188,-0.4161786766261134,1.0,1.0,-0.7850187010698834,0.4041527212394904,1,0.0,-0.0130732639852372,0.0,-1.0794490538566075,1.466496,0.5211595181256249,False,False,False,True,False
0.1182671964581337,1.358382880605969,1.3141970811405257,1.0,1.0,1.088341755265735,0.4041527212394904,1,0.0,1.6187585428550124,0.0,0.7938364252914546,0.264969,0.5211595181256249,False,False,False,True,False
-0.39701943331861,0.5676576325006574,0.0947936587058555,1.0,1.0,-0.7850187010698834,-0.8280085518295341,1,0.0,0.6188536032136492,0.0,-0.2309299012724956,0.0,0.5211595181256249,False,False,False,True,False
-0.499674581944537,1.6474181992623769,-0.0065942463516055,1.0,1.0,-0.7850187010698834,0.4041527212394904,1,0.0,-1.0814368115871622,0.0,0.1030200346370473,1.0,0.5211595181256249,False,False,False,True,False
0.0265478792595298,-0.4330958020565609,0.1588280325982978,1.0,1.0,-1.322957902827569,0.4041527212394904,1,0.0,-1.3802986478509198,0.0,-0.6483097006020082,0.885532,-1.4191715978588444,True,False,False,False,False
-0.0669923952548022,-0.4682791681210321,0.1303779304673848,1.0,1.0,-0.7850187010698834,0.4041527212394904,1,0.0,1.6187585428550124,0.0,-0.4782032317411169,0.969085,-1.4191715978588444,False,False,False,True,False
2.6302296612972773,0.5180235725132994,1.115942529260791,1.0,1.0,-0.7850187010698834,0.0204317818144971,1,0.0,-1.4121340545705665,0.0,-0.5833466378691222,0.0,-1.4191715978588444,True,False,False,False,False
-0.9949774937058796,0.9120729843956632,-1.3389978089883918,0.0,1.0,0.9300053294962488,0.4041527212394904,1,0.0,-0.3761786866524886,0.0,0.0789887344051805,1.0,0.5211595181256249,False,False,False,True,False
1.0847026605544965,0.2637320958480409,0.9214696509674786,1.0,1.0,-1.169385432698544,1.5797635613352523,1,0.0,-0.0587384452678547,0.0,-0.4013856212671148,0.0,-1.4191715978588444,True,False,False,False,False
-0.8813286679558523,0.7927368384390137,-0.2471862958626961,1.0,1.0,-1.3703145818032767,0.0909899786705617,1,0.0,0.1160552187218383,0.0,2.2592306822078188,0.68173,-1.4191715978588444,False,False,False,True,False
-0.1540254229259033,0.1254535343411418,-0.1718737716395713,1.0,1.0,0.5580102703212282,-0.1125519839311675,1,0.0,1.4644688455182668,0.0,0.6939553047642325,0.176892,0.5211595181256249,False,False,False,True,False
0.0663110427480334,-0.6678016572106062,0.1787677938284187,1.0,1.0,-2.590640316664862,0.4041527212394904,1,0.0,-1.6449050708254869,0.0,-0.783503991317279,0.329367,0.5211595181256249,True,False,False,False,False
1.5951020382331884,-0.0716140519974349,-0.0815213967912597,1.0,1.0,-0.5421037974177562,0.0103077784575716,1,0.0,0.9769427749066736,0.0,0.1887664796511045,0.290898,-1.4191715978588444,True,False,False,False,False
-0.960927026222852,0.5770591596300126,-1.3208363963462295,1.0,1.0,1.088341755265735,0.4041527212394904,2,0.0,-0.0130732639852372,0.0,-0.4132260578513127,1.0,-1.4191715978588444,False,False,False,True,False
0.836555181764399,0.9246691011311152,0.9910384216444784,1.0,1.0,-0.769572844107396,0.4041527212394904,1,0.0,0.05242356924591,0.0,-1.188039110061908,0.474216,0.5211595181256249,True,False,False,False,False
1.0594261400927905,1.977125574850112,1.633128353302565,1.0,1.0,0.1509608902872566,0.4041527212394904,1,1.0,-1.4403745358197435,0.0,-0.0765267982021873,1.022505,0.5211595181256249,False,False,False,True,False
1.5423797048717636,1.495171348303311,0.1990472155907147,1.0,1.0,-0.7850187010698834,0.4008281913752352,1,0.0,-1.2215197812135563,0.0,-0.0882896234233345,0.9976,0.5211595181256249,True,False,False,False,False
-0.837359791314438,0.5180235725132994,0.5122764375235991,1.0,1.0,-0.7850187010698834,0.4041527212394904,2,0.0,-0.0130732639852372,0.0,1.163820376321623,0.0,-1.4191715978588444,False,False,False,True,False
-0.2620879620677733,-0.1783004807218853,-0.2124860045754502,1.0,1.0,-0.7850187010698834,0.0912689512075083,1,0.0,-0.6558909766629756,0.0,-0.6788932813629395,1.749586,-1.4191715978588444,False,False,False,True,False
-0.2068889817486715,1.804435494431891,0.321327183995492,1.0,1.0,-2.6583791574055016,0.4041527212394904,2,0.0,-0.0130732639852372,0.0,-1.188039110061908,2.0,2.461490634110094,False,False,False,True,False
-0.9949774937058796,-0.5539863624188602,-0.6334190836450437,1.0,0.0,-0.7850187010698834,0.4041527212394904,1,0.0,-0.0130732639852372,0.0,-1.188039110061908,0.0,-1.4191715978588444,False,False,False,True,False
-0.5221243865315548,0.6252245660065153,-0.3279002780000723,1.0,1.0,1.088341755265735,-2.1670227344876687,1,0.0,-0.0130732639852372,0.0,2.3397501195133885,0.0,0.5211595181256249,False,False,False,False,True
1.4119154345421054,0.3404880071891841,-0.0699725186089253,1.0,1.0,0.3981301955357218,-0.0751490945767043,1,0.0,0.4004688161678326,0.0,1.9761009020097944,0.845774,-1.4191715978588444,True,False,False,False,False
-0.5221243865315548,1.2684305269658112,-0.5570393822338009,1.0,1.0,-2.6583791574055016,0.4041527212394904,2,0.0,1.6187585428550124,0.0,1.163820376321623,0.0,0.5211595181256249,False,False,False,True,False
-0.2068889817486715,0.4108225790200834,0.2640424079370598,0.0,1.0,-0.7850187010698834,0.4041527212394904,2,1.0,-1.6449050708254869,0.0,-0.0121093668701423,1.0,2.461490634110094,True,False,False,False,False
-0.2087797637065593,1.1426837615982688,0.1824418866054035,1.0,1.0,-0.8525252451139375,-1.091980851167219,1,0.0,-0.2490850982085425,0.0,-1.188039110061908,1.667745,0.5211595181256249,False,False,False,True,False
-0.2068889817486715,-0.5539863624188602,-1.0726023667596902,1.0,0.0,-0.7850187010698834,0.4041527212394904,1,0.0,-0.0130732639852372,0.0,-1.188039110061908,0.0,-1.4191715978588444,False,False,False,True,False
-0.3649267353169864,-0.5539863624188602,-0.2515205765888294,1.0,1.0,-0.7850187010698834,0.4041527212394904,1,0.0,-0.0130732639852372,0.0,-0.5679231433574191,2.0,-1.4191715978588444,False,False,False,True,False
-0.5174537011565892,-1.0140715862930445,-0.7204070854055926,1.0,1.0,-0.7850187010698834,1.2927843840197208,0,0.0,1.6187585428550124,0.0,0.2561625410226541,0.3352,0.5211595181256249,False,False,False,True,False
-1.0887436343877384,1.3247110485497493,-1.05680784649471,1.0,1.0,0.3031639339226997,1.54563377833593,1,0.0,-0.0130732639852372,0.0,1.163820376321623,0.453649,-1.4191715978588444,True,False,False,False,False
-0.9908074021537092,0.5407823434319101,-0.2515205765888294,1.0,1.0,-0.7850187010698834,0.1395222009851398,1,0.0,0.6027180503076134,0.0,-1.0689926865801462,0.105895,-1.4191715978588444,False,False,False,True,False
0.8555325107500311,1.2734796937593404,0.0413508198182601,0.0,1.0,1.088341755265735,0.4041527212394904,1,0.0,-1.3599692872013038,0.0,1.163820376321623,0.0,-1.4191715978588444,True,False,False,False,False
0.2278690300815583,0.6954090564465246,1.102632335163913,1.0,1.0,-0.4029243556747575,0.4041527212394904,1,0.0,0.2429121915537928,0.0,0.3282293953341615,1.220767,0.5211595181256249,False,False,False,True,False
-0.3702144939968144,1.5857561878050794,1.3651866040187923,1.0,1.0,1.088341755265735,-0.6008104894473878,1,0.0,-1.0898913321784016,0.0,-0.6844366141723456,0.0,0.5211595181256249,False,False,False,True,False
-0.2478262395022886,0.1673476825982908,-0.4062595885124915,1.0,1.0,-0.7850187010698834,0.4041527212394904,1,0.0,-0.0130732639852372,0.0,-1.188039110061908,2.0,0.5211595181256249,False,False,False,True,False
-0.9539844392856156,1.073839283576924,0.693369425242495,1.0,1.0,-0.7850187010698834,0.4041527212394904,1,0.0,1.6187585428550124,0.0,0.9096525697686684,0.0,-1.4191715978588444,False,False,False,True,False
-0.9120967467865784,0.807348333852139,-1.119348806275309,1.0,1.0,-0.7850187010698834,1.364696304753226,1,0.0,0.9261030549645656,0.0,1.163820376321623,1.84383,-1.4191715978588444,True,False,False,False,False
-0.2339306628594594,0.0936684397704045,-0.4370141044248328,1.0,1.0,0.6874576044935631,0.4041527212394904,1,0.0,0.8455852099514545,0.0,-0.1001653378998281,2.0,0.5211595181256249,False,False,False,True,False
0.3738304305280457,1.263445680768375,1.2123990934661877,1.0,1.0,-0.8305881941702471,0.4041527212394904,1,0.0,0.5710719360775605,0.0,-0.3599070514355117,0.010721,0.5211595181256249,False,False,False,True,False
-0.2359826877268935,0.3325015331739395,0.4527434249541271,1.0,1.0,-0.7850187010698834,0.3959545282989042,1,0.0,0.5199401182420277,0.0,1.44202889054439,1.529423,-1.4191715978588444,False,False,False,True,False
-1.0875575611772432,0.230628429057336,0.4110873106390603,1.0,1.0,-0.7850187010698834,0.4041527212394904,1,0.0,-0.0130732639852372,0.0,-1.188039110061908,0.931721,-1.4191715978588444,False,False,False,True,False
0.4530363207160905,-0.2375826301236317,0.6219883170104095,1.0,1.0,0.4649417228504747,-2.041690786898248,1,0.0,-1.2761796194154775,0.0,-0.9446757459893992,1.003011,-1.4191715978588444,False,False,False,True,False
-0.2333522058916829,1.7737760102928304,1.346185549319016,1.0,1.0,0.7628472493378778,-0.103657002442079,1,0.0,-0.2706203825634132,0.0,0.3227930721313862,0.0,0.5211595181256249,False,False,False,True,False
-0.9949774937058796,-0.0179813949527804,-0.3279002780000723,0.0,1.0,-2.6583791574055016,0.4041527212394904,1,0.0,-0.0130732639852372,0.0,-1.188039110061908,1.0,0.5211595181256249,False,False,False,True,False
-0.2302603770415719,1.626192402550719,1.3424411490268822,1.0,1.0,0.9431769268647444,0.0093345885475787,1,0.0,-0.3238866364022927,0.0,-0.6252450146190448,0.0,0.5211595181256249,False,False,False,True,False
0.1321917747582031,0.6415083969181353,1.0024506183511377,1.0,1.0,-2.1163878769807623,0.4041527212394904,1,0.0,-0.0010825638685752,0.0,0.4302953933242341,0.001518,0.5211595181256249,False,False,False,True,False
4.875690853991353,0.7245891668753769,-0.2327564135329802,0.0,1.0,-0.7850187010698834,0.4041527212394904,1,0.0,-0.0130732639852372,0.0,-0.0121093668701423,0.0,-1.4191715978588444,True,False,False,False,False
-0.7674344314432011,0.4615608092404236,0.0264973356645167,1.0,1.0,0.0440107418350559,0.4041527212394904,1,0.0,1.3342143988644717,0.0,2.3397501195133885,0.0,0.5211595181256249,False,False,False,True,False
0.0424937469750673,0.7317073128433264,1.1885692376634909,1.0,1.0,-1.7668356760726431,0.4033119468654677,1,0.0,0.0186332280216685,0.0,0.0430158676312011,0.460866,0.5211595181256249,False,False,False,True,False
-0.837359791314438,-0.3395843754324283,-0.7097987850562866,0.0,1.0,-0.7850187010698834,0.4041527212394904,1,0.0,-0.0130732639852372,0.0,-0.0121093668701423,0.0,0.5211595181256249,False,False,False,True,False
2.434716722808373,0.9737028355549128,0.5802581525748254,1.0,1.0,-0.1600469192317573,-0.7354243804319831,1,0.0,0.8095918957879787,0.0,2.338551847105077,1.0,0.5211595181256249,True,False,False,False,False
1.252591520522276,0.0178880574700503,0.614863503893217,1.0,1.0,0.5712062213756564,-0.97892369520344,1,0.0,-1.6449050708254869,0.0,0.7193836095310113,0.069367,-1.4191715978588444,False,False,False,True,False
-0.5221243865315548,-0.8755893428985058,-0.6334190836450437,0.0,1.0,-0.7850187010698834,-2.1670227344876687,0,0.0,1.6187585428550124,0.0,-0.0121093668701423,0.0,0.5211595181256249,False,False,False,True,False
0.807978304232319,0.7337762920177466,0.8408128390366093,1.0,1.0,1.088341755265735,0.4041527212394904,1,0.0,-1.37848568271352,0.0,1.0062728371180198,1.604608,0.5211595181256249,True,False,False,False,False
-0.3645066841401131,0.4108225790200834,-0.4424698301169366,1.0,1.0,1.088341755265735,0.4041527212394904,2,0.0,-1.6449050708254869,0.0,-0.0121093668701423,0.0,-1.4191715978588444,True,False,False,False,False
-1.0829923220451771,-0.0179813949527804,-0.1211376766105869,1.0,0.0,-0.6700243428181779,-0.1367056061622682,1,0.0,-0.1611571049605692,0.0,-0.0121093668701423,0.962468,0.5211595181256249,False,False,False,True,False
-0.1313615734990381,-0.2305502449504768,0.1711667532729267,1.0,1.0,-2.2461948963607137,0.4041527212394904,1,0.0,-1.5694263224318978,0.0,-0.575392649086173,0.61599,-1.4191715978588444,True,False,False,False,False
0.0944751195175504,0.8958105936827423,0.0554295846605887,1.0,1.0,-2.0835497415416557,-0.5220540996507371,1,0.0,-0.0130732639852372,0.0,-1.188039110061908,0.739609,0.5211595181256249,False,False,False,True,False
-0.2068889817486715,0.1166201724773015,-0.4241095247322994,1.0,1.0,1.088341755265735,1.245005516113671,1,0.0,-1.2697224609558109,0.0,-0.254951794066417,1.597608,0.5211595181256249,False,False,False,True,False
-0.6829243903342795,0.5540431063270203,-1.206367130777318,1.0,1.0,-0.7850187010698834,1.0403245227850546,1,0.0,1.5806911704650437,0.0,1.1039302745008666,2.0,-1.4191715978588444,False,False,False,True,False
-0.9949774937058796,1.804435494431891,3.3001355390339637,1.0,1.0,1.088341755265735,0.4041527212394904,2,0.0,-0.0130732639852372,0.0,1.163820376321623,1.0,0.5211595181256249,False,False,False,True,False
-0.7314602399024857,-0.0236201672105238,-0.3279002780000723,1.0,0.0,-0.925400840225849,-0.4208114949060242,1,0.0,1.25003472327681,0.0,-1.188039110061908,0.133566,-1.4191715978588444,False,False,False,True,False
-0.5139257441239619,-0.0842316089315862,0.494364290036992,1.0,1.0,-0.7850187010698834,-1.3021423049797174,1,0.0,-0.0130732639852372,0.0,-1.188039110061908,1.946173,-1.4191715978588444,False,False,False,True,False
-0.5221243865315548,-0.5539863624188602,-1.282646545640608,1.0,1.0,-0.7850187010698834,0.4041527212394904,1,0.0,-0.0130732639852372,0.0,-0.0121093668701423,0.0,0.5211595181256249,False,False,False,True,False
0.0205550965969047,1.840540789040404,1.345946366284047,1.0,1.0,0.5678491594379029,-0.0344422447616318,1,0.0,0.600017368667292,0.0,0.3400451373937524,0.0,0.5211595181256249,False,False,False,True,False
-0.408402110932213,1.59001206724676,1.3570237907594207,1.0,1.0,1.088341755265735,-0.8625741490686026,1,0.0,-1.1671275634279574,0.0,-1.016721433565529,0.0,0.5211595181256249,False,False,False,True,False
-0.9994579345140588,0.2004835096870457,-0.0605713230607223,1.0,1.0,-0.7850187010698834,0.4041527212394904,1,0.0,1.2964684973404492,0.0,-0.0121093668701423,0.41758,0.5211595181256249,False,False,False,True,False
-0.4068275100853223,-0.0587070523808519,-0.4272247854239088,1.0,1.0,-0.5805189269353745,0.719311981549791,1,0.0,-0.0591333485651102,0.0,-0.0246506575812825,0.0,0.5211595181256249,False,False,False,True,False
-0.2455611155012211,0.3490426464699435,0.321327183995492,1.0,1.0,-0.7850187010698834,0.4041527212394904,1,0.0,0.4556671588660107,0.0,1.9507278659409455,1.237867,-1.4191715978588444,False,False,False,True,False
-0.8240699395018991,1.602072179014747,-0.9670156403765484,1.0,1.0,1.088341755265735,1.682782848319872,1,0.0,0.8820305415254244,0.0,0.324178317368866,0.267076,0.5211595181256249,True,False,False,False,False
-0.2068889817486715,0.5180235725132994,-0.4424698301169366,0.0,1.0,-0.7850187010698834,0.4041527212394904,1,0.0,-0.0130732639852372,0.0,-0.0121093668701423,0.0,2.461490634110094,False,False,False,True,False
-0.6157388989837134,1.792975708227464,-0.8931205324623629,1.0,1.0,1.088341755265735,1.3035421821264832,1,0.0,1.3342143988644717,0.0,0.8105616740288712,0.071028,0.5211595181256249,True,False,False,False,False
-0.244875163260414,1.6942007128228167,1.3251295751324716,1.0,1.0,0.4403014127682924,-0.1433688073557854,1,0.0,-0.3643903336798745,0.0,0.1884301637445516,0.0,0.5211595181256249,False,False,False,True,False
-0.4103483743213425,-0.4640125685800031,-0.2515205765888294,1.0,1.0,-0.7850187010698834,0.4041527212394904,1,0.0,-0.0130732639852372,0.0,2.2688803616804503,1.692287,-1.4191715978588444,False,False,False,True,False
1.1910113875218564,0.5180235725132994,1.203623371292841,1.0,1.0,-0.5242544189897904,0.4041527212394904,1,0.0,0.0659563504200363,0.0,-0.7552663903940152,0.360986,0.5211595181256249,True,False,False,False,False
0.1083464230342116,0.0892195985404355,-0.5952292329394223,1.0,1.0,-0.7850187010698834,0.4041527212394904,2,0.0,-0.0130732639852372,0.0,-1.188039110061908,0.0,0.5211595181256249,False,False,True,False,False
-0.3352282502146883,0.8884566055291057,0.1241412223283511,1.0,1.0,-0.8225908183821506,-1.3963591727916558,1,0.0,-0.0130732639852372,0.0,-0.9875666074425756,0.819475,0.5211595181256249,False,False,False,True,False
1.4565073739610723,-0.0202004555180883,0.6589893176635653,1.0,1.0,0.294878060624328,-0.341930403099771,1,0.0,-1.6449050708254869,0.0,1.143099318316841,0.0,-1.4191715978588444,False,False,False,True,False
-0.966917917473048,1.6412755823352163,1.0765253713230427,1.0,1.0,-0.7850187010698834,-1.0684417398700368,1,0.0,0.2482956046845583,0.0,-0.0121093668701423,2.0,0.5211595181256249,False,False,False,True,False
0.9834023936983264,0.8865484278449287,0.6219769746247503,1.0,1.0,-0.2767647691032919,0.4041527212394904,1,0.0,-0.3864396450538999,0.0,1.163820376321623,0.413752,0.5211595181256249,True,False,False,False,False
-1.1464389638773165,1.052977970243144,0.3373542422614188,1.0,1.0,-0.7850187010698834,0.4041527212394904,1,0.0,1.6187585428550124,0.0,0.0435003506853962,0.933802,0.5211595181256249,False,False,False,True,False
-0.5221243865315548,-0.6611873559120762,-0.8243683371731508,1.0,0.0,-0.7850187010698834,0.4041527212394904,1,0.0,-1.6449050708254869,0.0,-1.188039110061908,1.0,-1.4191715978588444,False,False,False,True,False
2.1573765541229526,0.5180235725132994,-0.4424698301169366,1.0,0.0,1.088341755265735,0.4041527212394904,2,0.0,-1.6449050708254869,0.0,1.163820376321623,1.0,-1.4191715978588444,True,False,False,False,False
-0.9949774937058796,1.590033507445459,-0.7861784864675294,0.0,1.0,-0.7850187010698834,0.4041527212394904,2,0.0,-1.6449050708254869,0.0,-0.0121093668701423,1.0,0.5211595181256249,False,False,False,True,False
1.10666511120572,1.4333163750577251,0.1708437053258078,1.0,1.0,-0.7850187010698834,0.4041527212394904,1,0.0,-1.3442726970513077,0.0,-1.005089136545876,0.453404,0.5211595181256249,False,False,False,True,False
0.2710734608663744,1.3159420072820045,0.7082650709914173,1.0,1.0,1.088341755265735,0.4041527212394904,1,0.0,0.1674252840011696,0.0,1.0355346728476038,1.58483,0.5211595181256249,False,False,False,True,False
0.2122309897387918,1.5730957504735297,1.1856286955388595,1.0,1.0,-0.5441532537569876,0.4041527212394904,1,0.0,0.8550351479448661,0.0,-0.0082358542960687,0.026575,0.5211595181256249,False,False,False,True,False
1.745914123470773,0.8396265529929473,0.5446473006772048,1.0,1.0,-0.6552566423408841,-1.5548207161281205,1,0.0,1.6187585428550124,0.0,1.2255802064340546,0.092736,2.461490634110094,True,False,False,False,False
0.9134916922734118,1.503286463510749,1.4315335261308628,1.0,1.0,0.0908672335689221,0.4041527212394904,1,0.0,1.0644089597533108,0.0,-0.0186687029776659,0.310394,0.5211595181256249,False,False,False,True,False
1.397994481449191,1.46611987906665,0.3988239003500233,1.0,1.0,-0.7850187010698834,-0.9107194094770936,1,0.0,1.6187585428550124,0.0,-0.0121093668701423,0.0,0.5211595181256249,True,False,False,False,False
-0.0492712793572299,-0.0179813949527804,-0.4424698301169366,1.0,1.0,-0.7850187010698834,0.4041527212394904,1,0.0,-0.0130732639852372,0.0,-0.0121093668701423,0.0,0.5211595181256249,True,False,False,False,False
2.287440948341644,0.8486957570424724,-0.0343062150480802,1.0,1.0,0.9046100551501634,-2.0063538370224623,1,0.0,1.2333525067154822,0.0,-0.1821488077356716,0.999183,0.5211595181256249,True,False,False,False,False
0.1126421358951878,0.5947151632583472,0.9782236262909536,1.0,1.0,-2.163373630586116,0.4041527212394904,1,0.0,-0.0130732639852372,0.0,0.3799867670510038,0.002168,0.5211595181256249,False,False,False,True,False
-0.9949774937058796,2.4476414553911843,-0.0223814723551008,0.0,0.0,1.088341755265735,1.68974044910307,3,0.0,-0.0130732639852372,0.0,1.163820376321623,0.0,0.5211595181256249,False,False,False,False,True
-0.2511188733052461,0.4820576391963255,0.3929523253735862,1.0,1.0,-0.7850187010698834,0.4041527212394904,1,0.0,1.1522031427931232,0.0,1.9176148603024088,1.224737,-1.4191715978588444,False,False,False,True,False
-1.095517255148011,1.125960406613327,-1.0442079836209566,1.0,1.0,0.011116405582259,1.68974044910307,1,0.0,-0.0130732639852372,0.0,1.163820376321623,0.03921,-1.4191715978588444,True,False,False,False,False
1.3692880421657443,1.590033507445459,-0.0605713230607223,0.0,1.0,-0.7850187010698834,0.4041527212394904,2,0.0,-0.0130732639852372,0.0,-0.0121093668701423,0.0,0.5211595181256249,True,False,False,False,False
-0.2068889817486715,-0.0179813949527804,-0.6716089343506652,0.0,1.0,1.088341755265735,-2.1670227344876687,2,0.0,-1.6449050708254869,0.0,1.163820376321623,1.0,0.5211595181256249,False,False,False,True,False
-0.4246778724988557,-0.2398231308876412,-0.4424698301169366,1.0,1.0,-0.7850187010698834,0.4041527212394904,1,0.0,-0.0818207061756102,0.0,-0.0184687949213233,0.117303,0.5211595181256249,False,False,False,True,False
0.9528218799334462,1.5026861379471863,0.268405445620774,1.0,1.0,-0.7006668998024591,0.3348119759617126,1,0.0,-1.143013984818279,0.0,0.508221905546066,0.934493,0.5211595181256249,False,False,False,True,False
-0.9841385971655272,0.9231039666261144,-1.3208363963462295,1.0,1.0,1.088341755265735,0.4041527212394904,1,0.0,-0.0130732639852372,0.0,-0.1833988210526844,1.0,0.5211595181256249,False,False,False,True,False
0.4235818278170949,1.429081935814744,0.4772745991751815,1.0,1.0,0.639872375542182,-2.1670227344876687,1,0.0,-1.0959927513041772,0.0,1.0449209440577605,0.487375,0.5211595181256249,False,False,False,True,False
1.009561415675722,0.7017660753606707,1.2892261125987452,1.0,1.0,-0.5656088510633993,0.4041527212394904,1,0.0,0.3018833293893854,0.0,-0.0205419590585705,1.556052,0.5211595181256249,True,False,False,False,False
-0.837359791314438,-0.1251823884459964,-1.015317590701258,0.0,1.0,-0.7850187010698834,0.4041527212394904,3,0.0,-1.6449050708254869,0.0,-0.0121093668701423,1.0,0.5211595181256249,False,False,False,True,False
-0.9994245195611516,0.5656315337236357,-0.0604611835312875,1.0,1.0,0.6495426622177871,0.4041527212394904,1,0.0,1.36604327825689,0.0,-0.0121093668701423,0.42683,0.5211595181256249,False,False,False,True,False
-0.1182865546148583,0.1688913769045947,-0.4282920771815787,1.0,1.0,-0.7850187010698834,0.4041527212394904,1,0.0,-0.0130732639852372,0.0,-1.045063692235937,1.967259,0.5211595181256249,False,False,False,True,False
0.1083464230342116,1.804435494431891,-0.7861784864675294,0.0,1.0,1.088341755265735,0.4041527212394904,3,0.0,-0.0130732639852372,0.0,1.163820376321623,0.0,2.461490634110094,False,False,False,True,False
2.314994256514394,0.8396265529929473,0.3595170347011134,1.0,0.0,-0.7850187010698834,0.4041527212394904,1,0.0,1.6187585428550124,0.0,-0.0121093668701423,0.0,2.461490634110094,True,False,False,False,False
-0.3645066841401131,-0.2323833819392123,-1.2062668442293651,1.0,1.0,-0.7850187010698834,0.4041527212394904,1,0.0,-0.0130732639852372,0.0,-1.188039110061908,2.0,0.5211595181256249,True,False,False,False,False
0.8777258713352581,0.6058104660848939,0.8453642290640035,1.0,1.0,1.088341755265735,0.4041527212394904,1,0.0,-1.2023881851101617,0.0,1.0988243875559278,0.0,0.5211595181256249,True,False,False,False,False
-0.9949774937058796,0.4108225790200834,-0.8625581878787723,1.0,1.0,1.088341755265735,1.68974044910307,1,0.0,-1.6449050708254869,1.0,1.163820376321623,0.0,0.5211595181256249,False,False,False,True,False
-0.5221243865315548,1.0540285399793792,-0.4424698301169366,1.0,1.0,1.088341755265735,0.4041527212394904,2,0.0,-1.6449050708254869,0.0,1.163820376321623,0.0,0.5211595181256249,False,False,False,True,False
-0.4193215501184875,-0.0160410569705533,-0.4402862490231414,1.0,1.0,-0.623735479302581,1.106536147533213,1,0.0,0.1193025640174506,0.0,1.1563720373282464,0.673835,0.5211595181256249,False,False,False,True,False
1.1088243161107805,1.7843567483506115,1.3972198307023098,1.0,1.0,0.3126618714363219,0.4041527212394904,1,0.0,0.4805656485747796,0.0,-0.4849942260080493,0.111925,0.5211595181256249,False,False,False,True,False
-0.8032544728709777,1.1877296190641184,0.006195801978662,1.0,1.0,-0.7850187010698834,0.4041527212394904,1,0.0,0.2621368020701779,0.0,-0.0379821730798475,0.142638,0.5211595181256249,False,False,False,True,False
-0.3645066841401131,0.4108225790200834,0.2831373332898705,1.0,1.0,-0.7850187010698834,0.4041527212394904,1,0.0,-0.0130732639852372,0.0,-1.188039110061908,0.0,0.5211595181256249,False,False,False,True,False
0.8964349349914197,2.3404404618979684,1.657971958692242,1.0,0.0,-0.7850187010698834,0.4041527212394904,1,1.0,-1.6449050708254869,0.0,-0.0121093668701423,0.0,0.5211595181256249,False,False,False,True,False
-0.5221243865315548,-1.0320599130012045,-0.7011483637831055,0.0,1.0,-0.7850187010698834,-0.990195728401348,0,0.0,1.6187585428550124,0.0,-0.0121093668701423,0.0,0.5211595181256249,False,False,False,True,False
0.1083464230342116,2.0188374814183208,-0.4424698301169366,0.0,0.0,1.088341755265735,0.4041527212394904,2,0.0,-0.0130732639852372,1.0,2.3397501195133885,0.0,-1.4191715978588444,False,False,False,True,False
-0.5221243865315548,-0.9553897624548556,-0.6539095425223391,0.0,1.0,-0.7850187010698834,-1.8332481638779032,0,0.0,1.6187585428550124,0.0,-0.0121093668701423,0.0,0.5211595181256249,False,False,False,True,False
0.0808260569612611,1.0147072155660677,1.3105050773235596,1.0,1.0,-0.4179074926045301,0.4041527212394904,1,0.0,0.8271112420662158,0.0,0.7695570038837745,0.127673,0.5211595181256249,False,False,False,True,False
3.4958438587350376,0.1760202429718926,0.0769456701684341,1.0,1.0,-0.5415399159203993,0.4041527212394904,1,0.0,-0.7179674904269855,0.0,-0.1648308904076865,0.0,-1.4191715978588444,True,False,False,False,False
-0.8119880697604879,-0.4175409379006943,-0.348018538592391,1.0,0.0,-0.7688028929598418,-1.6492252797483269,1,0.0,1.6187585428550124,0.0,-1.0558845977327878,0.32803,0.5211595181256249,False,False,False,True,False
-0.7696278393896807,1.199468127851624,-0.0168476102284536,1.0,1.0,0.4198948973174288,1.4602129017580343,1,0.0,0.6349663104743898,0.0,1.2157553134296877,0.471663,0.5211595181256249,False,False,False,True,False
-0.7192053059238488,-0.2241932260363308,-0.265976848105383,1.0,0.0,-1.0895147096426745,0.4041527212394904,1,0.0,-0.0130732639852372,0.0,0.2166313108457768,1.212762,-1.4191715978588444,False,False,False,True,False
-0.9949774937058796,0.3969078900646637,-1.3877191602535504,1.0,1.0,-1.0262831741599785,0.4041527212394904,1,0.0,-1.181892377616248,0.0,-0.3826695234744747,1.487223,0.5211595181256249,False,False,False,True,False
-0.0492712793572299,0.8396265529929473,-0.8625581878787723,1.0,1.0,1.088341755265735,0.4041527212394904,1,0.0,-0.0130732639852372,0.0,-0.0121093668701423,1.0,2.461490634110094,False,False,False,True,False
-0.9949774937058796,0.9303078733888586,-1.3379227265011782,0.0,1.0,0.8970697793134117,0.4041527212394904,1,0.0,-0.2814361637791505,0.0,0.1790015590636402,1.0,0.5211595181256249,False,False,False,True,False
1.565229858422856,1.5168366690882906,0.2333190549428944,1.0,1.0,-0.7850187010698834,-0.5320971109808073,1,0.0,1.0134191112849735,0.0,-0.0121093668701423,0.075823,0.5211595181256249,True,False,False,False,False
0.7388172325999781,-0.1251823884459964,0.1303779304673848,1.0,0.0,-0.7850187010698834,0.4041527212394904,1,0.0,1.6187585428550124,0.0,-0.0121093668701423,0.0,0.5211595181256249,True,False,False,False,False
-0.6797420889229964,-1.0899913298849375,-1.1680769935237438,0.0,1.0,-0.7850187010698834,0.4041527212394904,1,0.0,-0.0130732639852372,0.0,-0.0121093668701423,0.0,0.5211595181256249,False,False,False,True,False
-0.2266450998018196,0.1250568906652186,-0.410844089140448,1.0,1.0,0.1663505464360534,1.2374629729142956,1,0.0,-1.1883903318710862,0.0,-1.0320767241521271,1.82753,0.5211595181256249,False,False,False,True,False
-0.7575439206181385,1.3161242489709422,0.0408620279190788,1.0,1.0,0.7016070960202663,1.417969774608165,1,0.0,0.6870788592258336,0.0,1.2749951261024592,0.393358,0.5211595181256249,False,False,False,True,False
-0.9949774937058796,1.5407103303392296,-1.015317590701258,1.0,1.0,1.088341755265735,1.68974044910307,1,0.0,-0.0130732639852372,0.0,1.163820376321623,0.0,-1.4191715978588444,True,False,False,False,False
-0.5221243865315548,0.1348121810731009,-0.4424698301169366,1.0,1.0,-0.7850187010698834,0.4041527212394904,1,0.0,-1.511752490882743,0.0,-0.0121093668701423,0.0,0.5211595181256249,False,False,False,True,False
0.0487754428861756,0.5878006991780347,1.1755851085119375,1.0,1.0,-1.8128622691243528,0.4041527212394904,1,0.0,-0.0130732639852372,0.0,0.4401614438696129,0.631217,0.5211595181256249,False,False,False,True,False
-1.2618447541559012,0.547557446220681,-1.3972160977574724,0.0,1.0,-0.2034845281328114,1.122329592770017,1,0.0,-0.3592778046290439,0.0,1.0774977257334022,0.828549,0.5211595181256249,False,False,False,True,False
3.260700470863044,-0.0179813949527804,-0.0223814723551008,0.0,1.0,1.088341755265735,0.4041527212394904,2,0.0,-1.6449050708254869,0.0,-1.188039110061908,0.0,-1.4191715978588444,True,False,False,False,False
1.9745023487180091,0.4413748621656501,0.757495072878124,1.0,1.0,0.2299398937659096,0.2789866144669647,1,0.0,-1.6449050708254869,0.0,0.7745417700651642,0.0,-1.4191715978588444,True,False,False,False,False
0.3208396742194479,1.379029791952761,1.1904139984018256,1.0,1.0,-0.6560678074184777,0.4041527212394904,1,0.0,0.874383777678571,0.0,0.2442350856374603,0.038253,0.5211595181256249,False,False,False,True,False
-0.4897134583888027,0.0310416193716665,-0.2515205765888294,1.0,1.0,-0.7850187010698834,0.4041527212394904,1,0.0,-0.0130732639852372,0.0,2.1607277513396177,1.413375,-1.4191715978588444,False,False,False,True,False
-0.0675215178817299,0.1302239785515902,-0.1005573188247305,1.0,1.0,-0.7850187010698834,-0.0267762851403813,1,0.0,-0.3219170154114366,0.0,-0.2356653703483289,1.0,0.5211595181256249,False,False,False,True,False
-0.2730824272803864,1.5847484984662428,1.3356854408167589,1.0,1.0,1.088341755265735,-0.530725388875177,1,0.0,-0.7309748217593094,0.0,-0.2510935685790049,0.0,0.5211595181256249,False,False,False,True,False
0.9955213035997996,0.6999972589680329,1.213571025414791,1.0,1.0,1.021498380823224,0.4041527212394904,1,0.0,0.6025467079678951,0.0,-0.4648905311184429,1.875023,0.5211595181256249,True,False,False,False,False
1.3692880421657443,1.590033507445459,0.4740865868179777,1.0,1.0,-0.7850187010698834,0.4041527212394904,1,1.0,1.6187585428550124,0.0,-0.0121093668701423,0.0,0.5211595181256249,True,False,False,False,False
0.7630757003219377,0.7716182427208498,0.0184906043249791,0.0,1.0,-1.5423321589853822,1.1995741313987,1,0.0,-1.1971483731783976,0.0,0.580562751487737,0.370067,-1.4191715978588444,True,False,False,False,False
-0.837359791314438,0.6252245660065153,-0.2897104272944509,1.0,1.0,-0.7850187010698834,0.4041527212394904,2,0.0,1.6187585428550124,0.0,-0.0121093668701423,2.0,2.461490634110094,False,False,False,True,False
-0.7993647832113621,1.6630481041136873,0.0781959295008351,1.0,1.0,-0.6968414977506221,1.470034791998912,1,0.0,-0.5988649823411364,0.0,0.6403164454582833,0.248218,0.5211595181256249,False,False,False,True,False
-0.9949774937058796,0.580446711024398,-1.3081889871083474,0.0,1.0,0.3321860341122512,0.4041527212394904,1,0.0,-0.0130732639852372,0.0,-0.856739719793519,1.488372,0.5211595181256249,False,False,False,True,False
-0.4615583658283218,0.8469055004511353,0.1176762152617993,1.0,1.0,-1.195760474563293,-1.561442778514346,1,0.0,-0.0130732639852372,0.0,-0.6382190474756796,0.568668,0.5211595181256249,False,False,False,True,False
2.6302296612972773,1.0540285399793792,0.4740865868179777,0.0,1.0,-0.7850187010698834,0.4041527212394904,1,0.0,-0.0130732639852372,0.0,1.163820376321623,1.0,2.461490634110094,True,False,False,False,False
-0.823238033268677,-0.0162232986594911,0.4819038583081649,1.0,1.0,-0.7850187010698834,-0.7273881715451075,1,0.0,-0.0130732639852372,0.0,-1.188039110061908,1.882539,-1.4191715978588444,False,False,False,True,False
-0.837359791314438,1.0540285399793792,-1.015317590701258,0.0,1.0,-0.7850187010698834,0.4041527212394904,1,0.0,-1.6449050708254869,0.0,-0.0121093668701423,1.0,-1.4191715978588444,False,False,False,True,False
2.418479577578817,0.9467417856913686,0.4367279764028148,1.0,1.0,-0.703791665043627,-0.6123434969540518,1,0.0,1.2692266971570585,0.0,0.2931772815491015,0.669616,0.5211595181256249,True,False,False,False,False
4.83687749477746,-0.5539863624188602,-0.2515205765888294,0.0,1.0,-0.7850187010698834,0.4041527212394904,1,0.0,-0.0130732639852372,0.0,-0.0121093668701423,0.0,-1.4191715978588444,True,False,False,False,False
0.7112781100204428,1.2185499046934176,1.2913401499744055,1.0,1.0,1.02708286834356,0.4041527212394904,1,0.0,0.8518547077533342,0.0,0.0409332960560086,0.947866,0.5211595181256249,True,False,False,False,False
2.077376743567962,1.429489299590018,0.2208252070946996,1.0,1.0,-0.7850187010698834,-1.3022001564274714,1,0.0,1.2380097546922044,0.0,-0.0121093668701423,0.027093,0.5211595181256249,True,False,False,False,False
-0.9949774937058796,1.5280498930076798,0.8634523171928112,1.0,1.0,-0.7850187010698834,-1.4619974254131864,1,0.0,0.2992609756757933,0.0,-0.0121093668701423,1.676944,-1.4191715978588444,False,False,False,True,False
-0.837359791314438,2.0188374814183208,0.0158083783505205,0.0,1.0,-0.7850187010698834,1.68974044910307,2,0.0,-0.0130732639852372,0.0,2.3397501195133885,1.0,2.461490634110094,True,False,False,False,False
-0.739073490163397,1.249413070720113,-0.0287580699172693,1.0,1.0,1.0040330412888068,1.3231332535113969,1,0.0,0.6901124345547497,0.0,1.8057968769520467,0.469735,0.5211595181256249,False,False,False,True,False
-0.5221243865315548,1.590033507445459,1.467022705164135,1.0,1.0,1.088341755265735,-2.1670227344876687,3,0.0,-1.6449050708254869,0.0,-1.188039110061908,0.0,0.5211595181256249,False,False,False,True,False
2.6302296612972773,0.5180235725132994,1.1460122247702789,1.0,1.0,-0.7850187010698834,0.187879583368728,1,0.0,-0.46145821687796,0.0,-0.7690694537196002,0.0,0.5211595181256249,True,False,False,False,False
-0.0043721430363016,0.8004660300698742,-0.1625746193724538,1.0,1.0,-0.8039302748765913,0.4747302019114728,1,0.0,0.119052893751004,0.0,0.1143536455019296,0.939726,-1.4191715978588444,False,False,False,True,False
-0.2068889817486715,0.7788435896822932,0.1303779304673848,1.0,1.0,-0.5668995964178144,0.4041527212394904,1,0.0,-1.641164912324209,0.0,-1.188039110061908,1.066708,0.5211595181256249,False,False,False,True,False
-0.9949774937058796,-0.0179813949527804,0.1303779304673848,0.0,1.0,1.088341755265735,0.4041527212394904,1,0.0,-0.0130732639852372,0.0,1.163820376321623,0.0,0.5211595181256249,False,False,False,True,False
-0.4189163150056386,0.581679522449571,1.1352278310193689,1.0,1.0,-1.159462242361334,0.4041527212394904,1,0.0,-0.0130732639852372,0.0,0.7987235893041597,0.764452,0.5211595181256249,False,False,False,True,False
-0.0492228907225958,-1.0048844611506744,0.5358868926339919,1.0,1.0,0.8593103259555117,-1.766180337702988,1,0.0,-1.6441495326989195,0.0,-0.9737270902949516,1.4312,-1.4191715978588444,False,False,False,True,False
4.840422947375053,-0.3032003582408296,-0.2362329502122649,1.0,1.0,-0.7850187010698834,0.4041527212394904,1,0.0,-0.0130732639852372,0.0,-0.0121093668701423,0.0,-1.4191715978588444,True,False,False,False,False
-0.2106421744780165,1.3297280550452308,1.3233110508215713,1.0,1.0,-0.0407625655350435,0.2664919873398585,1,0.0,-0.0392266323534659,0.0,0.998798627670293,0.0026,0.5211595181256249,False,False,False,True,False
-0.9949774937058796,0.8396265529929473,-0.8472822475965235,1.0,1.0,1.088341755265735,0.4041527212394904,2,0.0,-0.0130732639852372,0.0,2.3397501195133885,2.0,-1.4191715978588444,False,False,False,False,True
1.0854596983790823,1.5776517926969924,1.4699962815096264,1.0,1.0,0.144524023759287,0.4041527212394904,1,1.0,-0.5644414903758411,0.0,-0.0210805348809523,0.217632,0.5211595181256249,False,False,False,True,False
-0.8137634755602251,-0.0199324530343559,-0.3279002780000723,1.0,0.0,-2.47768417458965,-0.2498064721087943,1,0.0,0.7213636454875472,0.0,-1.188039110061908,0.726118,0.5211595181256249,False,False,False,True,False
-0.2068889817486715,-0.0010007575834547,-0.4388964439762622,1.0,1.0,1.088341755265735,0.6677097757410749,1,0.0,1.0369582850986443,0.0,-0.0144153650965414,1.898139,0.5211595181256249,False,False,False,True,False
1.3770303813249145,0.0757337135589891,-0.1368883167371063,1.0,1.0,-0.7850187010698834,-1.947152522154344,1,0.0,0.6480992928558402,0.0,1.516930911466733,0.0,-1.4191715978588444,True,False,False,False,False
2.625975086656626,0.5116451134004542,0.8906912282085958,1.0,1.0,-0.454713405490156,0.3869734124320493,1,0.0,-1.6193310027486865,0.0,-0.0810070905237479,0.0,-1.4191715978588444,True,False,False,False,False
-0.1557089376051466,0.7268939882354818,0.3625134867671779,1.0,1.0,-0.7850187010698834,0.4041527212394904,1,0.0,1.6187585428550124,0.0,2.3397501195133885,2.0,-1.4191715978588444,False,False,False,True,False
-0.7293916651763007,1.4642438616805182,0.1111648075266401,1.0,1.0,-0.4971974739189351,1.3235382136456737,1,0.0,1.1346544235423632,0.0,1.163820376321623,0.226097,0.5211595181256249,False,False,False,True,False
0.2659641254256533,1.590033507445459,0.7032256910517063,1.0,1.0,1.088341755265735,0.4041527212394904,2,0.0,1.6187585428550124,0.0,1.163820376321623,2.0,0.5211595181256249,False,False,False,True,False
0.1951159139069144,0.7617986317168721,1.056645186260023,1.0,1.0,-0.4566635737252011,0.4041527212394904,1,0.0,0.1960884096883183,0.0,0.3482848771042971,0.079334,0.5211595181256249,False,False,False,True,False
0.2659641254256533,-0.0179813949527804,-0.6334190836450437,0.0,1.0,-0.7850187010698834,0.4041527212394904,1,1.0,-1.6449050708254869,0.0,-1.188039110061908,0.0,0.5211595181256249,False,False,False,True,False
-0.5221243865315548,-0.9027219143516394,-0.6765815966211932,0.0,1.0,-2.271949855914416,0.4041527212394904,0,0.0,0.6503332705994044,0.0,-0.0710940027886413,0.479221,0.5211595181256249,False,False,False,True,False
0.2548908513618452,0.7586790828062191,0.7032256910517063,1.0,1.0,1.088341755265735,0.4041527212394904,1,0.0,0.0604717637172456,0.0,0.8415344875347993,1.619596,0.5211595181256249,False,False,False,True,False
1.3692880421657443,1.375631520459027,1.0087444966966777,1.0,1.0,-0.7850187010698834,-2.1670227344876687,3,0.0,-0.0130732639852372,0.0,-0.0121093668701423,2.0,2.461490634110094,True,False,False,False,False
-0.9949774937058796,0.7008870272140272,-1.353954291169488,1.0,1.0,0.5431282948560985,0.4041527212394904,1,0.0,-0.2203093761267217,0.0,0.2432790547562451,1.0,0.5211595181256249,False,False,False,True,False
-0.9949774937058796,0.44104253908582,-0.0007985546085205,1.0,1.0,1.088341755265735,0.4041527212394904,1,0.0,-0.0130732639852372,0.0,1.2118171247197382,0.860321,0.5211595181256249,False,False,False,True,False
0.0543778064999772,0.076355479321251,-0.1170879866519124,1.0,1.0,0.5068075823286632,0.036622473659211,1,0.0,0.4425570221298563,0.0,-0.0466099696056455,0.828549,0.5211595181256249,False,False,False,True,False
-0.2216511405192494,0.5812935988729963,1.2768815870668095,1.0,1.0,1.0350896109339387,0.1565742366075223,1,0.0,-0.074028709297948,0.0,0.6744360469569923,0.504816,0.5211595181256249,False,False,False,True,False
0.2659641254256533,0.4647768390452196,-0.2515205765888294,1.0,1.0,-0.3779992948032123,-1.918147091838286,1,0.0,-0.0130732639852372,0.0,1.163820376321623,0.0,0.5211595181256249,False,False,False,True,False
0.308776403366919,-0.4365476740470417,0.1303779304673848,1.0,1.0,-0.7850187010698834,0.4041527212394904,1,0.0,1.6187585428550124,0.0,-0.4010152033980094,0.505266,0.5211595181256249,True,False,False,False,False
-0.3964419220570477,0.7922865942663434,0.6499850674235966,1.0,1.0,-0.5566392011984643,0.4041527212394904,1,0.0,0.8037499379194908,0.0,0.2319901292216044,0.0,-1.4191715978588444,False,False,False,True,False
-0.7619345193359545,1.097970227212247,-0.0530754573540734,1.0,1.0,0.0766821481935493,0.8007051117762903,1,0.0,0.1142275670981775,0.0,0.9046995536903448,0.871772,0.5211595181256249,False,False,False,True,False
-0.4882969480974107,2.4521010167205017,1.221099505253942,1.0,1.0,-0.7850187010698834,0.4041527212394904,1,0.0,1.6187585428550124,0.0,-0.3270398151133018,1.0,0.5211595181256249,False,False,False,True,False
0.9664299618871136,0.6366736321115916,1.2138479782121077,1.0,1.0,0.2851834202627905,0.4041527212394904,1,0.0,0.3527246811633005,0.0,0.0092431654067335,1.152899,0.5211595181256249,True,False,False,False,False
-0.6506693460991927,-0.0042167873882508,0.6871193124658639,1.0,1.0,0.4396363698062935,-1.8257467594858192,1,0.0,-1.043645218772549,0.0,-0.9312677950575268,0.768071,-1.4191715978588444,False,False,False,True,False
-0.3445956278855141,0.16706896001521,0.458014617287621,1.0,1.0,-0.7850187010698834,0.3842556799753455,1,0.0,0.4169976405393175,0.0,2.1276841255559287,2.0,-1.4191715978588444,False,False,False,True,False
-0.1825668364749458,0.229352737234767,-0.162214985548359,1.0,1.0,-0.1931641853788585,-0.0349037707559348,1,0.0,-0.7172478526001691,0.0,-0.0709340763435671,0.544899,0.5211595181256249,False,False,False,True,False
0.399121451818372,-0.1089950384285195,0.6113859742778137,1.0,1.0,0.4895689194094634,-2.0525437184968727,1,0.0,-1.0472662535519277,0.0,-0.9748148253074042,1.041677,-1.4191715978588444,False,False,False,True,False
0.5122299640846016,2.2183170901104985,1.61321811282704,1.0,1.0,-0.3985893995787974,0.4041527212394904,1,0.0,-0.3180920016562028,0.0,1.1048357404031242,0.0,0.5211595181256249,False,False,False,True,False
-0.3365927466642915,0.4253268734397148,0.3877016791797721,1.0,1.0,-0.7850187010698834,0.4041527212394904,1,0.0,1.1253921462067382,0.0,1.8869101587779284,1.229474,-1.4191715978588444,False,False,False,True,False
-1.1525951960973213,-0.4467853689256443,-1.1680769935237438,1.0,1.0,-2.6583791574055016,0.4041527212394904,3,0.0,-0.0130732639852372,0.0,-0.0121093668701423,1.0,0.5211595181256249,False,False,False,True,False
0.7388172325999781,-0.8755893428985058,0.0921880797617634,1.0,1.0,-2.6583791574055016,0.4041527212394904,1,0.0,-1.6449050708254869,0.0,-1.188039110061908,0.0,0.5211595181256249,False,False,False,True,False
1.683551733813384,0.5443521365152334,-0.0688296491367088,1.0,1.0,0.3982894311745101,0.3811664126652897,1,0.0,1.257449767007092,0.0,1.9490345271107492,0.905181,-1.4191715978588444,True,False,False,False,False
1.927709435702847,0.5180235725132994,1.2544826285903512,1.0,1.0,0.5823283624049215,0.4041527212394904,1,0.0,0.0360187640917448,0.0,-0.4911749127382653,0.754417,0.5211595181256249,True,False,False,False,False
-0.5221243865315548,-0.5539863624188602,-1.015317590701258,0.0,0.0,1.088341755265735,-2.1670227344876687,2,0.0,-1.6449050708254869,0.0,-1.188039110061908,0.0,0.5211595181256249,False,False,True,False,False
0.9346725167384764,0.6227803833548688,1.214296059730437,1.0,1.0,-0.1995411043722253,0.4041527212394904,1,0.0,0.3264587164003997,0.0,0.0781079630275297,1.035711,0.5211595181256249,True,False,False,False,False
0.4235818278170949,-0.6611873559120762,-0.3279002780000723,1.0,1.0,-0.7850187010698834,-2.1670227344876687,1,0.0,-0.0130732639852372,0.0,-1.188039110061908,0.0,2.461490634110094,True,False,False,False,False
-1.1525951960973213,1.0540285399793792,-1.0916972921125008,0.0,1.0,-0.7850187010698834,0.4041527212394904,2,0.0,-0.0130732639852372,0.0,1.163820376321623,1.0,-1.4191715978588444,False,False,False,False,True
-0.9949774937058796,0.0520208537982911,-1.354376670918292,1.0,1.0,-0.7850187010698834,0.4041527212394904,1,0.0,-0.0130732639852372,0.0,-1.188039110061908,1.329237,0.5211595181256249,False,False,False,True,False
-0.516211516044042,-0.6977214544945627,-0.6334190836450437,0.0,1.0,-0.7850187010698834,-2.1670227344876687,0,0.0,1.4256753079742532,0.0,-0.1112414201509513,0.0,0.5211595181256249,False,False,False,True,False
-0.4115330289725164,2.0839406447667503,0.1504069795684552,1.0,1.0,0.0161969591398409,1.323741336506676,1,0.0,1.416568054660278,0.0,0.9471764878739178,0.426465,0.5211595181256249,False,False,False,True,False
1.0454418246835144,0.6214403709362043,1.276432130713855,1.0,1.0,0.6511219050824775,0.4041527212394904,1,0.0,0.2699141124615786,0.0,0.0929529001055828,1.198439,0.5211595181256249,True,False,False,False,False
-0.9954489282537328,0.4392737226931822,-0.0605713230607223,1.0,0.0,-0.7850187010698834,0.4041527212394904,1,0.0,1.5799682689746128,0.0,-0.0121093668701423,0.121992,0.5211595181256249,False,False,False,True,False
0.1083464230342116,-0.0179813949527804,-0.1369510244719651,1.0,1.0,-0.7850187010698834,0.4041527212394904,2,0.0,-0.0130732639852372,0.0,-1.188039110061908,1.0,0.5211595181256249,False,False,False,True,False
0.3768812787755348,1.08480594521128,-0.0311646415493344,1.0,1.0,0.8487782934699925,0.4707513078937355,1,0.0,0.1695499290136755,0.0,-0.1958966023633265,0.153559,0.5211595181256249,True,False,False,False,False
-1.1525951960973213,-0.3395843754324283,-1.015317590701258,0.0,0.0,-0.7850187010698834,1.68974044910307,3,0.0,-0.0130732639852372,0.0,-1.188039110061908,2.0,-1.4191715978588444,False,False,False,True,False
0.0054873171013904,0.9381764263112607,0.1072191849111384,1.0,1.0,-1.681226849939018,-0.6564982930552545,1,0.0,-0.0130732639852372,0.0,-1.188039110061908,0.632467,0.5211595181256249,False,False,False,True,False
-1.0931526743767348,1.1745010164670535,-1.059972601232834,1.0,1.0,0.1216484192269732,1.3847707571238157,1,0.0,-0.0130732639852372,0.0,1.163820376321623,0.930051,-1.4191715978588444,True,False,False,False,False
-0.8016886986154216,1.2068435562039574,-0.0508088133349938,1.0,1.0,1.0346718515521758,0.9057157741513712,1,0.0,0.2052119813203627,0.0,1.538344592090255,0.678618,0.5211595181256249,False,False,False,True,False
-0.0384051149543637,0.0561159317497306,-0.0321684999649823,1.0,1.0,-0.7850187010698834,0.3966937412424258,1,0.0,1.206397908930095,0.0,-1.188039110061908,0.799756,0.5211595181256249,False,False,False,True,False
2.2399124335094216,0.6877870658091556,1.2200583353541548,1.0,1.0,-0.451755369329602,0.3882782839758312,1,0.0,-0.4290353507078509,0.0,-0.4159847890288405,0.0,0.5211595181256249,True,False,False,False,False
0.0691801577846648,0.3608990763502938,-0.1240535099018119,1.0,1.0,0.3527386716787094,0.4041527212394904,1,0.0,-0.0130732639852372,0.0,-0.6576842125147329,0.630866,0.5211595181256249,False,False,False,True,False
2.0131156910675663,0.5180235725132994,1.2025125431053665,1.0,1.0,-0.5340558408973382,0.4041527212394904,1,0.0,0.0005704817517538,0.0,-0.9504671999746188,0.200516,0.5211595181256249,True,False,False,False,False
0.9785307457528116,0.8830322352583501,1.3006745132838733,1.0,1.0,0.1499904895708747,0.4041527212394904,1,0.0,0.0537535121684844,0.0,-0.2017409731869896,0.489854,0.5211595181256249,True,False,False,False,False
-0.2068889817486715,1.0540285399793792,-0.3660901287056937,1.0,0.0,-0.7850187010698834,0.4041527212394904,1,0.0,-0.0130732639852372,0.0,1.163820376321623,1.0,2.461490634110094,False,False,False,True,False
1.6125808957221852,0.6808404414307955,-0.0605713230607223,1.0,1.0,0.5156198699152664,0.4041527212394904,1,0.0,1.0538689581129297,0.0,1.1236270976993286,0.891189,-1.4191715978588444,True,False,False,False,False
-0.3704290116897691,-0.0572598389686935,-0.4424698301169366,1.0,1.0,-0.7850187010698834,0.4041527212394904,1,0.0,-0.2976174079757784,0.0,-0.3653680691628942,0.142056,0.5211595181256249,False,False,False,True,False
-0.762406269119212,1.6675505458404034,0.0592981019675161,1.0,1.0,-0.6689602740789795,1.68974044910307,1,0.0,0.6828458875188896,0.0,1.163820376321623,0.160138,0.5211595181256249,False,False,False,True,False
-0.9949774937058796,0.2162956562272939,-1.3011952797486268,1.0,1.0,-0.1481136131248994,0.4041527212394904,1,0.0,-0.0130732639852372,0.0,-1.155779829416928,1.884138,0.5211595181256249,False,False,False,True,False
1.323208979724714,-0.0678620172251739,0.6196168036612921,1.0,1.0,0.7044639707161782,-0.7144255904850593,1,0.0,-1.6449050708254869,0.0,1.1512567429453624,0.0,-1.4191715978588444,False,False,False,True,False
-0.6137267513949844,1.4471238630196532,0.7130612197719841,1.0,1.0,-0.7850187010698834,0.4041527212394904,1,0.0,1.281793433901535,0.0,1.421807602680465,0.202902,-1.4191715978588444,False,False,False,True,False
-1.1244631157213896,0.9070559779001792,0.3319207430624259,1.0,1.0,-0.7850187010698834,0.4041527212394904,1,0.0,1.6187585428550124,0.0,0.0729315202979998,0.651904,0.5211595181256249,False,False,False,True,False
1.3985515024094426,1.4400271572504006,0.4136097884680174,1.0,1.0,-0.7850187010698834,-1.235116903199822,1,0.0,1.6187585428550124,0.0,-0.0121093668701423,0.0,0.5211595181256249,True,False,False,False,False
1.143459702887383,0.5536893430484932,1.2098404116587615,1.0,1.0,-0.3488329458585236,0.4041527212394904,1,0.0,0.2258236488725617,0.0,-0.145204622993816,0.47787,0.5211595181256249,True,False,False,False,False
-0.3207111869713297,2.6342355046654764,1.1574215954279865,1.0,1.0,-0.7850187010698834,0.4041527212394904,1,0.0,1.6187585428550124,0.0,-0.0412877115879596,1.0,0.5211595181256249,False,False,False,True,False
-0.837359791314438,0.4108225790200834,-0.480659680822558,1.0,0.0,1.088341755265735,-2.1670227344876687,1,0.0,1.6187585428550124,0.0,2.3397501195133885,1.0,0.5211595181256249,False,False,False,False,True
-0.837359791314438,1.590033507445459,1.0851241981079205,0.0,0.0,-0.7850187010698834,0.4041527212394904,1,0.0,1.6187585428550124,1.0,-0.0121093668701423,2.0,-1.4191715978588444,False,False,False,True,False
-0.1917020432701489,0.2841431650091506,0.4343652849092099,1.0,1.0,-0.7850187010698834,0.3863756141385926,1,0.0,0.5812529347204366,0.0,1.7428505337287346,1.632506,-1.4191715978588444,False,False,False,True,False
-1.043987614940582,0.1278012360986453,-0.1260381600632817,1.0,1.0,-0.7663750178084309,0.0391820788253872,1,0.0,-0.5668941335815221,0.0,-0.0121093668701423,0.60473,0.5211595181256249,False,False,False,True,False
-0.0796629671146453,0.2947989437623756,-0.1550056582915545,1.0,1.0,0.6065059524543883,0.3239410461348979,1,0.0,-0.0217709275156958,0.0,-0.0121093668701423,0.023564,0.5211595181256249,False,False,False,True,False
0.9875291403823389,0.8820031057208142,1.2995052546248196,1.0,1.0,-0.1443312983635582,0.4041527212394904,1,0.0,0.4762771945864033,0.0,-0.5233542301607079,0.921991,0.5211595181256249,True,False,False,False,False
-0.3645066841401131,1.4828325139522431,-0.0987611737663437,1.0,1.0,1.088341755265735,0.4041527212394904,2,0.0,-0.0130732639852372,1.0,2.3397501195133885,0.0,0.5211595181256249,False,False,False,True,False
1.0071706703658487,1.7184602976503305,1.5211916858730474,1.0,1.0,0.9519367603585696,0.4041527212394904,1,0.0,-0.8146355748323951,0.0,-0.1264379602222185,1.015467,0.5211595181256249,False,False,False,True,False
-0.2068889817486715,-0.5539863624188602,-0.7861784864675294,0.0,0.0,1.088341755265735,0.4041527212394904,1,0.0,-0.0130732639852372,0.0,2.3397501195133885,0.0,-1.4191715978588444,False,False,False,True,False
-0.2779417810451143,-0.7770287494808439,-0.6334190836450437,0.0,1.0,-0.7850187010698834,-2.1670227344876687,0,0.0,1.2977951765994102,0.0,-0.8995200438508355,0.0,0.5211595181256249,False,False,False,True,False
-0.2068889817486715,1.9414276440168703,-0.8585059392001,1.0,1.0,1.088341755265735,0.4041527212394904,1,0.0,1.3638288824950084,0.0,0.5627356565809497,0.009254,0.5211595181256249,True,False,False,False,False
0.4078020891598778,1.1925215034732637,1.2700182980472488,1.0,1.0,-0.1331979171715552,0.4041527212394904,1,0.0,1.1792458594960795,0.0,-0.3773872470680573,0.188693,0.5211595181256249,False,False,False,True,False
0.9462080835233988,-0.0011937193717432,0.6552414420950168,1.0,1.0,0.2949548684030376,-0.6408436912930594,1,0.0,-1.0230629241928728,0.0,1.0794768154911938,0.413663,-1.4191715978588444,False,False,False,True,False
0.1083464230342116,-0.0179813949527804,-0.7097987850562866,0.0,1.0,-0.7850187010698834,0.4041527212394904,2,0.0,-0.0130732639852372,0.0,-1.188039110061908,1.0,-1.4191715978588444,False,False,False,True,False
-0.7854181384329576,0.7038564947337902,-1.1795149683796295,1.0,1.0,-0.7850187010698834,1.68974044910307,1,0.0,0.2437689032523841,0.0,1.163820376321623,1.679149,-1.4191715978588444,True,False,False,False,False
-0.9949774937058796,-0.0179813949527804,-1.3972160977574724,0.0,1.0,-2.6583791574055016,0.4041527212394904,2,0.0,-1.6449050708254869,0.0,1.163820376321623,1.0,0.5211595181256249,False,False,False,True,False
-1.078606767093838,1.0395028053610484,-1.030107870652083,1.0,1.0,-0.1554871598810371,1.68974044910307,1,0.0,-0.0130732639852372,0.0,1.163820376321623,0.133005,-1.4191715978588444,True,False,False,False,False
1.6563795452450163,1.1125495623273245,0.1356740989632401,1.0,1.0,-0.7850187010698834,-1.1257866660591196,1,0.0,0.2722280499636776,0.0,-0.787147021661687,0.020153,0.5211595181256249,True,False,False,False,False
-1.0375464099146532,0.334302509864625,-1.35075955739856,0.0,1.0,-0.6889471567876234,-0.0511278878815733,1,0.0,0.570339243596289,0.0,-0.8454801925024578,0.897942,0.5211595181256249,False,False,False,True,False
-0.6797420889229964,0.7324255594997313,-0.6334190836450437,1.0,1.0,-2.6583791574055016,-2.1670227344876687,1,0.0,-0.0130732639852372,0.0,-0.0121093668701423,1.0,0.5211595181256249,False,False,False,True,False
1.1168287735090272,2.335541376495329,0.5712640608351442,1.0,1.0,-0.7850187010698834,-2.160092131046756,1,0.0,-0.0099140376071942,0.0,-0.0121093668701423,0.0,0.5211595181256249,False,False,False,True,False
-0.1552162246674707,0.5656100935249389,1.2547332303906815,1.0,1.0,-0.9846664716224828,0.4041527212394904,1,0.0,-0.0130732639852372,0.0,1.0666685887283491,0.93648,0.5211595181256249,False,False,False,True,False
1.3528385858910668,0.8814456605546501,0.6563045329691094,1.0,1.0,0.9056310365988658,-1.2224217243871691,1,0.0,0.9664141960889406,0.0,1.297866959607539,0.584755,0.5211595181256249,True,False,False,False,False
-0.2068889817486715,1.2684305269658112,0.7796053924629491,0.0,1.0,-0.7850187010698834,0.4041527212394904,1,0.0,1.6187585428550124,0.0,-1.188039110061908,1.0,0.5211595181256249,False,False,False,True,False
-1.1525951960973213,1.5337422657621702,-1.0415339684643996,1.0,1.0,0.0259328134314169,0.4041527212394904,1,0.0,-0.0130732639852372,0.0,1.9845593646525723,1.0,-1.4191715978588444,True,False,False,False,False
-0.048091038001723,-0.9007279758726654,0.5482267208142907,1.0,1.0,0.8467082301657417,-1.0942357720418916,1,0.0,-1.6178411403090411,0.0,-0.9103221344717952,0.974939,-1.4191715978588444,False,False,False,True,False
0.2659641254256533,-0.0179813949527804,-0.5570393822338009,0.0,1.0,-0.7850187010698834,0.4041527212394904,3,0.0,-0.0130732639852372,0.0,-1.188039110061908,0.0,0.5211595181256249,False,False,False,True,False
-0.3645066841401131,-0.0179813949527804,-0.6334190836450437,1.0,1.0,-0.7850187010698834,0.4041527212394904,1,0.0,-1.6449050708254869,0.0,-1.188039110061908,1.0,0.5211595181256249,True,False,False,False,False
-0.3115130907128722,0.900924081072367,0.7053523310780992,1.0,1.0,-0.3097340397743428,0.4041527212394904,1,0.0,0.8427115541396086,0.0,-0.5034598507653897,0.175694,0.5211595181256249,False,False,False,True,False
-0.0492712793572299,-0.0179813949527804,-0.7097987850562866,0.0,1.0,1.088341755265735,0.4041527212394904,1,0.0,-0.0130732639852372,0.0,-1.188039110061908,0.0,0.5211595181256249,False,False,True,False,False
0.1579312184118331,0.9232647681163528,1.0899995908287017,1.0,1.0,-1.556629645988136,0.4041527212394904,1,0.0,0.1761653751586059,0.0,0.6241532911381126,0.0,-1.4191715978588444,True,False,False,False,False
0.2683990036921961,1.374634551219539,0.7198830728035291,1.0,1.0,1.088341755265735,0.4041527212394904,1,0.0,0.3539485550184307,0.0,0.9069843851813666,1.59405,0.5211595181256249,False,False,False,True,False
-0.6384580722241179,1.1348366488745658,-0.0484985565064077,1.0,1.0,-0.7850187010698834,0.4041527212394904,1,0.0,-0.06527393165425,0.0,0.0733360401296577,0.776758,0.5211595181256249,False,False,False,True,False
0.1303287335159362,0.7022591999307394,0.9791867743257494,1.0,1.0,-1.8272178303012527,0.4041527212394904,1,0.0,-0.00949302500103,0.0,0.441977079393101,0.001337,0.5211595181256249,False,False,False,True,False
-0.9949774937058796,1.0540285399793792,-0.5570393822338009,1.0,1.0,-0.7850187010698834,0.4041527212394904,1,0.0,-0.0130732639852372,0.0,2.3397501195133885,0.0,0.5211595181256249,True,False,False,False,False
-0.079724753253983,0.3303360731053762,-0.0774589896123004,1.0,1.0,1.0737389105085986,0.4041527212394904,1,0.0,0.6621999514987473,0.0,-0.6491845923309428,0.688293,0.5211595181256249,False,False,False,True,False
-0.9949774937058796,0.9468275464861632,-1.3208363963462295,0.0,0.0,1.088341755265735,0.4041527212394904,1,0.0,-0.0130732639852372,0.0,-0.0121093668701423,1.0,0.5211595181256249,False,False,False,True,False
-1.1525951960973213,0.4108225790200834,-1.1680769935237438,1.0,1.0,-0.7850187010698834,0.4041527212394904,1,0.0,-0.0130732639852372,0.0,1.163820376321623,1.0,-1.4191715978588444,False,False,False,True,False
-0.3645066841401131,0.1964205920336515,-0.7097987850562866,1.0,1.0,-0.7850187010698834,0.4041527212394904,1,0.0,-0.0130732639852372,0.0,-0.0121093668701423,1.0,-1.4191715978588444,False,False,False,True,False
2.2753229841463845,0.8617849983479955,0.649238303082899,1.0,1.0,0.7997711839322527,-0.9737144937301369,1,0.0,1.0350082460894705,0.0,2.339653693274447,1.0,2.461490634110094,True,False,False,False,False
1.3803436630468846,0.0830877017126234,-0.1364151062970132,1.0,1.0,-0.7850187010698834,-2.1096495253685728,1,0.0,0.0040772883046538,0.0,2.111385739315291,0.0,-1.4191715978588444,True,False,False,False,False
0.02529166617147,-0.5137752697595543,0.1763872676745342,1.0,1.0,-1.7351234302677936,0.4041527212394904,1,0.0,-1.6361470295181753,0.0,-0.1029628747588813,0.733221,-1.4191715978588444,True,False,False,False,False
-0.2602337474168404,-0.4433120567364642,0.2903615927783007,1.0,1.0,-0.7850187010698834,0.4041527212394904,1,0.0,-0.0130732639852372,0.0,-1.188039110061908,0.105936,-1.4191715978588444,False,False,False,True,False
-0.3645066841401131,-0.9827903363917218,-0.747988635761908,1.0,0.0,-0.7850187010698834,1.68974044910307,1,0.0,1.6187585428550124,1.0,1.163820376321623,2.0,0.5211595181256249,False,False,False,True,False
-0.413595614226011,1.12938011830576,0.7298194991093715,1.0,1.0,-0.68159234363605,0.4041527212394904,1,0.0,1.4324882057678114,0.0,-0.1257406338845058,0.14451,0.5211595181256249,False,False,False,True,False
0.9836128133310192,0.8444291575014434,0.0704944878278381,1.0,1.0,-0.7850187010698834,-1.937277922816624,1,0.0,-0.3536594077180932,0.0,-0.1375081628246258,0.276364,0.5211595181256249,False,False,False,True,False
-0.837359791314438,1.0540285399793792,-0.6334190836450437,0.0,1.0,1.088341755265735,0.4041527212394904,2,0.0,-1.6449050708254869,0.0,1.163820376321623,0.0,-1.4191715978588444,False,False,False,True,False
-0.5221243865315548,0.9468275464861632,0.7032256910517063,1.0,1.0,-0.7850187010698834,0.4041527212394904,3,0.0,-1.6449050708254869,0.0,-1.188039110061908,0.0,0.5211595181256249,False,False,False,True,False
-0.2243689425615845,0.9739815581379936,1.129339108799965,1.0,1.0,-0.7913019520404332,0.4041527212394904,1,0.0,-0.0130732639852372,0.0,0.6940787773872676,0.739684,0.5211595181256249,False,False,False,True,False
-0.3645066841401131,0.5180235725132994,-0.6334190836450437,0.0,0.0,-0.7850187010698834,0.4041527212394904,1,0.0,1.6187585428550124,0.0,-0.0121093668701423,1.0,-1.4191715978588444,False,False,False,True,False
-0.6797420889229964,1.375631520459027,-0.7861784864675294,0.0,0.0,-0.7850187010698834,0.4041527212394904,1,0.0,-0.0130732639852372,0.0,-0.0121093668701423,1.0,-1.4191715978588444,False,False,False,True,False
0.2659641254256533,1.375631520459027,-0.1751408751775865,0.0,1.0,-0.7850187010698834,0.4041527212394904,3,0.0,-0.0130732639852372,0.0,-0.0121093668701423,1.0,0.5211595181256249,False,False,False,True,False
1.396736692184107,0.5196315874156987,1.211134856648428,1.0,1.0,-0.3755039786753731,0.4041527212394904,1,0.0,0.1571871712450541,0.0,-0.2872686952688131,0.262118,0.5211595181256249,True,False,False,False,False
2.1573765541229526,-0.0179813949527804,-0.3279002780000723,0.0,1.0,1.088341755265735,0.4041527212394904,2,0.0,-0.0130732639852372,0.0,-1.188039110061908,0.0,2.461490634110094,True,False,False,False,False
-0.5356218208581434,-0.6102561639034475,0.5530627397989943,1.0,1.0,0.7174013980276316,-1.7259157300663008,1,0.0,-1.4344934139878915,0.0,-0.9128868372416964,0.81998,-1.4191715978588444,False,False,False,True,False
-0.0191826904415135,-0.0179813949527804,-0.0663246622593747,1.0,1.0,-0.7850187010698834,0.4041527212394904,1,0.0,0.0783958042835791,0.0,-1.188039110061908,1.0,0.5211595181256249,False,False,False,True,False
2.404679359645934,0.8962929981534602,0.5287601318344128,1.0,1.0,0.8481169972289059,-1.1479437705488484,1,0.0,1.115047964383178,0.0,1.805533468689572,0.903903,2.461490634110094,True,False,False,False,False
1.385141388289978,1.4698719138389131,0.0485695417783378,0.0,1.0,0.7407453426740299,-0.0997269607580005,1,0.0,-0.2429004556606181,0.0,1.163820376321623,0.516084,-1.4191715978588444,True,False,False,False,False
-0.9949774937058796,1.2684305269658112,-0.2515205765888294,1.0,1.0,-0.7850187010698834,0.4041527212394904,1,0.0,-0.0130732639852372,0.0,2.3397501195133885,2.0,-1.4191715978588444,False,False,False,False,True
0.8964349349914197,1.0540285399793792,0.1685677811730062,1.0,1.0,-0.7850187010698834,0.4041527212394904,2,0.0,-0.0130732639852372,0.0,-1.188039110061908,0.0,0.5211595181256249,False,False,False,True,False
-0.1549785371722647,0.532656508125124,0.332418624146075,1.0,1.0,-0.7850187010698834,0.4041527212394904,1,0.0,1.6187585428550124,0.0,2.3397501195133885,2.0,-1.4191715978588444,False,False,False,True,False
-0.6797420889229964,1.0540285399793792,1.0469343474022992,1.0,1.0,-0.7850187010698834,0.4041527212394904,2,0.0,-0.0130732639852372,0.0,-1.188039110061908,1.0,-1.4191715978588444,False,False,False,True,False
0.2651360020172885,1.1784031326302071,0.7430249384457639,1.0,1.0,1.088341755265735,0.4041527212394904,1,0.0,1.3873174695226669,0.0,0.944295460003098,0.680215,0.5211595181256249,False,False,False,True,False
-0.5221243865315548,0.5180235725132994,-1.3972160977574724,1.0,0.0,1.088341755265735,1.68974044910307,2,0.0,-1.6449050708254869,0.0,-0.0121093668701423,0.0,-1.4191715978588444,False,False,False,False,True
0.962885927848842,1.2608835770238884,1.3577201826870378,1.0,1.0,-0.7850187010698834,0.4041527212394904,1,0.0,-0.0386554912210717,0.0,-0.2552187301181216,0.0,0.5211595181256249,False,False,False,True,False
1.1313954863286393,0.7701710293086914,1.2840822834173542,1.0,1.0,0.6708914779781878,0.4041527212394904,1,0.0,0.1613059147255185,0.0,-0.0991975477211813,0.2916,0.5211595181256249,True,False,False,False,False
0.9713424328175476,1.0686936358892516,1.3178629630996088,1.0,1.0,-0.1696778653377788,0.4041527212394904,1,0.0,-0.011102011162574,0.0,-0.2467226377235611,0.176678,0.5211595181256249,True,False,False,False,False
-0.032136501312554,-0.0179813949527804,-0.2224424805529129,1.0,1.0,-0.7850187010698834,0.4041527212394904,1,0.0,1.4219628906136916,0.0,-1.188039110061908,0.322405,0.5211595181256249,False,False,False,True,False
-0.5410131343684426,-0.2931985055479141,-0.2515205765888294,1.0,1.0,-0.7850187010698834,0.4041527212394904,1,0.0,-0.0130732639852372,0.0,0.7715184546954182,1.443212,-1.4191715978588444,False,False,False,True,False
-0.053103753790878,1.4832505978268655,1.3133272309110036,1.0,1.0,0.3356386374332778,0.2104750732736583,1,0.0,-0.0030097572324533,0.0,0.5993858588870077,0.295685,0.5211595181256249,False,False,False,True,False
-0.4558403108209652,0.1157304042313072,-0.4424698301169366,1.0,1.0,-0.7850187010698834,0.4041527212394904,1,0.0,-1.0531343207293251,0.0,-0.1046926674111164,0.139013,0.5211595181256249,False,False,False,True,False
-0.5221243865315548,1.1612295334725953,-0.2515205765888294,0.0,0.0,-2.6583791574055016,0.4041527212394904,0,0.0,-0.0130732639852372,0.0,1.163820376321623,0.0,-1.4191715978588444,False,False,False,True,False
0.020844325080793,0.1840388772851849,-0.0101650355824319,1.0,1.0,-0.7850187010698834,-0.0102012025650361,1,0.0,1.1193821096621457,0.0,-1.188039110061908,0.688013,0.5211595181256249,False,False,False,True,False
-0.0299490828387653,1.6624906589475232,0.3552037202030177,1.0,1.0,-2.440941955959539,-0.3041199824355752,1,0.0,-0.0130732639852372,0.0,-0.0987165924562158,1.97117,0.5211595181256249,False,False,False,True,False
1.206217082506964,1.490422344291562,0.4458040617519606,1.0,1.0,-0.1602473688005858,-1.1118393247995275,1,0.0,0.8995531514672748,0.0,0.372646613594001,0.481357,0.5211595181256249,True,False,False,False,False
-0.9949774937058796,0.8814992610513971,0.8639138415385891,1.0,1.0,-0.7850187010698834,-1.0513434230894512,1,0.0,0.7023185364699143,0.0,-0.0121093668701423,0.802305,-1.4191715978588444,False,False,False,True,False
0.5798545783540303,1.3283558823285186,1.3089314645252348,1.0,1.0,1.088341755265735,0.4041527212394904,1,0.0,1.6187585428550124,0.0,-0.3750377394411601,1.415536,0.5211595181256249,False,False,False,True,False
-0.5193845180108846,0.5436553300575276,-0.2855234066326384,1.0,1.0,1.088341755265735,-2.1670227344876687,1,0.0,-0.0130732639852372,0.0,1.8367226532682468,0.0,0.5211595181256249,True,False,False,False,False
0.7388172325999781,-0.2011235722365891,0.1300598472008576,1.0,1.0,-1.0636585886243306,0.4041527212394904,1,0.0,0.1707852256914538,0.0,-0.7314620446025842,0.0,0.5211595181256249,True,False,False,False,False
0.642865880092164,1.161872739433554,0.0267605783054307,0.0,1.0,1.088341755265735,0.4041527212394904,1,0.0,-1.3093466008895058,0.0,1.163820376321623,0.0,-1.4191715978588444,True,False,False,False,False
0.3114237502962855,0.7089056615273195,-0.1486108059807492,1.0,1.0,-0.8835480942708551,0.5558687857678549,1,0.0,0.2091153230023245,0.0,-0.2661537008000618,0.88868,-1.4191715978588444,False,False,False,True,False
-0.0492712793572299,0.5180235725132994,-0.0987611737663437,0.0,1.0,1.088341755265735,0.4041527212394904,0,0.0,-0.0130732639852372,1.0,-0.0121093668701423,0.0,0.5211595181256249,False,False,False,True,False
-0.6115382295972789,0.1893667666617974,-0.2213195461827648,1.0,1.0,-0.3813769637059859,-0.7320561405849807,1,0.0,-0.3231865805571582,0.0,1.0586652108961858,0.971746,-1.4191715978588444,False,False,False,True,False
-0.3328603594716618,0.7252216527369871,0.7032476884057125,1.0,1.0,0.4991399179808821,0.4041527212394904,1,0.0,1.046734589453424,0.0,-0.0121093668701423,0.0,0.5211595181256249,False,False,False,True,False
-0.6842089746087698,1.296013342591615,-0.0573494744957935,1.0,1.0,1.080097095897402,0.527135900050104,1,0.0,0.914063399893698,0.0,2.015546289315419,0.330457,0.5211595181256249,False,False,False,True,False
-0.8530816842748773,0.5218720881797059,-0.2580615432684345,1.0,1.0,-0.7850187010698834,-0.5881757332579444,1,0.0,0.0603656946498014,0.0,0.3332200411642675,0.961806,2.461490634110094,False,False,False,True,False
-0.6797420889229964,-0.0179813949527804,-0.8243683371731508,0.0,1.0,-0.7850187010698834,0.4041527212394904,1,0.0,-0.0130732639852372,0.0,-1.188039110061908,1.0,-1.4191715978588444,False,False,False,True,False
0.7388172325999781,0.7324255594997313,-0.1369510244719651,0.0,1.0,-2.6583791574055016,1.68974044910307,2,0.0,1.6187585428550124,0.0,-1.188039110061908,1.0,-1.4191715978588444,False,False,True,False,False
0.9921949396085304,0.5944793210726601,1.2212927077086615,1.0,1.0,0.9349378875777804,0.4041527212394904,1,0.0,0.3793219077829898,0.0,0.0775529241887434,1.480875,0.5211595181256249,True,False,False,False,False
-0.416602802369937,0.5180235725132994,0.3954252327763272,1.0,1.0,-0.7850187010698834,0.4041527212394904,1,0.0,1.2458343882060037,0.0,1.5863777943104087,1.206251,-1.4191715978588444,False,False,False,True,False
-0.6797420889229964,0.1964205920336515,-0.6334190836450437,1.0,1.0,1.088341755265735,0.4041527212394904,2,0.0,-1.6449050708254869,0.0,-1.188039110061908,0.0,0.5211595181256249,False,False,False,True,False
-1.122844224300127,0.752954549753681,-1.1797235231543328,1.0,1.0,-0.7850187010698834,1.68974044910307,1,0.0,1.4295199037111692,0.0,1.163820376321623,1.340107,0.5211595181256249,False,False,False,True,False
0.8512252917967802,0.6601613697859534,1.0169864011368606,1.0,1.0,-0.4458336769271252,0.4041527212394904,1,0.0,0.1265136287718776,0.0,-1.188039110061908,1.439004,0.5211595181256249,True,False,False,False,False
-0.3942664825286413,0.1177350628096321,-1.3361660697484208,1.0,1.0,1.088341755265735,0.6049011017085721,2,0.0,-1.2307412627540109,0.0,-0.5474114008469251,0.256382,-1.4191715978588444,False,False,False,True,False
0.6214234102411301,1.231414023912602,1.302772701871491,1.0,1.0,1.0845032396907035,0.4041527212394904,1,0.0,1.1550833259321966,0.0,-0.3179910357394412,0.972054,0.5211595181256249,True,False,False,False,False
-0.7368080509269249,1.1515921641575553,-0.0605713230607223,1.0,1.0,1.088341755265735,0.4041527212394904,1,0.0,0.3608952630201496,0.0,0.702800648292521,0.628059,0.5211595181256249,False,False,False,True,False
-0.3675255359940164,1.2670905145471445,0.7432683605541619,1.0,1.0,-0.7850187010698834,0.4041527212394904,1,0.0,1.2030363354080045,0.0,-1.188039110061908,0.80898,0.5211595181256249,False,False,False,True,False
0.9874344121432016,1.7928899474326694,1.4694769377298806,1.0,1.0,-0.6901910681306304,0.4041527212394904,1,1.0,-0.8042130650821065,0.0,-0.1887210790703704,0.261901,0.5211595181256249,False,False,False,True,False
1.048916979785841,-0.1419486238283342,0.1303779304673848,1.0,1.0,-0.4477257709880241,0.0609997881549604,1,0.0,1.2591354492635582,0.0,0.5219144314757909,0.0,0.5211595181256249,True,False,False,False,False
0.8001681894611204,-0.2124975976462191,0.1303779304673848,1.0,1.0,-0.6193949031252511,-0.0526268831722622,1,0.0,1.2487178350086898,0.0,0.2847799672529691,0.0,0.5211595181256249,True,False,False,False,False
-0.9949774937058796,0.9756324534377891,0.8256068625608535,1.0,1.0,-0.7850187010698834,-0.2659033160493741,1,0.0,1.565012530464922,0.0,-0.0121093668701423,0.4346,-1.4191715978588444,False,False,False,True,False
-0.7369253184975043,1.206060988951457,-0.0490750704926598,1.0,1.0,0.9458089983058964,0.8359507849233978,1,0.0,0.594692701481573,0.0,0.3472935683307865,0.311436,0.5211595181256249,False,False,False,True,False
-0.1357096154372083,-0.3371509128801326,-0.4424698301169366,1.0,1.0,-0.7850187010698834,0.4041527212394904,1,0.0,-0.0130732639852372,0.0,-1.03615249664203,1.983678,0.5211595181256249,False,False,False,True,False
1.9483568818630188,0.9693397551197384,0.5613796109161124,1.0,1.0,-0.3686043921146896,-1.422987551398894,1,0.0,1.2786913216367315,0.0,1.5778546555317552,0.317846,0.5211595181256249,True,False,False,False,False
-0.9727926444765816,1.6871147271529148,0.9413465898931884,1.0,1.0,-0.7850187010698834,-1.258689439777929,1,0.0,0.0514069380302484,0.0,-0.0121093668701423,2.0,0.5211595181256249,False,False,False,True,False
-0.2514555447175542,0.0685405268955934,-0.4424698301169366,1.0,1.0,0.5533980568777299,0.4041527212394904,1,0.0,1.6187585428550124,0.0,0.101741799006198,1.89388,0.5211595181256249,False,False,False,True,False
-0.424362794711775,-1.0330247219426447,-0.7624379185357828,1.0,1.0,-0.1152998313717254,0.8884554733170748,1,0.0,0.2885594226865348,0.0,0.4090910281950001,0.014885,0.5211595181256249,False,False,False,True,False
-0.5221243865315548,-0.8755893428985058,-0.6334190836450437,0.0,1.0,-0.7850187010698834,-2.1670227344876687,0,0.0,1.6187585428550124,0.0,-0.0121093668701423,0.0,0.5211595181256249,False,False,False,True,False
-0.0490827685851697,-1.0568555027961852,0.5202735832106099,1.0,1.0,1.088341755265735,-2.140346789134499,1,0.0,-1.6449050708254869,0.0,-0.9139816278326076,1.707421,-1.4191715978588444,False,False,False,True,False
4.180015019505569,0.4700832882231329,-0.1701483923745419,1.0,1.0,-0.7850187010698834,0.4041527212394904,1,0.0,-0.380597687185412,0.0,-0.0788245649203839,0.0,-1.4191715978588444,True,False,False,False,False
-0.1670265191076617,0.7947629372160353,0.4287561123969713,1.0,1.0,-0.7850187010698834,0.4041527212394904,1,0.0,1.6187585428550124,0.0,2.3397501195133885,2.0,-1.4191715978588444,False,False,False,True,False
0.1083464230342116,1.375631520459027,1.3142633023416492,1.0,0.0,1.088341755265735,0.4041527212394904,1,0.0,1.6187585428550124,0.0,1.163820376321623,0.0,0.5211595181256249,False,False,False,False,True
-0.2068889817486715,-0.1230812489735284,-0.4424698301169366,1.0,1.0,0.3782688279776516,0.4041527212394904,1,0.0,1.3324683388311518,0.0,-0.3006837017791448,2.0,0.5211595181256249,False,False,False,True,False
-0.5221243865315548,-0.8755893428985058,-0.6334190836450437,0.0,1.0,-0.7850187010698834,-2.1670227344876687,0,0.0,1.6187585428550124,0.0,-0.0121093668701423,0.0,0.5211595181256249,False,False,False,True,False
0.4655533729338044,1.357150069180796,1.309386229267437,1.0,1.0,0.408690328428085,0.4041527212394904,1,0.0,1.5643320566014696,0.0,0.1755666682837769,0.758897,0.5211595181256249,False,False,False,True,False
1.055676414952898,0.6698844998957879,1.2521291408507664,1.0,1.0,1.0339824549042442,0.4041527212394904,1,0.0,1.3394884792641786,0.0,-0.6530569289752732,1.915818,0.5211595181256249,True,False,False,False,False
-0.1694859857357777,0.6360304261506304,0.429379408950338,1.0,1.0,-0.7850187010698834,0.4041527212394904,1,0.0,1.600434703496003,0.0,1.6693796193038566,1.978043,-1.4191715978588444,False,False,False,True,False
-0.4362930362234855,1.5898191054584712,1.3757455630809867,1.0,1.0,1.088341755265735,-0.9178698484194708,1,0.0,-1.3523926921221447,0.0,-0.9777170199136014,0.0,0.5211595181256249,False,False,False,True,False
0.4235818278170949,2.4476414553911843,0.588656138934842,1.0,1.0,-0.7850187010698834,-2.1670227344876687,1,0.0,-1.6449050708254869,0.0,-0.0121093668701423,0.0,0.5211595181256249,False,False,False,True,False
-0.1800452684720876,0.0630303958300431,-0.430756926525821,1.0,1.0,-0.2167029595127154,0.4591424507111272,1,0.0,-1.1918498153015873,0.0,-0.0768066694810669,0.366126,0.5211595181256249,False,False,False,True,False
-0.7294088455058612,-0.0112598926607541,-0.3260592598671062,1.0,0.0,-1.4349230372213797,0.0871499281274331,1,0.0,0.3003412483319218,0.0,0.5463831775721251,0.518542,0.5211595181256249,False,False,False,True,False
1.1776004853138808,0.5180235725132994,1.2760734516360277,1.0,1.0,0.978988085348056,0.4041527212394904,1,0.0,0.506067916052079,0.0,-0.5028413117204708,1.588046,0.5211595181256249,True,False,False,False,False
-0.2068889817486715,-0.3395843754324283,-0.0414763977079115,1.0,1.0,-0.7850187010698834,0.4041527212394904,3,0.0,-0.0130732639852372,0.0,-1.188039110061908,1.0,-1.4191715978588444,False,False,False,True,False
-0.5221243865315548,-0.3395843754324283,-0.747988635761908,1.0,1.0,1.088341755265735,-2.1670227344876687,3,0.0,-0.0130732639852372,0.0,-0.0121093668701423,1.0,-1.4191715978588444,False,False,False,True,False
0.2733842940011354,0.4746071701485458,-0.2508113528713755,1.0,1.0,-0.7979430148581428,0.6240936408978476,1,0.0,0.5817261659444204,0.0,0.2521726114040045,0.022245,0.5211595181256249,False,False,False,True,False
0.1174690204132233,0.6679656021122602,1.011405069025786,1.0,1.0,-1.885494327376941,0.4041527212394904,1,0.0,-0.0090018436271705,0.0,0.6849759052452202,0.001867,0.5211595181256249,False,False,False,True,False
0.3901419713131316,1.2431418126007616,0.0199067985586955,0.0,1.0,1.0351158379803278,0.0741127829791686,1,0.0,-1.0005224314449883,0.0,1.163820376321623,0.470243,-1.4191715978588444,True,False,False,False,False
-1.0115613978806974,0.318511803523076,-0.0962836072018165,1.0,0.0,-0.7481622074519361,0.2027255504500971,1,0.0,1.3446173266330776,0.0,-0.0121093668701423,0.608607,0.5211595181256249,False,False,False,True,False
-0.6550490691955437,-0.8744208520694307,0.6418681201749226,1.0,1.0,0.6508015604444443,-1.8579365906037957,1,0.0,-0.9706027952665724,0.0,-0.993694377334348,0.862587,-1.4191715978588444,False,False,False,True,False
0.0808252688727489,-1.052460262062963,0.5519275464867698,1.0,1.0,1.0811967584852706,-1.994699984269379,1,0.0,-1.204039598898684,0.0,-1.1021198033756014,1.551934,-1.4191715978588444,False,False,False,True,False
-0.553145757010024,1.9387904995769372,1.1793964556123582,1.0,1.0,-0.7850187010698834,-0.6479465634895056,1,0.0,0.5174205699322664,0.0,-0.1397635960720676,1.223661,0.5211595181256249,False,False,False,True,False
-0.8799849770429654,1.6482758072103234,1.0039815730862245,1.0,1.0,-0.7850187010698834,-0.3323129213076232,1,0.0,0.9237173168629652,0.0,-0.0121093668701423,2.0,0.5211595181256249,False,False,False,True,False
-0.837359791314438,0.8396265529929473,-0.8625581878787723,0.0,1.0,-0.7850187010698834,0.4041527212394904,1,0.0,-1.6449050708254869,0.0,-0.0121093668701423,0.0,-1.4191715978588444,False,False,False,True,False
-1.1079980552941746,1.2846607573806843,-1.0304015124141588,1.0,1.0,0.3638177254174786,1.319726446032558,1,0.0,-0.0130732639852372,0.0,1.167344637761969,0.174848,-1.4191715978588444,True,False,False,False,False
-0.5221243865315548,-0.0179813949527804,-0.8243683371731508,1.0,1.0,-0.7850187010698834,-2.1670227344876687,2,0.0,-0.0130732639852372,0.0,-0.0121093668701423,2.0,4.401821750094563,False,False,False,False,True
2.258951863869796,0.7135045841481785,1.191760496158005,1.0,1.0,-0.3527557626540905,0.3017852272328973,1,0.0,-0.2885476867933604,0.0,-0.298710491670069,0.0,0.5211595181256249,True,False,False,False,False
-0.9889215063445956,-0.0296234228461428,-1.3325884827241687,1.0,1.0,0.7596775234457576,0.4041527212394904,1,0.0,-0.0130732639852372,0.0,-0.5609051946500505,1.099764,0.5211595181256249,False,False,False,True,False
0.247640909904946,0.7010907091016643,1.052019287833902,1.0,1.0,-0.3621431719007876,0.4041527212394904,1,0.0,0.2387608114371914,0.0,0.3017062999764713,0.390178,0.5211595181256249,False,False,False,True,False
1.3692880421657443,0.5180235725132994,-0.0605713230607223,0.0,0.0,-0.7850187010698834,0.4041527212394904,1,0.0,-0.0130732639852372,1.0,-0.0121093668701423,0.0,0.5211595181256249,False,False,False,True,False
-0.6797420889229964,-1.0899913298849375,-1.3972160977574724,0.0,0.0,-0.7850187010698834,0.4041527212394904,1,0.0,-1.6449050708254869,0.0,-1.188039110061908,0.0,0.5211595181256249,False,False,False,True,False
-0.6797420889229964,1.375631520459027,-0.0605713230607223,1.0,0.0,1.088341755265735,0.4041527212394904,1,0.0,1.6187585428550124,1.0,2.3397501195133885,0.0,0.5211595181256249,True,False,False,False,False
-0.3507326307458272,0.906498532734015,0.122835129434219,1.0,1.0,-1.3130141055253393,-1.355580330063823,1,0.0,-0.0130732639852372,0.0,-1.188039110061908,0.306124,0.5211595181256249,False,False,False,True,False
-0.2068889817486715,-0.2323833819392123,-1.015317590701258,0.0,0.0,-0.7850187010698834,1.68974044910307,2,0.0,-0.0130732639852372,0.0,-1.188039110061908,0.0,-1.4191715978588444,False,False,False,False,True
-0.3702665078386039,-0.0476975103490998,-0.4204304672747224,1.0,1.0,-0.4011409165203263,1.2055418296314429,1,0.0,-0.3144840215312791,0.0,-0.0246730002464032,0.0,0.5211595181256249,False,False,False,True,False
0.4927848257582718,0.896196517259317,0.9988455728242286,1.0,1.0,-0.4943068787348095,0.4041527212394904,1,0.0,0.0670154092626751,0.0,-1.188039110061908,1.74992,0.5211595181256249,True,False,False,False,False
1.144114131587712,0.705464509636187,1.282109319350201,1.0,1.0,0.2957416797946979,0.4041527212394904,1,0.0,0.1177784331098619,0.0,0.0380793145692822,0.376683,0.5211595181256249,True,False,False,False,False
-0.7033021526056595,0.8938916958992121,0.6721893340411577,1.0,1.0,-0.7850187010698834,0.4041527212394904,1,0.0,0.2342634829775393,0.0,0.7004840666984332,0.0,-1.4191715978588444,False,False,False,True,False
-1.0468236302597107,1.640482294983365,-1.045508577176587,1.0,1.0,0.5406947996233187,1.3528059038582156,1,0.0,0.0302469749909506,0.0,1.174870588118396,0.613971,-1.4191715978588444,True,False,False,False,False
-0.5137873557812621,-0.0755161681605883,-0.4404763199101031,1.0,1.0,-0.4498951223964612,1.128895089296216,1,0.0,-0.2513353942701753,0.0,-0.0147775514574444,0.0,0.5211595181256249,False,False,False,True,False
-0.4084394663276796,0.1124071734330195,0.462628524100621,1.0,1.0,-0.7850187010698834,0.3752822776348578,1,0.0,0.3230465560922966,0.0,1.985647099665025,2.0,-1.4191715978588444,False,False,False,True,False
0.9633230017375732,-0.0249065791324413,0.5190309236584997,1.0,1.0,0.7510132313352055,-0.9860432800403484,1,0.0,-1.6449050708254869,0.0,0.4500545407990852,0.553311,-1.4191715978588444,False,False,False,True,False
0.1083464230342116,-0.0179813949527804,-0.1369510244719651,0.0,1.0,1.088341755265735,0.4041527212394904,1,0.0,1.6187585428550124,1.0,2.3397501195133885,0.0,-1.4191715978588444,False,False,True,False,False
2.551692227785075,0.4641443531836093,0.9388447727734636,1.0,1.0,-0.2337655265490209,0.2125332992259679,1,0.0,-0.224738167650486,0.0,-0.1096950725386542,0.0,-1.4191715978588444,True,False,False,False,False
-0.5221243865315548,-0.8755893428985058,-0.6334190836450437,0.0,1.0,-0.7850187010698834,-2.1670227344876687,0,0.0,1.6187585428550124,0.0,-0.0121093668701423,0.0,0.5211595181256249,False,False,False,True,False
-0.4912073589720685,-0.5539863624188602,0.0720375487455985,1.0,1.0,0.016217566104861,-2.164923369728067,1,0.0,1.6187585428550124,0.0,0.1909043199242272,1.0,-1.4191715978588444,False,False,False,True,False
1.0540526373828614,0.6252245660065153,-0.4424698301169366,1.0,0.0,1.088341755265735,0.4041527212394904,3,0.0,1.6187585428550124,1.0,2.3397501195133885,0.0,-1.4191715978588444,False,True,False,False,False
-0.7546580981050532,2.5840547196113026,1.339391422119083,1.0,1.0,-0.7850187010698834,0.4041527212394904,1,0.0,1.6187585428550124,0.0,-0.0121093668701423,1.014808,0.5211595181256249,False,False,False,True,False
-0.9949774937058796,0.8561676662889512,-1.3640022318393905,0.0,1.0,-0.685857985395126,0.4041527212394904,1,0.0,-0.0130732639852372,0.0,-0.5760758642669676,1.0,0.5211595181256249,False,False,False,True,False
0.8190684433902828,0.7395329853683325,0.9885465720757874,1.0,1.0,-0.2173136750214813,0.4041527212394904,1,0.0,0.0943290100455675,0.0,-1.188039110061908,0.725222,0.5211595181256249,True,False,False,False,False
-0.6307324405414018,1.5838694503195994,-0.0518596070771587,1.0,1.0,-0.5103878048919943,0.4041527212394904,1,0.0,0.1502926818611542,0.0,0.1891627679745602,0.833761,0.5211595181256249,False,False,False,True,False
-0.9949774937058796,1.0540285399793792,-0.2515205765888294,1.0,1.0,-0.7850187010698834,0.4041527212394904,2,0.0,-1.6449050708254869,0.0,-1.188039110061908,1.0,2.461490634110094,False,False,False,True,False
0.1083464230342116,0.8396265529929473,-0.3279002780000723,1.0,1.0,-0.7850187010698834,-2.1670227344876687,1,0.0,-0.0130732639852372,0.0,1.163820376321623,1.0,0.5211595181256249,False,False,False,True,False
-0.0550008404568612,0.97896640433543,1.1272329003436994,1.0,1.0,-0.794986852058045,0.4041527212394904,1,0.0,-0.0130732639852372,0.0,-0.0513654294871131,0.739006,0.5211595181256249,False,False,False,True,False
-0.2253999199529273,0.9838226093406708,0.1269125452245062,1.0,1.0,-0.9740107973468458,-0.3993061833943222,1,0.0,-0.994554822527374,0.0,-1.188039110061908,1.365793,0.5211595181256249,False,False,False,True,False
-0.3756365429590803,-0.0388963087833072,-0.4424698301169366,1.0,1.0,-0.7850187010698834,0.4041527212394904,1,0.0,1.2329494442591928,0.0,0.5790434502595332,0.127879,0.5211595181256249,False,False,False,True,False
-1.1525951960973213,2.1260384749115366,-1.015317590701258,0.0,0.0,1.088341755265735,0.4041527212394904,1,0.0,-0.0130732639852372,0.0,2.3397501195133885,1.0,-1.4191715978588444,False,False,False,False,True
-0.7114147357477467,0.450508386811273,-1.2090345008998522,1.0,1.0,-0.7850187010698834,0.7760218274013095,1,0.0,1.36951908000546,0.0,0.788515343203512,2.0,0.5211595181256249,False,False,False,True,False
0.2659641254256533,2.1260384749115366,-0.2515205765888294,1.0,1.0,-0.7850187010698834,0.4041527212394904,2,0.0,-1.6449050708254869,1.0,-0.0121093668701423,0.0,0.5211595181256249,True,False,False,False,False
-0.1618807739776882,0.1725683709814118,-0.0486316863259673,1.0,1.0,0.9976542489349844,0.4041527212394904,1,0.0,1.5723443507730548,0.0,-1.188039110061908,0.947192,0.5211595181256249,False,False,False,True,False
1.0840345191140588,1.5129774333225334,1.5042168318923088,1.0,1.0,-0.5015136964103325,0.4041527212394904,1,1.0,-0.8433998740915684,0.0,-0.1490557929027689,0.527766,0.5211595181256249,False,False,False,True,False
-0.2493805076655708,0.6111490755608548,0.1179145963099038,1.0,1.0,-0.4776714378825492,0.3825561329991104,1,0.0,0.2625496555173082,0.0,-0.3026510322395046,0.0,0.5211595181256249,False,False,False,True,False
-0.3645066841401131,-1.0899913298849375,-0.7861784864675294,0.0,1.0,1.088341755265735,0.4041527212394904,1,0.0,-0.0130732639852372,0.0,2.3397501195133885,0.0,-1.4191715978588444,False,True,False,False,False
0.2738621908747858,0.7658186689728679,1.0885351628135438,1.0,1.0,-0.0503260706646367,0.4041527212394904,1,0.0,0.2556404796471468,0.0,0.0818874012221481,1.073026,0.5211595181256249,False,False,False,True,False
0.4235818278170949,1.9222708264796329,0.4979085755114288,1.0,1.0,0.4973489853846245,-2.1670227344876687,1,0.0,-1.5524128440137814,0.0,0.5948432422890577,0.084006,0.5211595181256249,False,False,False,True,False
2.407328440370027,0.1873406678847756,-0.0046291875835476,1.0,1.0,-0.1750094491965098,-1.764115683812039,1,0.0,-0.1010453166919949,0.0,-0.4774729793705948,0.0,-1.4191715978588444,True,False,False,False,False
1.1068692261303168,-0.3846302328982781,0.1203949507335326,1.0,1.0,-0.2714107049190851,-2.103342431975674,1,0.0,-1.060428608905901,0.0,0.5551720764727404,0.0,0.5211595181256249,True,False,False,False,False
-0.9949774937058796,-0.0179813949527804,-0.2515205765888294,0.0,0.0,1.088341755265735,-2.1670227344876687,1,0.0,-1.6449050708254869,0.0,-0.0121093668701423,0.0,-1.4191715978588444,False,False,False,True,False
-0.6797420889229964,2.1260384749115366,0.1685677811730062,1.0,1.0,1.088341755265735,1.68974044910307,1,0.0,1.6187585428550124,0.0,1.163820376321623,0.0,0.5211595181256249,False,False,False,False,True
-0.4585380954150967,0.1568419852359558,-0.2515205765888294,1.0,1.0,-0.7850187010698834,0.4041527212394904,1,0.0,-0.0130732639852372,0.0,2.2651385532376143,1.40913,-1.4191715978588444,False,False,False,True,False
-0.1836176736967896,1.2203401612847546,1.2889687893846908,1.0,1.0,1.082191512887585,0.1359354112244003,1,0.0,1.0089576831250726,0.0,0.2170769882184463,0.034897,0.5211595181256249,False,False,False,True,False
-0.0492712793572299,-0.4467853689256443,-0.747988635761908,1.0,1.0,1.088341755265735,-2.1670227344876687,1,0.0,-0.0130732639852372,0.0,-0.0121093668701423,0.0,-1.4191715978588444,False,False,False,True,False
-0.7482276110828874,0.0418796398138316,-0.3269216630757405,1.0,0.0,-0.904016430616778,0.1951007296361377,1,0.0,0.2479986112957139,0.0,0.5473650789076904,0.646514,0.5211595181256249,False,False,False,True,False
-0.5232171500622347,0.8639504584165588,0.7020811412260586,1.0,1.0,-0.7850187010698834,0.4041527212394904,1,0.0,-1.2615176106310182,0.0,-1.1781989299708793,0.0,0.5211595181256249,False,False,False,True,False
0.5703919995909603,1.1123994809364344,1.25639093724026,1.0,1.0,0.922197163114242,0.4041527212394904,1,0.0,0.8057929913416548,0.0,-0.0747158663976719,0.785701,0.5211595181256249,True,False,False,False,False
-0.4569270848789542,0.083688027276186,-0.4424698301169366,1.0,1.0,-0.7850187010698834,0.4041527212394904,1,0.0,1.3638288824950084,0.0,1.1900612485409472,0.009254,0.5211595181256249,False,False,False,True,False
-0.837359791314438,1.0540285399793792,-1.015317590701258,1.0,1.0,1.088341755265735,-2.1670227344876687,3,0.0,-1.6449050708254869,1.0,-1.188039110061908,0.0,-1.4191715978588444,False,False,True,False,False
-0.837359791314438,1.2684305269658112,0.0158083783505205,1.0,1.0,-0.7850187010698834,0.4041527212394904,1,0.0,-0.0130732639852372,0.0,-1.188039110061908,0.0,-1.4191715978588444,False,False,False,True,False
-0.9949774937058796,0.4037901938469286,-1.360880593442713,1.0,1.0,-0.9913075344401928,0.4041527212394904,1,0.0,-0.0791118653762554,0.0,-0.5760770401967108,1.151166,0.5211595181256249,False,False,False,True,False
-0.6797420889229964,-1.3043933168713695,-0.480659680822558,0.0,0.0,1.088341755265735,0.4041527212394904,2,0.0,-0.0130732639852372,0.0,2.3397501195133885,1.0,0.5211595181256249,False,False,False,True,False
-0.3645066841401131,0.5180235725132994,-0.480659680822558,1.0,0.0,-0.7850187010698834,0.4041527212394904,1,0.0,-0.0130732639852372,0.0,-0.0121093668701423,2.0,0.5211595181256249,False,True,False,False,False
-0.184601523395117,1.5826044785963786,1.3394200645071122,1.0,1.0,1.088341755265735,-0.2256117110704019,1,0.0,-0.5134549055711176,0.0,-0.2829154033595172,0.0,0.5211595181256249,False,False,False,True,False
1.153030565011996,0.6508348833520443,1.2206497815720323,1.0,1.0,1.0854211863143082,0.4041527212394904,1,0.0,0.7423277887100236,0.0,-0.535814381719568,1.99219,0.5211595181256249,True,False,False,False,False
-0.9949774937058796,0.8688066634217995,0.8194875500228889,1.0,1.0,-0.7850187010698834,-0.0390343641255606,1,0.0,0.473042903945246,0.0,-0.0121093668701423,0.552665,-1.4191715978588444,False,False,False,True,False
-0.1387623550971257,0.5715811888625101,1.2412273896886383,1.0,1.0,-1.4760189455520143,0.4041527212394904,1,0.0,-0.0130732639852372,0.0,0.6854321659855787,0.86374,0.5211595181256249,False,False,False,True,False
-0.5221243865315548,1.9116364879251049,-0.0987611737663437,1.0,1.0,1.088341755265735,0.4041527212394904,1,0.0,1.6187585428550124,0.0,1.163820376321623,1.0,0.5211595181256249,False,False,False,False,True
1.047440732385243,2.1991602725732613,1.6143086240139384,1.0,1.0,0.4024201909807302,0.4041527212394904,1,0.0,-0.6343034736902861,0.0,0.9848462212673228,0.424612,0.5211595181256249,False,False,False,True,False
-0.5221243865315548,-0.8755893428985058,-0.6334190836450437,0.0,1.0,-0.7850187010698834,-2.1670227344876687,0,0.0,1.6187585428550124,0.0,-0.0121093668701423,0.0,0.5211595181256249,False,False,False,True,False
-0.2532645230879007,1.504154791558044,1.3534061425817785,1.0,1.0,1.088341755265735,-0.2032746242987723,1,0.0,-0.5918219962628138,0.0,0.0178039339371698,0.0,0.5211595181256249,False,False,False,True,False
-0.9949774937058796,0.1731150960482274,-1.3310521814099832,1.0,1.0,-2.407641100487717,0.4041527212394904,1,0.0,-1.1140277564333758,0.0,-0.9199447675603332,1.708309,0.5211595181256249,False,False,False,True,False
-0.700879410902201,0.6287621987917908,-1.1921098665727914,1.0,1.0,-0.5598688746251866,1.68974044910307,1,0.0,0.9369220998439164,0.0,1.163820376321623,1.510609,-1.4191715978588444,True,False,False,False,False
1.1533603012453988,-0.3213066060418343,0.1303779304673848,1.0,1.0,0.0898443787597629,-1.0728744463557105,1,0.0,0.1567253628437182,0.0,1.1539014089378006,0.0,0.5211595181256249,True,False,False,False,False
-1.142014319735784,2.0910266304366525,-1.0193255391531115,1.0,1.0,0.7925418859312539,0.843502327236869,1,0.0,-0.0130732639852372,0.0,1.7649050960622965,0.560351,-1.4191715978588444,True,False,False,False,False
-0.5221243865315548,-0.0179813949527804,-0.8243683371731508,1.0,1.0,-0.7850187010698834,0.4041527212394904,2,0.0,-1.6449050708254869,0.0,-0.0121093668701423,1.0,-1.4191715978588444,False,False,False,True,False
-0.9949774937058796,0.5180235725132994,-0.0605713230607223,1.0,0.0,-0.7850187010698834,0.4041527212394904,1,0.0,1.6187585428550124,0.0,-0.0121093668701423,0.0,0.5211595181256249,False,False,False,True,False
0.0329860895491129,-0.8404488572314308,0.4199700025842333,1.0,1.0,1.0388269650443285,-0.0456898517927101,1,0.0,-1.6399067700011352,0.0,1.1416588043814313,0.157007,-1.4191715978588444,False,False,False,True,False
0.4983312350877241,1.5194952537269226,1.292128694011775,1.0,1.0,0.648220069735614,0.4041527212394904,1,0.0,1.4020610698974685,0.0,-0.3569190139580614,0.677909,0.5211595181256249,False,False,False,True,False
-0.3645066841401131,-0.0179813949527804,-0.7709025461852806,1.0,0.0,-0.7850187010698834,0.4041527212394904,2,0.0,-0.0130732639852372,0.0,-1.188039110061908,0.0,-1.4191715978588444,False,False,False,True,False
