Age,Height,Weight,family_history_with_overweight,FAVC,FCVC,NCP,CAEC,SMOKE,CH2O,SCC,FAF,TUE,CALC,MTRANS_Automobile,MTRANS_Bike,MTRANS_Motorbike,MTRANS_Public_Transportation,MTRANS_Walking
-0.5194686858639613,0.2421739760565553,1.773821749174311,1.0,1.0,1.088341755265735,0.4041527212394904,1,0.0,-0.5832157153135384,0.0,0.6201163243297352,0.912457,0.5211595181256249,False,False,False,True,False
-0.8239674879953446,0.7156486040180426,-1.4125773923560478,0.0,1.0,1.088341755265735,1.3372284373596928,1,0.0,-1.3325708311644564,0.0,1.163820376321623,1.0,0.5211595181256249,False,False,False,True,False
1.8910486614505144,-0.0030054161617771,-0.1369510244719651,1.0,1.0,-0.7850187010698834,-2.1670227344876687,1,0.0,-0.0130732639852372,0.0,0.5431317318322,0.0,-1.4191715978588444,True,False,False,False,False
0.2056323246281739,-0.789624866216296,0.827950764647911,1.0,1.0,1.088341755265735,0.4041527212394904,1,0.0,-0.6310479692356398,0.0,-1.081127105600142,0.438216,0.5211595181256249,False,False,False,True,False
-0.2068889817486715,-0.999202808495535,-0.138677358483262,1.0,1.0,-0.5039134711548986,0.3894186002904457,1,0.0,1.2407039090052974,0.0,1.263950793954402,0.0,-1.4191715978588444,False,False,False,True,False
-0.5628777044264813,-0.077595867434357,1.3835027619360143,1.0,1.0,1.088341755265735,0.4041527212394904,1,0.0,-0.9767613285055878,0.0,-0.0901969814667916,0.840393,0.5211595181256249,False,False,False,True,False
-0.8330383867679719,-1.2170566674724477,-0.4829790268356119,1.0,0.0,1.088341755265735,0.8705099542238266,1,0.0,-0.0130732639852372,0.0,2.2138339144719006,1.0,0.5211595181256249,False,False,False,True,False
-0.3802495402549702,1.519484533627572,2.996803827949052,1.0,1.0,1.088341755265735,0.4041527212394904,1,0.0,0.6503332705994044,0.0,-1.07006983822491,0.479221,0.5211595181256249,False,False,False,True,False
-0.2100065022842718,0.2498388470913205,1.770275325068235,1.0,1.0,1.088341755265735,0.4041527212394904,1,0.0,0.1265348425853666,0.0,0.307333123797644,0.587932,0.5211595181256249,False,False,False,True,False
-0.0920318586921113,-0.409168540308875,-0.2515205765888294,1.0,1.0,-0.7850187010698834,0.4041527212394904,1,0.0,0.2113852010456392,0.0,-1.188039110061908,0.124977,-1.4191715978588444,False,False,False,True,False
-0.8516338080607095,0.3260909137630465,-1.3972160977574724,0.0,1.0,-2.558090678736031,0.8912092022301581,1,0.0,-1.6449050708254869,0.0,0.9914584742132904,0.861809,0.5211595181256249,False,False,False,True,False
-1.1525951960973213,-0.0179813949527804,-1.1680769935237438,1.0,1.0,-2.6583791574055016,0.4041527212394904,1,0.0,-1.6449050708254869,0.0,-0.0121093668701423,1.0,-1.4191715978588444,True,False,False,False,False
-0.1321521838942337,-1.3353208034941628,-0.3279002780000723,1.0,1.0,-0.7850187010698834,-2.1670227344876687,1,0.0,-0.0130732639852372,0.0,-0.1578058861218589,0.0,-1.4191715978588444,False,False,False,True,False
-0.5365014852551899,-0.0073041760008561,1.5239345955202772,1.0,1.0,1.088341755265735,0.4041527212394904,1,0.0,-1.2486440895068551,0.0,-0.5637086111578198,0.575969,0.5211595181256249,False,False,False,True,False
-0.7243086518918791,-0.1420558248218281,-1.4101626480959315,0.0,0.0,0.5533980568777299,0.4041527212394904,2,0.0,-0.0130732639852372,0.0,1.049969210445283,1.0,0.5211595181256249,False,False,False,True,False
-0.2277388090387136,-0.4959584646409813,-1.3809983575669724,1.0,1.0,1.088341755265735,1.2305310838856551,2,0.0,-0.0209435887896277,0.0,-1.0489607234048746,0.065515,-1.4191715978588444,False,False,False,True,False
-0.7077986704194829,-0.5172057015513359,-0.4390159782089707,1.0,0.0,0.6500428494596288,-0.3108757459454983,1,0.0,1.1421445315357606,0.0,-0.3615498252867506,0.827439,0.5211595181256249,False,False,False,True,False
-0.1351251689967409,-0.2573397732244318,1.0649019847419814,1.0,1.0,1.088341755265735,0.4041527212394904,1,0.0,0.682240477918552,0.0,-0.8414185311694735,0.737226,0.5211595181256249,False,False,False,True,False
-0.2070924662024586,0.4119803497498101,-1.2575455024673243,1.0,1.0,-0.3324035746564599,0.4041527212394904,2,0.0,-0.2633538355275535,0.0,1.7050279294687147,0.814518,-1.4191715978588444,False,False,False,True,False
-0.5188711571541954,-0.5539863624188602,0.0589414087619253,1.0,1.0,0.8450896467314678,-2.165244766660033,1,0.0,1.6187585428550124,0.0,0.367196179234307,1.0,-1.4191715978588444,False,False,False,True,False
-0.3651185560607969,0.3057548852973831,-0.289822629075824,1.0,1.0,-0.2659536059097795,-2.1670227344876687,1,0.0,-0.0130732639852372,0.0,0.0604960632637469,0.0,0.5211595181256249,False,False,False,True,False
-0.5221243865315548,-0.8755893428985058,-0.6716089343506652,1.0,1.0,-2.6583791574055016,0.4041527212394904,2,0.0,-0.0130732639852372,0.0,-1.188039110061908,1.0,-1.4191715978588444,False,False,False,True,False
0.7121101738713674,-0.0179813949527804,-0.3279002780000723,1.0,1.0,1.088341755265735,0.4041527212394904,1,0.0,-0.5026701291597107,0.0,0.8429256124209951,1.0,2.461490634110094,True,False,False,False,False
-0.1278832660426636,-1.0899913298849375,-1.5881653512855796,0.0,0.0,0.3229597338647981,0.4041527212394904,2,0.0,0.1077606176476694,0.0,0.7874464230669507,0.0,-1.4191715978588444,False,False,False,True,False
-0.2068889817486715,-0.0179813949527804,-1.1680769935237438,0.0,0.0,1.088341755265735,1.68974044910307,3,0.0,1.6187585428550124,1.0,2.3397501195133885,0.0,-1.4191715978588444,True,False,False,False,False
0.0398817064110364,-0.8656196505036381,-0.1859015530312081,1.0,1.0,-0.2969277476948319,-1.6851960243739497,1,0.0,-0.0980345870083748,0.0,-1.188039110061908,0.078607,-1.4191715978588444,False,False,False,True,False
-0.2068889817486715,0.2911219496855585,-1.3421351434137094,1.0,1.0,-0.7850187010698834,0.4041527212394904,2,0.0,-1.2697224609558109,0.0,-0.4595118284730838,2.0,-1.4191715978588444,False,False,False,True,False
-0.9949774937058796,-0.8755893428985058,-1.2062668442293651,1.0,1.0,-0.7850187010698834,0.4041527212394904,2,0.0,-1.6449050708254869,0.0,-0.0121093668701423,1.0,-1.4191715978588444,False,False,False,True,False
0.2659641254256533,-0.7341376319842091,0.9661149612769756,1.0,1.0,1.088341755265735,0.4041527212394904,1,0.0,0.9978742814930138,0.0,-1.188039110061908,0.140368,0.5211595181256249,False,False,False,True,False
-0.2641013705981216,0.0204394411151884,-1.3358415323971249,1.0,1.0,0.2639882200598091,0.4041527212394904,2,0.0,-0.0281056985898495,0.0,-0.6165301992922507,1.561272,-1.4191715978588444,False,False,False,True,False
2.009783179985905,-2.134032525614717,-0.4317917569103912,1.0,1.0,-0.7850187010698834,0.4041527212394904,1,0.0,-0.4050343684928446,0.0,-1.188039110061908,0.0,0.5211595181256249,True,False,False,False,False
-0.5298344140617343,0.0740077775637475,1.7066583280541547,1.0,1.0,1.088341755265735,0.4041527212394904,1,0.0,-0.3444069213733088,0.0,0.7929109685835629,0.887388,0.5211595181256249,False,False,False,True,False
2.15192771015128,-1.5166620040872882,-0.2515205765888294,1.0,1.0,0.2146158052330845,-1.817826253494452,1,0.0,-0.1865516715386173,0.0,0.3365949595272278,0.0,0.5211595181256249,True,False,False,False,False
-0.5208554064096016,-0.5539863624188602,0.0588309255238339,1.0,1.0,0.0721317556451097,-2.166238525973672,1,0.0,1.6187585428550124,0.0,0.4130280409752063,1.0,-1.4191715978588444,False,False,False,True,False
0.2659641254256533,-0.6167954245065337,0.968360409928914,1.0,1.0,1.088341755265735,0.4041527212394904,1,0.0,1.2320225637929076,0.0,-1.188039110061908,0.101867,0.5211595181256249,False,False,False,True,False
-0.4386754277951323,-1.171689207026119,-1.6259943079020327,0.0,0.0,1.088341755265735,-1.379282711002444,2,0.0,0.9115699608928464,0.0,0.2118640916668774,0.0,-1.4191715978588444,False,False,False,True,False
-0.2068889817486715,-0.7683883494052922,-0.1369510244719651,1.0,0.0,1.088341755265735,-2.1670227344876687,1,1.0,1.6187585428550124,0.0,-0.0121093668701423,2.0,0.5211595181256249,False,False,False,True,False
-0.6985994708371086,-0.3327771123456073,-1.4070335244885157,0.0,0.0,0.875265736962122,1.1238774403943643,2,0.0,-0.6135808415752216,0.0,1.163820376321623,1.0,0.5211595181256249,False,False,False,True,False
0.1545602486107872,-2.1257780491157394,-0.8494797297959757,1.0,0.0,-0.7850187010698834,-2.1670227344876687,1,0.0,-0.6008476579864472,0.0,-1.1032345847721474,0.0,-1.4191715978588444,False,False,False,True,False
0.2659067525819826,-0.9814396038737088,0.6148890529033391,1.0,1.0,1.088341755265735,0.4041527212394904,1,0.0,-1.6117576713331407,0.0,-1.0605847889163251,1.0,0.5211595181256249,False,False,False,True,False
0.2659641254256533,-0.8877352154612876,0.9238633908097068,1.0,1.0,1.088341755265735,0.4041527212394904,1,0.0,0.9957218953397916,0.0,-1.188039110061908,0.380695,0.5211595181256249,False,False,False,True,False
-0.3645066841401131,-0.1251823884459964,-0.8243683371731508,1.0,1.0,-0.7850187010698834,0.4041527212394904,1,0.0,-0.0130732639852372,0.0,-0.0121093668701423,1.0,0.5211595181256249,False,False,False,True,False
-0.2068889817486715,-0.7181325236556724,-0.1511576489344563,1.0,1.0,-0.6708898353490045,0.318544148853327,1,0.0,0.3708673871917507,0.0,-0.7404414441215966,0.0026,-1.4191715978588444,False,False,False,True,False
-0.6882149861327508,-1.0531677886200197,-1.5881653512855796,0.0,0.0,1.088341755265735,0.4041527212394904,2,0.0,0.7831284793764509,1.0,0.2588730590807111,0.0,0.5211595181256249,False,False,False,True,False
1.526905744557186,-0.2323833819392123,-0.4424698301169366,0.0,1.0,1.088341755265735,-2.1670227344876687,1,0.0,-1.6449050708254869,0.0,-1.188039110061908,0.0,0.5211595181256249,True,False,False,False,False
0.3006502651024261,-1.516029518225678,-0.3112531693180893,1.0,1.0,-0.5823904140312542,-1.8688756565801865,1,0.0,-0.3261777282590963,0.0,-1.188039110061908,0.0,0.5211595181256249,True,False,False,False,False
-0.9949774937058796,-0.8755893428985058,-1.0916972921125008,0.0,1.0,1.088341755265735,0.4041527212394904,1,0.0,-1.6449050708254869,0.0,-1.188039110061908,2.0,-1.4191715978588444,True,False,False,False,False
-0.3645066841401131,-2.162001264817097,-1.4354059484630937,1.0,0.0,-0.7850187010698834,-2.1670227344876687,1,0.0,-0.0130732639852372,0.0,2.3397501195133885,0.0,-1.4191715978588444,False,False,False,False,True
0.2659641254256533,-1.0818226141807554,0.7203448262884108,1.0,1.0,1.088341755265735,0.4041527212394904,1,0.0,-1.5937406163538177,0.0,-1.188039110061908,0.37465,0.5211595181256249,False,False,False,True,False
2.1573765541229526,-2.162001264817097,-1.015317590701258,1.0,1.0,-0.7850187010698834,-2.1670227344876687,3,1.0,-0.0130732639852372,0.0,-1.188039110061908,0.0,0.5211595181256249,True,False,False,False,False
0.1810729647123488,-0.0179813949527804,-0.3257628684357803,1.0,1.0,0.4543141489816831,0.4041527212394904,1,0.0,1.6187585428550124,0.0,-0.5391493184712597,0.658783,0.5211595181256249,False,False,False,True,False
-0.7612247668220858,-1.75710311239322,-1.7027349034024435,0.0,1.0,1.088341755265735,-2.1670227344876687,2,0.0,-1.0125196588888778,0.0,-1.188039110061908,0.466169,0.5211595181256249,False,False,False,True,False
-0.9949774937058796,-2.629976481812383,-1.186275182992136,0.0,1.0,-0.7850187010698834,0.4041527212394904,1,0.0,-1.579073712073937,1.0,-0.6031634059013898,1.783319,0.5211595181256249,False,False,False,True,False
0.2505621964010688,-0.3427896851378736,0.6874068056619761,1.0,1.0,1.088341755265735,0.4041527212394904,1,0.0,-0.7144541565468587,0.0,-0.9406811126517768,0.881848,0.5211595181256249,False,False,False,True,False
-0.5221243865315548,-1.9475992778306652,-1.7027349034024435,0.0,0.0,1.088341755265735,-2.1670227344876687,2,0.0,-1.6449050708254869,0.0,-1.188039110061908,0.0,0.5211595181256249,False,False,False,True,False
-0.5257744972835356,0.0970452710654415,1.711763432726929,1.0,1.0,1.088341755265735,0.4041527212394904,1,0.0,-0.4567046908246341,0.0,0.7831354646284097,0.906247,0.5211595181256249,False,False,False,True,False
-0.7538624439433815,0.5291510356378962,1.8047368152190184,1.0,1.0,1.088341755265735,0.4041527212394904,1,0.0,1.545448498932714,0.0,0.5293592426799381,0.655558,0.5211595181256249,False,False,False,True,False
-0.1040536760889112,-1.48959375323025,-0.2310623499455296,1.0,1.0,-0.7850187010698834,-2.1670227344876687,1,0.0,-0.0130732639852372,0.0,-0.7297592983344426,0.0,-1.4191715978588444,False,False,False,True,False
0.2645761439383942,-0.8932989470235873,0.7011565649404756,1.0,1.0,1.088341755265735,0.4041527212394904,1,0.0,0.7233071571694938,0.0,-1.1366639155116027,0.670402,0.5211595181256249,False,False,False,True,False
0.1539653994019619,-0.1677090225647557,0.6945246682263404,1.0,1.0,1.088341755265735,0.4041527212394904,1,0.0,-1.156670785209725,0.0,-0.9125152434428476,0.946888,0.5211595181256249,False,False,False,True,False
2.336372575960556,-2.077666243235984,-0.2671944551154306,1.0,1.0,-0.7850187010698834,0.4041527212394904,1,0.0,-1.6449050708254869,0.0,-1.188039110061908,0.0,0.5211595181256249,True,False,False,False,False
-0.3645066841401131,-1.0899913298849375,-0.1751408751775865,1.0,1.0,-2.6583791574055016,-2.1670227344876687,1,0.0,-0.0130732639852372,0.0,-1.188039110061908,2.0,0.5211595181256249,False,False,False,True,False
-0.9624546569944294,1.1334215957604552,2.108590390613822,1.0,1.0,1.088341755265735,0.4041527212394904,1,0.0,0.7586248929649375,0.0,1.1615237855331697,0.840911,0.5211595181256249,False,False,False,True,False
0.2646852153884492,-1.294016260701228,0.5887851442505255,1.0,1.0,1.088341755265735,0.4041527212394904,1,0.0,-1.639090854097715,0.0,-1.1784823290389883,1.0,0.5211595181256249,False,False,False,True,False
-0.7324051580283227,-0.2715546249616339,-1.431395059392736,0.0,0.0,0.5651140531716533,0.4041527212394904,1,0.0,-0.0130732639852372,0.0,1.0018184152508096,1.0,0.5211595181256249,False,False,False,True,False
-1.0252672028098475,-1.968321229872904,-1.1748702423571105,0.0,1.0,-1.2097750841371395,-0.7295389598138237,1,0.0,-1.5221276775106332,1.0,-1.0876288211502494,1.915191,0.5211595181256249,False,False,False,True,False
-0.4693878675769142,0.2933838906482649,1.7163744371112757,1.0,1.0,1.088341755265735,0.4041527212394904,1,0.0,-1.1517769216210114,0.0,0.8609631987518135,0.94232,0.5211595181256249,False,False,False,True,False
-0.6797420889229964,-1.5187953038578017,-1.3399313216990405,0.0,1.0,-0.7850187010698834,0.4041527212394904,2,0.0,-0.0130732639852372,0.0,2.3397501195133885,0.0,0.5211595181256249,False,False,False,True,False
0.2532870912400122,-0.9775589279092548,0.5953375678853426,1.0,1.0,1.088341755265735,0.4041527212394904,1,0.0,-1.591325505279694,0.0,-1.1348282891824804,0.922749,0.5211595181256249,False,False,False,True,False
-0.837359791314438,-0.3395843754324283,-0.8625581878787723,0.0,1.0,1.088341755265735,0.4041527212394904,1,0.0,-0.0130732639852372,0.0,1.163820376321623,1.0,0.5211595181256249,True,False,False,False,False
0.2659641254256533,-0.7360136493703408,0.9653297397566172,1.0,1.0,1.088341755265735,0.4041527212394904,1,0.0,0.940414219910555,0.0,-1.188039110061908,0.232108,0.5211595181256249,False,False,False,True,False
1.305157969976036,0.2168209410954103,-0.5284388884708089,1.0,1.0,-0.7850187010698834,0.4041527212394904,1,0.0,-1.6449050708254869,0.0,-1.188039110061908,1.339232,0.5211595181256249,True,False,False,False,False
-0.9949774937058796,-1.0899913298849375,-1.0916972921125008,1.0,1.0,-0.7850187010698834,0.4041527212394904,1,0.0,1.6187585428550124,0.0,2.3397501195133885,0.0,-1.4191715978588444,False,False,False,True,False
0.2659641254256533,-0.8401808547476983,0.9253936199376306,1.0,1.0,1.088341755265735,0.4041527212394904,1,0.0,1.0863799432006087,0.0,-1.188039110061908,0.33929,0.5211595181256249,False,False,False,True,False
-0.837359791314438,-1.0899913298849375,-1.015317590701258,0.0,1.0,-0.7850187010698834,0.4041527212394904,2,0.0,-0.0130732639852372,0.0,-1.188039110061908,1.0,0.5211595181256249,False,False,False,True,False
-0.5533656337048598,0.2122434586732505,1.6977762471465925,1.0,1.0,1.088341755265735,0.4041527212394904,1,0.0,-0.2787615914477394,0.0,0.6054477767131613,0.926443,0.5211595181256249,False,False,False,True,False
-0.9949774937058796,-0.8755893428985058,-1.2062668442293651,1.0,1.0,-0.7850187010698834,0.4041527212394904,2,0.0,-1.6449050708254869,0.0,-0.0121093668701423,1.0,-1.4191715978588444,False,False,False,True,False
-0.6797420889229964,-0.3395843754324283,-1.015317590701258,0.0,1.0,1.088341755265735,0.4041527212394904,0,0.0,-0.0130732639852372,0.0,2.3397501195133885,0.0,0.5211595181256249,False,False,False,True,False
-0.9949774937058796,-1.4115943103645856,-1.4735957991687152,1.0,1.0,1.088341755265735,-2.1670227344876687,3,0.0,-1.6449050708254869,0.0,-0.0121093668701423,0.0,-1.4191715978588444,False,False,False,True,False
-0.2068889817486715,0.1707030736946286,-1.3562033296673928,1.0,1.0,-0.7850187010698834,0.4041527212394904,2,0.0,-0.9483185001123622,0.0,1.4014522588258151,2.0,-1.4191715978588444,False,False,False,True,False
0.2659641254256533,-0.8358499346105717,0.704656397428691,1.0,1.0,1.088341755265735,0.4041527212394904,1,0.0,0.8896528278951753,0.0,-1.188039110061908,0.393838,0.5211595181256249,False,False,False,True,False
-0.0945721832015543,-1.2122326227652525,-0.9259914153312576,0.0,1.0,-0.0407700589768691,-0.0373335315615969,1,0.0,0.0865696498040423,0.0,1.061492145998819,1.887386,0.5211595181256249,False,False,False,True,False
-0.2068889817486715,-0.2323833819392123,-0.747988635761908,1.0,1.0,-0.7850187010698834,0.4041527212394904,2,0.0,-1.6449050708254869,0.0,-1.188039110061908,0.0,0.5211595181256249,False,False,False,True,False
-0.6021820427833232,-1.8487278015318729,-0.8190061766152762,1.0,0.0,-0.7776170539069016,0.4041527212394904,1,0.0,-1.3055199553024657,0.0,1.065925401130652,1.228995,-1.4191715978588444,False,False,False,True,False
0.2659641254256533,-0.6855755819317808,0.9403450610584336,1.0,1.0,1.088341755265735,0.4041527212394904,1,0.0,1.1441239435174575,0.0,-1.188039110061908,0.110518,0.5211595181256249,False,False,False,True,False
0.2659641254256533,-0.6406262053600765,0.9655513936501128,1.0,1.0,1.088341755265735,0.4041527212394904,1,0.0,1.0238807849986271,0.0,-1.188039110061908,0.088309,0.5211595181256249,False,False,False,True,False
-0.9949774937058796,-1.0899913298849375,-1.3590262470518508,1.0,1.0,-0.7850187010698834,0.4041527212394904,2,0.0,-1.6449050708254869,0.0,-0.0121093668701423,1.0,0.5211595181256249,False,False,False,True,False
-0.9949774937058796,0.0892195985404355,-0.4424698301169366,1.0,1.0,1.088341755265735,0.4041527212394904,1,0.0,-0.0130732639852372,0.0,-0.0121093668701423,0.0,-1.4191715978588444,False,False,False,True,False
1.684523446948628,-1.8403982843374496,-1.5881653512855796,1.0,0.0,1.088341755265735,0.4041527212394904,2,0.0,-1.6449050708254869,0.0,-1.188039110061908,1.0,-1.4191715978588444,True,False,False,False,False
-0.2795614605548889,-1.047507576163577,-0.1746582700342197,1.0,1.0,-2.426696923049563,-2.147846907938856,1,0.0,0.0555909547829869,0.0,0.9835103650790568,1.426103,-1.4191715978588444,False,False,False,True,False
0.2658339332034779,-0.6802905729525668,0.6959705359740551,1.0,1.0,1.088341755265735,0.4041527212394904,1,0.0,1.0551825827174364,0.0,-1.1066200865027964,0.629578,0.5211595181256249,False,False,False,True,False
-0.6287106782728266,0.777525017462328,1.968958099743931,1.0,1.0,1.088341755265735,0.4041527212394904,1,0.0,1.318586345650362,0.0,0.6603636957202167,0.688058,0.5211595181256249,False,False,False,True,False
-0.2337342712022793,-0.917558531851101,-0.1528779489493417,1.0,1.0,0.4586416116358184,-1.6318209930885097,1,0.0,0.6058397445540982,0.0,-0.8866212704977648,0.598244,-1.4191715978588444,False,False,False,True,False
0.2196694419677511,-1.2449289257806833,-0.2381058950604206,1.0,1.0,-0.7850187010698834,-2.1670227344876687,1,0.0,-0.0130732639852372,0.0,-1.188039110061908,0.0,0.5211595181256249,False,False,False,True,False
-0.6185786971277001,0.8178754714131732,1.9552809775614743,1.0,1.0,1.088341755265735,0.4041527212394904,1,0.0,1.1337601797122152,0.0,0.7006322338460754,0.731213,0.5211595181256249,False,False,False,True,False
-0.7779383903659718,-1.0871612236567187,-1.5881653512855796,0.0,0.0,1.088341755265735,0.4041527212394904,2,0.0,1.5362188582332257,1.0,0.3356095304024332,0.0,0.5211595181256249,False,False,False,True,False
-0.3648718843565544,-0.1311749239822669,-1.3549046074144466,1.0,1.0,1.088341755265735,1.3234996460138375,2,0.0,-0.3809273172103937,0.0,-1.0669536244054518,0.646423,-1.4191715978588444,False,False,False,True,False
-0.9949774937058796,-1.0899913298849375,-1.015317590701258,1.0,1.0,1.088341755265735,-2.1670227344876687,1,0.0,-1.6449050708254869,1.0,-1.188039110061908,2.0,-1.4191715978588444,False,False,False,False,True
-0.837359791314438,-0.7683883494052922,-1.0916972921125008,0.0,0.0,1.088341755265735,0.4041527212394904,1,0.0,-0.0130732639852372,1.0,-1.188039110061908,0.0,-1.4191715978588444,False,False,False,True,False
-0.5221243865315548,-0.4467853689256443,-1.1298871428181223,1.0,1.0,-0.7850187010698834,0.4041527212394904,2,0.0,-1.6449050708254869,0.0,-0.0121093668701423,1.0,-1.4191715978588444,False,False,False,True,False
-0.8590694231710256,0.4781126426357759,1.608545164504849,1.0,1.0,1.088341755265735,0.4041527212394904,1,0.0,0.6585593347376866,0.0,-0.0294108211817227,0.675076,0.5211595181256249,False,False,False,True,False
-0.5739845510608991,-2.061146570138679,-0.8299840401498604,1.0,0.0,-0.2341252117566369,0.6734936349287333,1,0.0,-0.0130732639852372,0.0,0.1091148784960104,1.261043,-1.4191715978588444,False,False,False,True,False
0.1083464230342116,-1.4115943103645856,-1.2062668442293651,0.0,1.0,-0.7850187010698834,-2.1670227344876687,1,0.0,-0.0130732639852372,0.0,1.163820376321623,0.0,0.5211595181256249,False,False,False,True,False
-0.5221243865315548,-0.9827903363917218,-1.225361769582176,1.0,1.0,1.088341755265735,0.4041527212394904,1,0.0,1.6187585428550124,0.0,-1.188039110061908,1.0,0.5211595181256249,False,False,False,False,True
-0.519504307464702,0.5762015516820684,-0.3164401148409266,1.0,1.0,1.088341755265735,-2.1670227344876687,1,0.0,-0.0130732639852372,0.0,2.1956669758693312,0.0,0.5211595181256249,False,False,False,True,False
-0.3645066841401131,-0.9827903363917218,-0.9007480385843938,1.0,1.0,1.088341755265735,0.4041527212394904,2,0.0,1.6187585428550124,0.0,-0.0121093668701423,0.0,-1.4191715978588444,False,False,False,True,False
-0.5221243865315548,0.5180235725132994,-0.3279002780000723,1.0,0.0,-0.7850187010698834,0.4041527212394904,2,0.0,-0.0130732639852372,1.0,-1.188039110061908,2.0,2.461490634110094,False,False,False,True,False
1.4780819274467103,-0.2126369589377607,-0.3498034940245211,1.0,1.0,1.088341755265735,-0.0075901738897451,1,0.0,-0.013502435750436,0.0,0.866718198914994,0.681773,-1.4191715978588444,True,False,False,False,False
-0.2082022524449969,0.4139850083281326,-1.238099879715484,1.0,1.0,1.088341755265735,0.4041527212394904,2,0.0,0.0281778122598771,0.0,1.163820376321623,0.152985,-1.4191715978588444,False,False,False,True,False
-0.4571174870634428,-0.2799591828515009,1.338673414735967,1.0,1.0,1.088341755265735,0.4041527212394904,1,0.0,-0.8535678180799897,0.0,-0.3152052581778199,0.604692,0.5211595181256249,False,False,False,True,False
-0.5221243865315548,0.1964205920336515,-0.2515205765888294,1.0,1.0,-0.7850187010698834,0.4041527212394904,2,0.0,-0.0130732639852372,1.0,1.163820376321623,1.0,0.5211595181256249,False,False,False,True,False
-1.1661753797176653,-0.7165888293493685,-0.0298739773548874,1.0,1.0,-0.6689284269512215,0.4041527212394904,1,0.0,-1.2709365438201,0.0,1.624840104350725,1.256119,-1.4191715978588444,False,False,False,True,False
2.472611958905836,-0.2323833819392123,-0.2515205765888294,0.0,0.0,1.088341755265735,0.4041527212394904,1,0.0,1.6187585428550124,0.0,-1.188039110061908,0.0,-1.4191715978588444,True,False,False,False,False
-0.5692716241416922,-0.1425489493918968,1.3482447460690632,1.0,1.0,1.088341755265735,0.4041527212394904,1,0.0,-1.0685959270991363,0.0,0.0980505555423191,0.534553,0.5211595181256249,False,False,False,True,False
-0.837359791314438,-2.162001264817097,-1.5881653512855796,0.0,1.0,-0.7850187010698834,0.4041527212394904,1,0.0,-1.6449050708254869,0.0,-1.188039110061908,0.0,0.5211595181256249,False,False,False,True,False
0.2659641254256533,-0.7713149365276567,0.9428916748730364,1.0,1.0,1.088341755265735,0.4041527212394904,1,0.0,0.7960721692683075,0.0,-1.188039110061908,0.218645,0.5211595181256249,False,False,False,True,False
2.2200237589685625,-1.597609474274014,-0.2515205765888294,1.0,1.0,0.4657791149744573,-1.9931109978377397,1,0.0,-0.9927777576897246,0.0,0.7509314526813601,0.0,0.5211595181256249,True,False,False,False,False
2.2275397591070987,-1.561375538473308,-0.339959525347237,1.0,1.0,-0.7850187010698834,0.4041527212394904,1,0.0,-0.9258726536092746,0.0,-1.188039110061908,0.0,0.5211595181256249,True,False,False,False,False
-0.5221243865315548,-0.8954429668934514,-0.6723191510042376,1.0,1.0,-2.391485239912279,0.4041527212394904,0,0.0,0.3095921028448987,0.0,-0.2149501919922628,0.572877,0.5211595181256249,False,False,False,True,False
-0.8357503569553187,-1.5677754377848525,-1.619146218443053,0.0,0.0,0.5718281770471602,0.4041527212394904,2,0.0,-1.6449050708254869,1.0,0.0705949478982776,0.0,0.5211595181256249,False,False,False,True,False
-0.4185842145067,0.2939627760131282,1.842912268350924,1.0,1.0,1.088341755265735,0.4041527212394904,1,0.0,-0.9996787744008522,0.0,1.0828846598869637,0.878258,0.5211595181256249,False,False,False,True,False
0.2659549835989147,-0.7953708394675334,0.6987190595293389,1.0,1.0,1.088341755265735,0.4041527212394904,1,0.0,0.916033020884555,0.0,-1.0007664188099032,0.419446,0.5211595181256249,False,False,False,True,False
-0.7693222186647437,-0.7505715442867191,-0.1751408751775865,1.0,1.0,0.7950784159891324,0.3244321406469419,1,0.0,-1.6416495663708406,0.0,-1.188039110061908,1.554404,-1.4191715978588444,False,False,False,True,False
0.2659641254256533,-0.6554521027601873,0.9535970920126868,1.0,1.0,1.088341755265735,0.4041527212394904,1,0.0,1.0220661880294206,0.0,-1.188039110061908,0.178301,0.5211595181256249,False,False,False,True,False
0.2659641254256533,-0.8458839476015372,0.8926364282542869,1.0,1.0,1.088341755265735,0.4041527212394904,1,0.0,1.0951640938168292,0.0,-1.188039110061908,0.479348,0.5211595181256249,False,False,False,True,False
-1.1525951960973213,-0.0179813949527804,-0.0605713230607223,1.0,0.0,-0.7850187010698834,0.4041527212394904,2,0.0,-0.0130732639852372,0.0,-0.0121093668701423,1.0,-1.4191715978588444,False,False,False,True,False
2.216964872218252,-0.2532875756703883,-0.3575136811733294,1.0,1.0,0.0478754844564766,0.4041527212394904,1,0.0,-1.5962797466452612,0.0,-1.188039110061908,0.0,-1.4191715978588444,True,False,False,False,False
1.94166979322136,-1.815506213648325,-0.92300401425981,1.0,1.0,-0.2443593799295987,0.2052812988530897,1,0.0,1.028303049195164,0.0,-1.188039110061908,0.990741,0.5211595181256249,True,False,False,False,False
0.239802423947317,-0.8267056898656004,0.8982188678710318,1.0,1.0,1.088341755265735,0.4041527212394904,1,0.0,-0.3102951092831202,0.0,-1.1749145581981446,0.447224,0.5211595181256249,False,False,False,True,False
-0.3645066841401131,-0.1251823884459964,-0.8243683371731508,1.0,1.0,-0.7850187010698834,0.4041527212394904,1,0.0,-0.0130732639852372,0.0,-0.0121093668701423,1.0,0.5211595181256249,False,False,False,True,False
-0.5139311031258431,0.3006092376097083,1.7296756184033868,1.0,1.0,1.088341755265735,0.4041527212394904,1,0.0,-0.9554838735761976,0.0,0.8215907190902668,0.673009,0.5211595181256249,False,False,False,True,False
0.2514369746493413,-0.8422176736240685,0.6098778952632993,1.0,1.0,1.088341755265735,0.4041527212394904,1,0.0,-1.5414110339720644,0.0,-1.1279526279740382,0.543118,0.5211595181256249,False,False,False,True,False
-0.2326886353646148,-1.0375378837687093,-0.1751408751775865,1.0,1.0,-2.6419685198080014,-2.1670227344876687,1,0.0,-0.0130732639852372,0.0,-1.188039110061908,0.585912,0.5211595181256249,False,False,False,True,False
0.0216023086115937,-0.714123206499025,1.019337903004209,1.0,1.0,1.088341755265735,0.4041527212394904,1,0.0,0.9301875299770868,0.0,-0.9935144600836396,0.463196,0.5211595181256249,False,False,False,True,False
0.1083464230342116,-0.9827903363917218,-0.9771277399956366,0.0,0.0,-0.7850187010698834,0.4041527212394904,1,0.0,-1.6449050708254869,0.0,1.163820376321623,1.0,0.5211595181256249,False,False,False,True,False
0.1845358256338893,-1.4621074184985894,-0.8301492494440131,1.0,0.0,-0.7850187010698834,-2.1670227344876687,1,0.0,-1.6449050708254869,0.0,-0.317106736572561,0.0,-1.4191715978588444,False,False,False,True,False
0.2659641254256533,-0.6288448161751725,0.95987057697795,1.0,1.0,1.088341755265735,0.4041527212394904,1,0.0,1.019057090177607,0.0,-1.188039110061908,0.140792,0.5211595181256249,False,False,False,True,False
2.472611958905836,-1.402900309792287,-0.9308579861965256,1.0,1.0,-0.3103634888876713,0.4041527212394904,1,0.0,1.222086339921057,0.0,0.0067548980701398,0.213437,0.5211595181256249,True,False,False,False,False
1.71511530918808,-0.3022569894980907,-0.5114563965199288,1.0,0.0,1.088341755265735,0.1595259460306969,1,0.0,-0.679798944464992,0.0,-0.9786965693896802,0.0,0.5211595181256249,True,False,False,False,False
-0.837359791314438,-0.5539863624188602,-0.9771277399956366,0.0,1.0,1.088341755265735,-2.1670227344876687,1,0.0,1.6187585428550124,1.0,-0.0121093668701423,0.0,0.5211595181256249,False,False,False,True,False
-0.520636948274087,-1.016987453316058,-0.7184329756429175,1.0,1.0,-0.7850187010698834,0.6051016533941184,0,0.0,1.6187585428550124,0.0,0.1990782075691531,0.086868,0.5211595181256249,False,False,False,True,False
-0.6797420889229964,-1.3043933168713695,-1.282646545640608,1.0,1.0,-0.7850187010698834,1.68974044910307,2,0.0,-0.0130732639852372,0.0,-0.0121093668701423,1.0,-1.4191715978588444,False,False,False,True,False
-1.1391582869684511,-1.7801727661929618,-1.1199912359438788,0.0,1.0,-0.8364518123985778,-0.4448314160134273,1,0.0,-0.4845519006083632,1.0,-1.07571782878146,1.191053,0.5211595181256249,False,False,False,True,False
-0.837359791314438,0.6252245660065153,-0.276373729441183,1.0,1.0,-0.7850187010698834,-1.017950281858195,1,0.0,1.6187585428550124,0.0,0.4303095044811523,1.801322,-1.4191715978588444,False,False,False,True,False
-0.8174771062462695,-0.7277162924739653,-0.3333029197996953,1.0,0.0,0.5195539268735713,0.4041527212394904,1,0.0,0.7587244347051548,0.0,0.9946264289414488,1.0,0.5211595181256249,False,False,False,True,False
1.7607475254428313,-0.5806365294012736,-0.4838324936191808,1.0,0.0,1.088341755265735,0.0506315231297403,1,0.0,-0.6291876809758417,0.0,-0.1265731921426855,0.0,0.5211595181256249,True,False,False,False,False
1.4797384894988452,-0.6293379407452412,-0.4499872348993833,1.0,0.0,1.088341755265735,-1.979260075657737,1,0.0,-1.5240711891925802,0.0,-0.3884833201248148,0.0,0.5211595181256249,True,False,False,False,False
1.6529240923554886,-0.134390953787063,-1.3972160977574724,1.0,1.0,0.4378716642564257,1.438978849256911,2,0.0,-0.6639456984615392,0.0,-0.982613591364252,0.096982,-1.4191715978588444,False,False,False,True,False
-0.2068889817486715,-0.6165810225195483,-0.0857611194470459,1.0,1.0,-0.4529786737075896,0.4041527212394904,1,0.0,1.1546198856990535,0.0,1.434412393597737,0.070897,-1.4191715978588444,False,False,False,True,False
-0.837359791314438,-1.473781606690002,-1.6990663099639602,0.0,1.0,1.088341755265735,-1.0172136400901288,1,0.0,0.7319901342136906,1.0,0.6894220956042283,0.9974,-1.4191715978588444,False,False,False,True,False
1.0803073333056084,-0.2231855366974941,-0.5641663721724841,1.0,1.0,-0.694692753307205,0.4041527212394904,1,0.0,-1.1458647949848288,0.0,-0.987599533475385,0.276806,0.5211595181256249,True,False,False,False,False
0.2659641254256533,-0.8225248511193662,0.9325526893509064,1.0,1.0,1.088341755265735,0.4041527212394904,1,0.0,1.136250355049453,0.0,-1.188039110061908,0.322666,0.5211595181256249,False,False,False,True,False
-0.837359791314438,-1.7291772535882377,-1.702494994760311,0.0,0.0,0.9722514811470732,0.0254764280586338,2,0.0,-1.1001881908795637,1.0,1.019614935984274,0.370973,0.5211595181256249,False,False,False,True,False
-0.5518227140161504,0.423611657543824,1.6107633074135337,1.0,1.0,1.088341755265735,0.4041527212394904,1,0.0,-0.3914771098416159,0.0,-0.4630748955949548,0.968151,0.5211595181256249,False,False,False,True,False
-0.8524852588890282,0.4492970155847993,1.7832855760776705,1.0,1.0,1.088341755265735,0.4041527212394904,1,0.0,1.104436162143296,0.0,0.5349919461498265,0.804491,0.5211595181256249,False,False,False,True,False
2.3353728068742865,-1.8120650617571927,-0.3450725353191087,1.0,1.0,-0.7850187010698834,0.4041527212394904,1,0.0,-1.3397590502735877,0.0,-1.188039110061908,0.0,0.5211595181256249,True,False,False,False,False
0.2606845628663496,-0.7605626768802861,0.6952267886315631,1.0,1.0,1.088341755265735,0.4041527212394904,1,0.0,0.6985636914823754,0.0,-1.036134857695882,0.683736,0.5211595181256249,False,False,False,True,False
-1.1525951960973213,-1.8403982843374496,-1.2062668442293651,1.0,1.0,-0.7850187010698834,0.4041527212394904,1,0.0,-1.6449050708254869,0.0,-1.188039110061908,1.0,-1.4191715978588444,False,False,False,True,False
1.3688337879474526,-0.3133630124239859,-0.4496225218251444,1.0,1.0,0.9917231897302252,-1.911649731461664,1,0.0,-1.6449050708254869,0.0,-1.188039110061908,0.173796,0.5211595181256249,True,False,False,False,False
0.2608778021694813,-1.0535001116998477,0.7044442528080213,1.0,1.0,1.088341755265735,0.4041527212394904,1,0.0,-0.144479783894662,0.0,-1.156170238091668,0.546137,0.5211595181256249,False,False,False,True,False
-0.2068889817486715,-2.162001264817097,-1.2062668442293651,1.0,1.0,1.088341755265735,0.4041527212394904,1,0.0,-0.0130732639852372,0.0,-0.0121093668701423,0.0,0.5211595181256249,False,False,True,False,False
-0.6977648851029459,0.6610618581312985,1.808924026830084,1.0,1.0,1.088341755265735,0.4041527212394904,1,0.0,1.3505212941102256,0.0,0.481161410295737,0.816986,0.5211595181256249,False,False,False,True,False
-0.5181886725028405,-0.3802885926618005,-1.4021887600280003,1.0,1.0,1.088341755265735,0.4041527212394904,2,0.0,0.9553520082703708,0.0,1.163820376321623,1.0,-1.4191715978588444,False,False,False,True,False
-0.982642962787535,-0.8434397649498906,-0.1597474629145675,1.0,1.0,-0.147317434930957,0.4041527212394904,1,0.0,-0.5756554385524474,0.0,-0.0040142665180103,0.548539,-1.4191715978588444,False,False,False,True,False
0.2659641254256533,-1.0802896399738025,0.8970371211307968,1.0,1.0,1.088341755265735,0.4041527212394904,1,0.0,0.892901805022594,0.0,-1.188039110061908,0.462973,0.5211595181256249,False,False,False,True,False
-0.5977941235664479,0.2558957032236888,-1.4042583444174397,1.0,0.0,0.8832743529129563,1.571196404716769,2,0.0,-1.4668477432221128,0.0,0.6334207934442069,0.555468,-1.4191715978588444,False,False,False,True,False
0.2582247810028285,-0.5554121356323194,0.6952453488990058,1.0,1.0,1.088341755265735,0.4041527212394904,1,0.0,0.860983174880799,0.0,-1.008459351189864,0.7702,0.5211595181256249,False,False,False,True,False
-0.6205408799047711,0.9167576678113168,2.497226923979283,1.0,1.0,1.088341755265735,0.4041527212394904,1,0.0,0.4841719968678962,0.0,-0.215945028555003,0.914492,0.5211595181256249,False,False,False,True,False
0.2659641254256533,-0.849132137704381,0.9094832316656096,1.0,1.0,1.088341755265735,0.4041527212394904,1,0.0,1.1212032339585791,0.0,-1.188039110061908,0.413474,0.5211595181256249,False,False,False,True,False
-0.5926275728997586,-1.9108722174598904,-1.7027349034024435,0.0,1.0,1.088341755265735,-2.1670227344876687,2,0.0,-1.3429150129880163,0.0,-1.188039110061908,0.076654,0.5211595181256249,False,False,False,True,False
-1.1786315915022565,0.4539173784043552,-1.3972160977574724,0.0,1.0,-0.4289865463432993,0.9448940601580136,1,0.0,-1.0633120557085876,0.0,0.4018131990143863,0.98468,0.5211595181256249,False,False,False,True,False
2.817640734647856,-0.5779136241665461,-0.2833974158337073,1.0,1.0,-0.7850187010698834,0.4041527212394904,1,0.0,-1.6449050708254869,0.0,-1.188039110061908,1.48189,-1.4191715978588444,True,False,False,False,False
1.5197235787123156,-0.2082309981051902,-0.3496044103327922,1.0,1.0,1.088341755265735,-0.8172738943018738,1,0.0,-0.0132658201384444,0.0,0.7373906216885068,0.10724,-1.4191715978588444,True,False,False,False,False
0.2531220655056084,-0.8623929005994911,0.7027212795035862,1.0,1.0,1.088341755265735,0.4041527212394904,1,0.0,-0.5792389412002686,0.0,-1.0243979029290848,0.711331,0.5211595181256249,False,False,False,True,False
-1.2618447541559012,-0.914546183933942,-0.7409950047818891,1.0,1.0,-1.4953126848918146,-2.1670227344876687,1,0.0,-0.0130732639852372,1.0,-0.0984320174583635,1.657098,-1.4191715978588444,False,False,False,True,False
-0.489430849848415,0.0625051109619267,1.3472717832426362,1.0,1.0,1.088341755265735,0.4041527212394904,1,0.0,-0.6404342657885849,0.0,0.4306681630528258,0.926052,0.5211595181256249,False,False,False,True,False
-0.3604972050266795,-0.6566205935892648,0.0289516446099643,1.0,1.0,1.088341755265735,-2.1670227344876687,1,0.0,1.6187585428550124,0.0,0.3182375203062611,1.77795,-1.4191715978588444,False,False,False,True,False
-0.837359791314438,-1.5234371068760593,-1.6979164899389154,0.0,1.0,1.088341755265735,-0.8950648077148987,1,0.0,0.3811887233700152,0.0,-0.9457681847208244,0.284453,-1.4191715978588444,False,False,False,True,False
0.2659641254256533,-0.794845554599417,0.7677867793650803,1.0,1.0,1.088341755265735,0.4041527212394904,1,0.0,0.9166025301851422,0.0,-1.188039110061908,0.396972,0.5211595181256249,False,False,False,True,False
0.2631681450029317,-0.7766964264010161,0.6970551659239456,1.0,1.0,1.088341755265735,0.4041527212394904,1,0.0,0.8943361851808064,0.0,-1.1682599717814224,0.58284,0.5211595181256249,False,False,False,True,False
-0.2782428308566818,0.2228027565323324,-1.325370944649463,1.0,1.0,0.457807966232749,0.4041527212394904,2,0.0,-1.5778204652462842,0.0,-0.2538781702108829,1.391948,-1.4191715978588444,False,False,False,True,False
-0.1368616432239872,-1.1278761609854415,-1.603647975039847,0.0,0.0,0.3289807143714613,-1.032931235650989,2,0.0,-0.1488220883326639,0.0,-0.6975364715115018,0.0,-1.4191715978588444,False,False,False,True,False
-0.6998120238216059,1.2387465718675394,2.512351899781692,1.0,1.0,1.088341755265735,0.4041527212394904,1,0.0,0.4854856214724029,0.0,1.1124063760897926,0.92376,0.5211595181256249,False,False,False,True,False
-0.936254969649817,-1.1990254603668893,-1.7713707342165557,0.0,1.0,-0.7850187010698834,-2.0698927248843915,1,0.0,-1.6449050708254869,0.0,-1.038196262535697,1.679442,0.5211595181256249,False,False,False,True,False
-0.5221243865315548,-1.0899913298849375,-0.7097987850562866,1.0,1.0,-0.7850187010698834,0.4041527212394904,1,0.0,1.6187585428550124,0.0,-0.0121093668701423,0.0,0.5211595181256249,False,False,False,True,False
-0.501393560606818,0.4050015650734022,2.436188314735592,1.0,1.0,1.088341755265735,0.4041527212394904,1,0.0,0.5089693130046407,0.0,0.6730754962441197,0.680746,0.5211595181256249,False,False,False,True,False
0.1083464230342116,-1.4115943103645856,-1.2062668442293651,0.0,1.0,-0.7850187010698834,-2.1670227344876687,1,0.0,-0.0130732639852372,0.0,1.163820376321623,0.0,0.5211595181256249,False,False,False,True,False
-0.837359791314438,-0.6611873559120762,-1.282646545640608,1.0,1.0,1.088341755265735,0.4041527212394904,1,0.0,-1.6449050708254869,0.0,-0.0121093668701423,1.0,-1.4191715978588444,False,False,False,True,False
-1.163818995066913,0.0993822527235918,-1.578670323274193,0.0,1.0,0.9211124874100236,0.5654168458226981,1,0.0,0.3202495963753728,0.0,1.6434891741480036,1.403037,0.5211595181256249,False,False,False,True,False
-0.2068889817486715,-0.6611873559120762,-1.3208363963462295,0.0,1.0,1.088341755265735,-2.1670227344876687,1,0.0,-0.0130732639852372,0.0,1.163820376321623,2.0,-1.4191715978588444,False,False,False,True,False
1.8421411493400692,-0.7683883494052922,-0.2515205765888294,1.0,0.0,1.088341755265735,0.4041527212394904,1,0.0,-1.6449050708254869,0.0,-1.188039110061908,0.0,0.5211595181256249,True,False,False,False,False
-0.4467049464080596,-0.1580287728523172,-1.34924739207002,1.0,1.0,1.088341755265735,0.6355520843162953,2,0.0,-0.1593212941778742,0.0,-0.6228708124675407,0.625079,-1.4191715978588444,False,False,False,True,False
-0.6797420889229964,-0.9827903363917218,-0.8625581878787723,1.0,0.0,1.088341755265735,0.4041527212394904,3,0.0,-0.0130732639852372,1.0,-1.188039110061908,1.0,2.461490634110094,False,False,False,True,False
-0.9189947279140374,-0.0179813949527804,-1.3972160977574724,0.0,1.0,-1.5490069422913064,1.0919627250501514,1,0.0,-1.5039294892007506,0.0,-0.4602409049138626,1.0,0.5211595181256249,False,False,False,True,False
-0.6253386051478639,-1.7933906486906734,-1.7040620007144642,0.0,1.0,0.8795182651980034,-2.1670227344876687,2,0.0,-1.6449050708254869,0.0,-1.188039110061908,0.196224,0.5211595181256249,False,False,False,True,False
-0.7799335152428424,1.1435413695462129,2.44149326689711,1.0,1.0,1.088341755265735,0.4041527212394904,1,0.0,0.4855721085581652,0.0,0.8515216588437268,0.863043,0.5211595181256249,False,False,False,True,False
-0.4767306458605221,-1.5640555633106368,-1.688982738163349,0.0,0.0,-0.1886250329931576,-2.0612137221335844,2,0.0,-1.2853064547111352,0.0,-1.1488477235808128,0.0,-1.4191715978588444,False,False,False,True,False
2.8376655908835824,-1.2621239651369944,-0.1775698260621656,1.0,1.0,0.1338777162859319,0.3709897002115213,1,0.0,-0.2631449610562781,0.0,-1.188039110061908,0.0,-1.4191715978588444,True,False,False,False,False
0.2549901505143513,-0.995568694816114,0.5918627115594886,1.0,1.0,1.088341755265735,0.4041527212394904,1,0.0,-1.6127840935396434,0.0,-1.1574261310573966,1.0,0.5211595181256249,False,False,False,True,False
-0.9527838652465002,0.0500161952199662,0.2582697446739503,1.0,1.0,-1.3315716142057998,0.4041527212394904,1,0.0,-1.6449050708254869,0.0,-0.1298622676343929,1.0,0.5211595181256249,False,False,False,True,False
0.249857960506784,-0.3989415655296209,0.6185194946809675,1.0,1.0,1.088341755265735,0.4041527212394904,1,0.0,-1.5331360148795776,0.0,-1.0561915153957606,1.0,0.5211595181256249,False,False,False,True,False
-0.6280871426421661,0.8687209026270049,2.5981467360366453,1.0,1.0,1.088341755265735,0.4041527212394904,1,0.0,0.508393276376826,0.0,1.1294009127384004,0.768375,0.5211595181256249,False,False,False,True,False
0.2370326080631924,-0.1886239363952801,0.6876584385882751,1.0,1.0,1.088341755265735,0.4041527212394904,1,0.0,-1.1628032091398308,0.0,-0.856352838908009,0.929356,0.5211595181256249,False,False,False,True,False
-0.4713561974443787,0.5300086435858404,2.3946964167785603,1.0,1.0,1.088341755265735,0.4041527212394904,1,0.0,0.4918301835373976,0.0,0.7909448140529461,0.70558,0.5211595181256249,False,False,False,True,False
-0.4602121530321963,-0.648869961759705,0.057021986865461,1.0,1.0,0.3535104961867194,-2.166490501168333,1,0.0,1.6187585428550124,0.0,0.304414466175042,1.460564,-1.4191715978588444,False,False,False,True,False
-0.1077223857297743,-0.0177669929657925,-0.2354642648972622,1.0,1.0,-0.7850187010698834,0.4041527212394904,1,0.0,0.6182889894084825,0.0,-0.0988918059879514,1.34403,0.5211595181256249,False,False,False,True,False
-0.7675882663207354,-0.7918439267816063,-0.1751408751775865,1.0,1.0,-2.5055410445753603,0.237876090105343,1,0.0,-1.4530669236133469,0.0,-1.188039110061908,1.616826,0.5211595181256249,False,False,False,True,False
-0.7228470629376033,-2.073378203496256,-0.9731548498267308,0.0,1.0,0.6726037294352782,0.4041527212394904,1,0.0,-0.5080225374861466,1.0,-0.0800310688368987,0.879925,0.5211595181256249,False,False,False,True,False
0.0599748111118971,-0.3676388754296015,1.0080780456120142,1.0,1.0,1.088341755265735,0.4041527212394904,1,0.0,1.4358448837944822,0.0,-0.820063647033111,0.210997,0.5211595181256249,False,False,False,True,False
-0.5468131505810431,-1.9367934176865504,-0.7448142571814058,1.0,0.0,0.1393872693880147,0.4041527212394904,1,0.0,-0.2578529305066953,0.0,-0.0656623833048386,1.444532,-1.4191715978588444,False,False,False,True,False
-0.723227867306581,0.3554211055827888,-1.3972160977574724,0.0,0.0,-2.426196735807721,1.68974044910307,2,0.0,-1.6449050708254869,0.0,0.3453450527463177,0.371941,0.5211595181256249,False,False,False,True,False
-0.8391596278580459,-1.687497507318077,-1.7204913890575746,0.0,1.0,0.5001253055809143,-2.1670227344876687,1,0.0,-1.1389164551513034,0.0,-1.188039110061908,1.0647,0.5211595181256249,False,False,False,True,False
-0.837359791314438,-0.9827903363917218,-0.9389378892900152,1.0,1.0,1.088341755265735,-2.1670227344876687,2,0.0,-0.0130732639852372,0.0,-0.0121093668701423,0.0,2.461490634110094,False,False,False,True,False
-0.5186243278322503,0.4102865740526186,1.8754013290924632,1.0,1.0,1.088341755265735,0.4041527212394904,1,0.0,-0.5626530027155443,0.0,0.0984691865308954,0.786665,0.5211595181256249,False,False,False,True,False
-1.0228067904755174,0.0721317601776182,-1.3972160977574724,0.0,1.0,-1.4552302645680577,0.9859968709932676,1,0.0,-1.482976768800922,0.0,-0.695471538882457,1.0,0.5211595181256249,False,False,False,True,False
1.3692880421657443,-0.7683883494052922,-0.9389378892900152,1.0,1.0,-0.7850187010698834,0.4041527212394904,1,0.0,-0.0130732639852372,0.0,-0.0121093668701423,1.0,-1.4191715978588444,False,False,False,True,False
-0.2713505239665091,-0.5538577212266671,0.0416305986645291,1.0,1.0,1.0580888572563714,-2.0790332536295018,1,0.0,1.3807738239772371,0.0,0.1092571659949366,1.0,-1.4191715978588444,False,False,False,True,False
-0.3126439977275308,-1.107218529539299,-1.5912871806315103,0.0,0.0,0.8750727808351191,-0.4620338653999696,2,0.0,0.4876070028212946,0.0,0.4845680787617635,0.0,-1.4191715978588444,False,False,False,True,False
-0.3400989524539888,-2.358372044697971,-0.9628497768920272,1.0,0.0,-0.7850187010698834,0.3826795494209848,1,0.0,-0.9046637356157716,0.0,-0.8012052617415448,0.509396,-1.4191715978588444,False,False,False,True,False
-0.3287566249721986,-0.9927814689852912,-0.106960076434632,1.0,1.0,-0.6085781198503698,0.0643795982915134,1,0.0,0.4078120592986139,0.0,1.4349274508252552,0.195339,-1.4191715978588444,False,False,False,True,False
-0.9669095637348212,-0.630184828593837,-0.1696260697864411,1.0,1.0,0.4680533745684488,0.4041527212394904,1,0.0,-1.3632623237875077,0.0,-0.1456385410690537,1.252677,-1.4191715978588444,False,False,False,True,False
-0.1047629557496727,-0.2174395634462568,1.065244815031766,1.0,1.0,1.088341755265735,0.4041527212394904,1,0.0,0.698369503497361,0.0,-0.91435086977197,0.692608,0.5211595181256249,False,False,False,True,False
0.2659641254256533,-0.9759723532055548,0.7194003149007593,1.0,1.0,1.088341755265735,0.4041527212394904,1,0.0,0.2815800780486789,0.0,-1.188039110061908,0.519905,0.5211595181256249,False,False,False,True,False
2.180837161035407,-1.5422937616315142,-0.2644404704114961,1.0,1.0,-0.7850187010698834,0.4041527212394904,1,0.0,-1.196520117932764,0.0,-1.188039110061908,0.0,0.5211595181256249,True,False,False,False,False
-0.3901892278031796,-1.539753098085727,-0.877924523537641,0.0,1.0,0.2250035889634649,-1.4072635278993948,1,0.0,-0.049298298265284,0.0,0.2990604580542898,0.0,0.5211595181256249,False,False,False,True,False
-0.7728943086540405,-0.3336668805916016,-1.404691951982351,0.0,1.0,0.7027985532704959,0.9304247702809088,1,0.0,-0.7587861312432876,0.0,1.163820376321623,1.0,0.5211595181256249,False,False,False,True,False
-0.949551283788154,0.127426032621419,-1.3972160977574724,0.0,1.0,-2.394956576837869,1.0103536160853712,1,0.0,-1.6449050708254869,0.0,1.163820376321623,1.0,0.5211595181256249,False,False,False,True,False
-0.9687628326795398,-0.5587782468280056,-0.1627691202820977,1.0,1.0,0.8350184609182074,0.4041527212394904,1,0.0,-0.2139272819301695,0.0,-0.4453630418030004,0.186414,-1.4191715978588444,False,False,False,True,False
-0.3049275078715527,-0.0226124778716872,-1.206735051799016,1.0,1.0,1.088341755265735,0.4041527212394904,2,0.0,-0.0130732639852372,0.0,-1.0236347245257535,0.875464,-1.4191715978588444,False,False,False,True,False
-0.6525276588103874,-1.0308056613773344,-1.6010941051536096,0.0,0.0,1.088341755265735,0.2675950216103654,2,0.0,-1.6449050708254869,1.0,-0.2828954125538829,0.0,0.5211595181256249,False,False,False,True,False
-0.6636270974127931,1.2348551758037345,2.572998681157143,1.0,1.0,1.088341755265735,0.4041527212394904,1,0.0,0.6637110277518811,0.0,1.0662346706531112,0.927982,0.5211595181256249,False,False,False,True,False
-0.9949774937058796,-0.8515656002566768,-0.7002418131070557,1.0,1.0,-0.7850187010698834,-2.1537567547238443,1,0.0,-1.123637613943858,0.0,-1.188039110061908,1.626456,-1.4191715978588444,False,False,False,True,False
-0.9577660032013912,-0.8755893428985058,-0.6567187115605435,1.0,1.0,-0.3654046924552679,-2.1670227344876687,1,0.0,0.3183844126201546,0.0,-1.0652120724557848,1.899073,-1.4191715978588444,False,False,False,True,False
-0.2068889817486715,-0.7683883494052922,-0.1751408751775865,1.0,1.0,-0.7850187010698834,-2.1670227344876687,1,0.0,-0.0130732639852372,0.0,-1.188039110061908,0.0,-1.4191715978588444,False,False,False,True,False
-0.4160240301667559,-2.162001264817097,-0.8758356532735957,1.0,0.0,-0.7850187010698834,-1.556579400139838,1,0.0,-0.0130732639852372,0.0,-0.8648489313025693,0.613902,-1.4191715978588444,False,False,False,True,False
-0.2309070824744841,-0.3488465412702419,-0.0388647847674074,1.0,1.0,-0.6448107844363566,-1.1720858224903985,1,0.0,0.6857929757620435,0.0,-1.1467745594435657,1.0,-1.4191715978588444,False,False,False,True,False
-0.6797420889229964,-0.8194589027054602,-0.4641096507410684,1.0,0.0,0.1936229279593875,-2.124743610881419,1,0.0,0.6358295495002086,0.0,1.5856251992747663,0.440087,0.5211595181256249,False,False,False,True,False
0.4235818278170949,-1.6259962973510176,-0.9054321383429904,0.0,1.0,-0.3276527325391926,-1.2609045074330376,1,0.0,-1.6449050708254869,0.0,-0.2556103147226044,0.395468,0.5211595181256249,False,False,False,True,False
-0.3851653211571545,0.3171396308063615,-0.3211900920919902,1.0,1.0,0.2967102071506241,-2.1670227344876687,1,0.0,-0.0130732639852372,0.0,1.50180963089903,0.0,0.5211595181256249,False,False,False,True,False
-0.7943974613204954,0.1285623631524464,-1.3972160977574724,0.0,1.0,-2.6479295527800617,1.68974044910307,2,0.0,-1.6449050708254869,0.0,0.7921760124940679,0.704978,0.5211595181256249,False,False,False,True,False
-0.3665019666346863,0.3055726436084453,-0.3067262971748475,1.0,1.0,-0.2348033682418303,-2.1670227344876687,1,0.0,-0.0130732639852372,0.0,1.2390128518905343,0.0,0.5211595181256249,False,False,False,True,False
-0.7154735492020293,-1.067672083039651,-1.5881653512855796,0.0,0.0,1.088341755265735,0.4041527212394904,2,0.0,1.4157309249433687,1.0,0.2918731754639018,0.0,0.5211595181256249,False,False,False,True,False
-0.1493520580499971,0.4571226881098029,1.7898220363548931,1.0,1.0,1.088341755265735,0.4041527212394904,1,0.0,1.356146218348404,0.0,0.2595668576291944,0.792496,0.5211595181256249,False,False,False,True,False
-0.837359791314438,-1.8310181974067936,-1.7027349034024435,0.0,0.0,0.7972346538743741,-1.8158927295517449,2,0.0,-0.5099497308500247,0.0,-0.8822044783823367,0.635867,0.5211595181256249,False,False,False,True,False
-0.0211349433033338,-1.2076229800450449,-0.2303990304286235,1.0,1.0,-0.7850187010698834,-2.1670227344876687,1,0.0,-0.0130732639852372,0.0,-1.174542964399296,0.0,-1.4191715978588444,False,False,False,True,False
-0.9949774937058796,-1.7331972908442337,-0.5952292329394223,0.0,0.0,1.088341755265735,1.68974044910307,2,0.0,-0.0130732639852372,0.0,-0.0121093668701423,1.0,-1.4191715978588444,False,False,False,True,False
2.348805460325192,-1.2961924408691397,-0.9148255049717984,1.0,1.0,0.1276206923617707,0.4041527212394904,1,0.0,0.6347264311987848,0.0,-0.5094535646664381,0.435072,0.5211595181256249,True,False,False,False,False
-0.9849558449524268,-0.7289919842965343,-0.1575896981598493,1.0,1.0,0.9414253348380704,0.4041527212394904,1,0.0,-1.6389717303758158,0.0,-0.0118424308184378,0.905596,-1.4191715978588444,False,False,False,True,False
-0.9813006904339696,-0.5539863624188602,-0.1699157398040434,1.0,1.0,1.088341755265735,0.4041527212394904,1,0.0,-1.6449050708254869,0.0,0.0228745429898125,1.350099,0.5211595181256249,False,False,False,True,False
-0.6879161429690168,-1.8309217165126503,-1.8031160476156036,0.0,1.0,-1.6804831258378528,0.4041527212394904,1,0.0,-0.0436537920454234,0.0,1.524647362441557,0.720454,0.5211595181256249,False,False,False,True,False
0.2604140908890456,-0.8333735916608774,0.893573950899259,1.0,1.0,1.088341755265735,0.4041527212394904,1,0.0,0.7566960677692522,0.0,-1.1879262208065613,0.433463,0.5211595181256249,False,False,False,True,False
-0.9949774937058796,-2.162001264817097,-1.3972160977574724,1.0,1.0,1.088341755265735,0.4041527212394904,2,0.0,-0.0130732639852372,0.0,-1.188039110061908,1.0,0.5211595181256249,False,False,False,True,False
-0.6937312904810466,-1.8377396996988176,-0.6773003678013237,1.0,0.0,-0.3002023817725067,1.085629919902695,1,0.0,-1.3639264793328916,0.0,-0.389649842430061,1.0,-1.4191715978588444,False,False,False,True,False
2.472611958905836,-1.5069067136794037,-0.9056442065839586,1.0,1.0,0.991391604929454,0.4041527212394904,1,0.0,0.6884691799252616,0.0,-1.0473508755864451,0.360193,0.5211595181256249,True,False,False,False,False
-0.858815501052473,-1.5184844209766706,-0.567424386526031,1.0,0.0,1.088341755265735,0.8411419881685109,1,0.0,-0.0130732639852372,0.0,-0.0121093668701423,1.0,0.5211595181256249,False,False,False,True,False
-0.5206118870594068,0.1341689751121421,1.72926225145935,1.0,1.0,1.088341755265735,0.4041527212394904,1,0.0,-0.4870290212911465,0.0,0.6846219503925196,0.925843,0.5211595181256249,False,False,False,True,False
-1.0892284664402945,0.0973239936485224,-1.3972160977574724,0.0,1.0,-0.7564349672271141,0.7906852410253216,1,0.0,-1.129885897932249,0.0,-1.105956862127636,1.0,0.5211595181256249,False,False,False,True,False
3.390146688452956,-0.1538479341060806,-0.2357100929662545,1.0,1.0,-0.6413525610339611,0.4041527212394904,1,0.0,-1.601287838460454,0.0,-0.4262741742817685,0.0,-1.4191715978588444,True,False,False,False,False
0.1828988081768517,-0.1368565766374065,-0.3113070933872852,1.0,1.0,-0.4433158804738101,0.1881971235375107,1,0.0,0.73257433000054,0.0,-1.1424024526583787,0.524015,2.461490634110094,False,False,False,True,False
-0.5221243865315548,-1.6259962973510176,-1.4354059484630937,1.0,1.0,-0.7850187010698834,0.4041527212394904,1,0.0,1.6187585428550124,0.0,2.3397501195133885,1.0,0.5211595181256249,False,False,False,True,False
-0.0492712793572299,-1.0899913298849375,-1.3590262470518508,1.0,1.0,-2.6583791574055016,0.4041527212394904,1,0.0,-0.0130732639852372,0.0,-1.188039110061908,1.0,0.5211595181256249,True,False,False,False,False
-0.6396230246624933,-1.4171687620262337,-1.72852993254275,0.0,1.0,-0.0494156174828576,-2.1670227344876687,2,0.0,-1.6449050708254869,0.0,-1.188039110061908,0.738269,0.5211595181256249,False,False,False,True,False
-0.5266276819065806,-1.6333824458026995,-1.719635134414904,0.0,1.0,0.951994834532716,-2.1670227344876687,2,0.0,-1.6449050708254869,0.0,-1.188039110061908,0.276592,0.5211595181256249,False,False,False,True,False
-0.2294089262132533,-0.8020494613621612,-0.1594758185064983,1.0,1.0,0.4154325527104376,-2.1471115517585173,1,0.0,0.0234063360566767,0.0,-0.9002314813454665,0.289218,0.5211595181256249,False,False,False,True,False
-0.9918926000346744,-0.0032090980494142,-1.3938375180452474,0.0,1.0,-1.5320474100800996,0.9619795210613208,1,0.0,-1.5551233166449432,0.0,-0.2246363252869333,1.030848,0.5211595181256249,False,False,False,True,False
-0.3741480013776952,-0.9695081332979124,-0.7121034279768185,1.0,1.0,-0.9607511520369024,1.6739367191644428,1,0.0,0.9623476712262944,0.0,1.0723730239125724,1.376124,0.5211595181256249,False,False,False,True,False
-0.2573368916645883,-0.9999424953506368,-0.1520748163890026,1.0,1.0,0.5249885455574009,-2.1670227344876687,1,0.0,0.9637934742071548,0.0,-0.8445582635837956,2.0,0.5211595181256249,False,False,False,True,False
0.3598874109567966,-0.4386809738175574,-0.3059492864723909,1.0,1.0,-0.7850187010698834,-0.1131574957509908,1,0.0,-0.0130732639852372,0.0,-1.188039110061908,0.434198,2.461490634110094,False,False,False,True,False
-0.2068889817486715,-0.3395843754324283,-0.4424698301169366,1.0,1.0,-0.7850187010698834,0.4041527212394904,2,1.0,-0.0130732639852372,0.0,-1.188039110061908,2.0,-1.4191715978588444,False,False,False,False,True
-0.826164678766681,0.591617054546391,-1.4086855792401902,0.0,1.0,-1.3577611933853722,0.7469469753479465,1,0.0,-1.4892005753122106,0.0,1.163820376321623,1.0,0.5211595181256249,False,False,False,True,False
-0.6807563588378853,0.97719758794279,2.514785318878804,1.0,1.0,1.088341755265735,0.4041527212394904,1,0.0,0.5828521298911397,0.0,0.2890638793074168,0.760091,0.5211595181256249,False,False,False,True,False
-0.3650547208913282,0.3386012697037039,-1.363213267713663,0.0,0.0,1.088341755265735,1.388303552199985,2,0.0,-0.5742895953301221,0.0,-0.6850116438167664,0.555967,0.5211595181256249,False,False,False,True,False
0.2659641254256533,-0.7944703511221907,0.798038182184226,1.0,1.0,1.088341755265735,0.4041527212394904,1,0.0,1.1086120197369995,0.0,-1.188039110061908,0.410651,0.5211595181256249,False,False,False,True,False
-0.9949774937058796,0.0269679816189261,-1.3730843511849478,0.0,1.0,-0.7850187010698834,0.4041527212394904,1,0.0,-0.0130732639852372,0.0,-1.188039110061908,1.525597,0.5211595181256249,False,False,False,True,False
-0.9949774937058796,-1.4115943103645856,-1.3972160977574724,0.0,1.0,-0.7850187010698834,0.4041527212394904,1,0.0,-1.6449050708254869,0.0,-1.188039110061908,1.0,0.5211595181256249,False,False,False,True,False
-0.3881958367210348,0.7389862603015167,1.809331665296516,1.0,1.0,1.088341755265735,0.4041527212394904,1,0.0,1.3342143988644717,0.0,0.4573017958063762,0.928972,0.5211595181256249,False,False,False,True,False
0.4469454998425785,-0.442004204615845,-1.4140844020547425,1.0,1.0,-0.7772517486179159,0.9742543126869616,2,0.0,0.0208100916519933,0.0,0.0804586465841702,1.26729,-1.4191715978588444,False,False,False,True,False
0.2659641254256533,-1.068283128702562,0.6993818061984842,1.0,1.0,1.088341755265735,0.4041527212394904,1,0.0,0.9887539735245836,0.0,-1.188039110061908,0.553093,0.5211595181256249,False,False,False,True,False
-0.1328814810031988,-2.085824238840817,-0.8314674867106695,1.0,0.0,-0.312047639937917,1.6725804241115467,1,0.0,-0.0130732639852372,0.0,-0.0893844140142461,0.890626,-1.4191715978588444,False,False,False,True,False
2.100977315000139,-0.2742453698983136,-0.2866652449788858,1.0,1.0,0.7176561750496939,0.4041527212394904,1,0.0,-0.4297974161616453,0.0,-1.188039110061908,0.721167,-1.4191715978588444,True,False,False,False,False
-0.5542364715105729,1.016915556032027,2.516238251748898,1.0,1.0,1.088341755265735,0.4041527212394904,1,0.0,0.5123814733127438,0.0,-0.1454574478886021,0.843283,0.5211595181256249,False,False,False,True,False
-0.5221243865315548,-1.9475992778306652,-1.7027349034024435,0.0,1.0,1.088341755265735,-2.1670227344876687,2,0.0,-1.6449050708254869,0.0,-1.188039110061908,0.0,0.5211595181256249,False,False,False,True,False
-0.4845458043981967,0.6664647882033548,1.8083587406599395,1.0,1.0,1.088341755265735,0.4041527212394904,1,0.0,1.352428905492422,0.0,0.5380140855898292,0.890527,0.5211595181256249,False,False,False,True,False
-0.0454928677955022,-1.093239519987784,-0.8316999483319149,0.0,1.0,0.9076467724498828,0.4041527212394904,1,0.0,-0.7475101734580216,0.0,-1.188039110061908,0.273882,0.5211595181256249,False,False,False,True,False
-0.0492712793572299,-1.5187953038578017,-1.3590262470518508,0.0,0.0,1.088341755265735,0.4041527212394904,2,0.0,-0.0130732639852372,0.0,1.163820376321623,2.0,2.461490634110094,False,False,False,True,False
-0.9949774937058796,-1.1971923233781536,-1.7791146048136866,1.0,1.0,-0.7850187010698834,-2.1670227344876687,2,0.0,-1.6449050708254869,0.0,-1.188039110061908,2.0,-1.4191715978588444,False,False,False,True,False
-0.3645066841401131,-0.3395843754324283,-1.3972160977574724,1.0,0.0,1.088341755265735,0.4041527212394904,0,0.0,1.6187585428550124,1.0,1.163820376321623,1.0,0.5211595181256249,False,False,False,True,False
-0.909779608943722,-1.4698258900301016,-1.7257489476143666,0.0,1.0,0.4478622955700632,-2.1670227344876687,1,0.0,-1.158349940138964,0.0,-1.188039110061908,1.639326,0.5211595181256249,False,False,False,True,False
-0.9949774937058796,-0.7683883494052922,-0.9007480385843938,1.0,1.0,-2.6583791574055016,0.4041527212394904,1,0.0,-0.0130732639852372,0.0,1.163820376321623,2.0,0.5211595181256249,False,False,False,True,False
2.9830414415656854,0.3451619705054894,0.0137224487049795,1.0,1.0,-0.1225928236282394,-0.4481469467635873,1,0.0,-0.2894827264186798,0.0,-0.3574952195322254,0.0,-1.4191715978588444,True,False,False,False,False
-0.9949774937058796,-0.1719970623044839,0.1316256310797879,1.0,1.0,0.1450204642802162,0.4041527212394904,1,0.0,-0.2572866848697216,0.0,0.0656207650845764,0.732265,0.5211595181256249,False,False,False,True,False
-0.9772450293337352,1.3512968949360673,2.525666180192595,1.0,1.0,1.088341755265735,0.4041527212394904,1,0.0,0.2397774426528522,0.0,1.1636992555580743,0.957463,0.5211595181256249,False,False,False,True,False
1.0540526373828614,-0.2323833819392123,-0.9007480385843938,1.0,1.0,1.088341755265735,-2.1670227344876687,2,0.0,-0.0130732639852372,0.0,-0.0121093668701423,1.0,0.5211595181256249,True,False,False,False,False
-0.2068889817486715,-0.5539863624188602,-1.0535074414068797,0.0,0.0,1.088341755265735,-2.1670227344876687,1,0.0,-0.0130732639852372,0.0,-0.0121093668701423,2.0,0.5211595181256249,False,False,False,True,False
-0.0801794803253822,-1.2880237251649571,-0.3244794221231164,1.0,1.0,-0.7850187010698834,-2.1670227344876687,1,0.0,-0.0130732639852372,0.0,-1.120119759954638,0.0,-1.4191715978588444,False,False,False,True,False
-0.3645066841401131,0.3036215855268674,-0.2897104272944509,1.0,1.0,-0.7850187010698834,-2.1670227344876687,1,0.0,-0.0130732639852372,0.0,-0.0121093668701423,0.0,0.5211595181256249,False,False,False,True,False
0.7025713081403399,-1.2951954716296514,-0.2624622743347955,1.0,1.0,-0.7850187010698834,-2.1670227344876687,1,0.0,-0.0130732639852372,0.0,-1.1816832097999563,0.0,-1.4191715978588444,False,False,False,True,False
-0.4218831530177528,0.4977197043456836,1.782433942406935,1.0,1.0,1.088341755265735,0.4041527212394904,1,0.0,-0.1254036700726995,0.0,0.6490136218389297,0.926565,0.5211595181256249,False,False,False,True,False
-0.2819093338497119,0.5416721116779021,1.7988677607727284,1.0,1.0,1.088341755265735,0.4041527212394904,1,0.0,0.0753605971228566,0.0,0.4749713161275757,0.646288,0.5211595181256249,False,False,False,True,False
0.2659641254256533,-0.7518043557118897,0.954844296157031,1.0,1.0,1.088341755265735,0.4041527212394904,1,0.0,0.8909729798269088,0.0,-1.188039110061908,0.252635,0.5211595181256249,False,False,False,True,False
0.2658356669982044,-1.4272134951165476,0.5886607980966283,1.0,1.0,1.088341755265735,0.4041527212394904,1,0.0,-1.6440173543225656,0.0,-1.186513929184988,1.0,0.5211595181256249,False,False,False,True,False
-1.1737184901010125,-0.6177387932492749,-0.7312007974800747,1.0,1.0,-2.069862970047667,-2.079350793798284,1,0.0,-1.0493566300964898,1.0,-1.188039110061908,0.057926,-1.4191715978588444,False,False,False,True,False
-0.5623422770914576,-0.3626111488347715,-1.4047043254939795,1.0,1.0,1.0452881852582303,0.6531337820825579,2,0.0,0.7749921659875452,0.0,1.163820376321623,1.0,-1.4191715978588444,False,False,False,True,False
0.7388172325999781,-1.8403982843374496,-0.3279002780000723,0.0,1.0,-0.7850187010698834,-2.1670227344876687,1,0.0,-0.0130732639852372,0.0,-1.188039110061908,0.0,-1.4191715978588444,True,False,False,False,False
-0.5339526493898179,0.545156143966433,1.7961698005797786,1.0,1.0,1.088341755265735,0.4041527212394904,1,0.0,1.4354369258427722,0.0,0.5534175892958985,0.779641,0.5211595181256249,False,False,False,True,False
-0.2068889817486715,-1.0899913298849375,-0.9007480385843938,1.0,0.0,1.088341755265735,0.4041527212394904,2,0.0,-0.0130732639852372,0.0,2.3397501195133885,0.0,0.5211595181256249,False,False,False,False,True
2.6302296612972773,-1.7331972908442337,-0.2515205765888294,1.0,1.0,-0.7850187010698834,0.4041527212394904,3,0.0,-1.6449050708254869,0.0,-1.188039110061908,0.0,0.5211595181256249,True,False,False,False,False
-0.5238556593746225,1.1327140692033986,2.646023327804196,1.0,1.0,1.088341755265735,0.4041527212394904,1,0.0,0.6675996829475813,0.0,-0.067701445479533,0.573958,0.5211595181256249,False,False,False,True,False
0.7893147920921482,-0.6343227869426751,-0.6369818911970728,1.0,1.0,-0.0975909549779845,0.4041527212394904,1,0.0,-0.1328872507388689,0.0,0.6713903889221259,0.0,0.5211595181256249,True,False,False,False,False
-0.4889092928712015,0.1588680840129776,1.691240168767878,1.0,1.0,1.088341755265735,0.4041527212394904,1,0.0,-1.1526515834694775,0.0,0.8328467185920984,0.947884,0.5211595181256249,False,False,False,True,False
-0.4022192413205039,0.3659053627464269,1.8621607550934216,1.0,1.0,1.088341755265735,0.4041527212394904,1,0.0,0.985043187995829,0.0,0.7152172904508829,0.868788,0.5211595181256249,False,False,False,True,False
-0.9910602209483452,-0.0179813949527804,-1.3972160977574724,0.0,1.0,-2.5055129441685158,1.073371840917516,2,0.0,-1.6172161487270214,0.0,-0.4220243641898735,1.0,0.5211595181256249,False,False,False,True,False
-0.8281374219298125,-0.425162928538061,-1.403366000365852,0.0,1.0,-1.73574913266021,0.4041527212394904,1,0.0,-1.564726646828198,0.0,1.163820376321623,1.0,0.5211595181256249,False,False,False,True,False
-0.3267042848693593,-1.0906345358458989,-0.8081780554853084,0.0,1.0,1.078000805546762,0.4041527212394904,1,0.0,-0.4919049347299852,0.0,-0.2658561905750342,0.150969,0.5211595181256249,False,False,False,True,False
2.747392100869015,-0.2472843200347694,-0.2572776202030002,1.0,1.0,0.5883961769229922,0.4041527212394904,1,0.0,-1.1511225570664685,0.0,-1.188039110061908,1.103349,-1.4191715978588444,True,False,False,False,False
-0.9453920678574492,0.4708765755749841,1.7937248863376047,1.0,1.0,1.088341755265735,0.4041527212394904,1,0.0,1.494399904519331,0.0,0.6188416164881152,0.62535,0.5211595181256249,False,False,False,True,False
-1.1603974299834,-1.052460262062963,-0.8243683371731508,1.0,1.0,1.0135572058488174,-2.1670227344876687,1,0.0,-0.0130732639852372,1.0,-0.3225171893209863,1.344072,-1.4191715978588444,False,False,False,True,False
-0.8409900422359178,0.6154799956979815,1.807050318184915,1.0,1.0,1.088341755265735,0.4041527212394904,1,0.0,1.3942315408882484,0.0,0.5252117384757007,0.742423,0.5211595181256249,False,False,False,True,False
2.217929650174589,-0.0327108114587481,-0.3035616188164245,1.0,1.0,1.088341755265735,0.4041527212394904,1,0.0,0.8080612375531624,0.0,-1.188039110061908,0.0,-1.4191715978588444,True,False,False,False,False
-0.837359791314438,-0.1251823884459964,-0.6334190836450437,1.0,0.0,-0.7850187010698834,-2.1670227344876687,0,0.0,-0.0130732639852372,0.0,1.163820376321623,0.0,-1.4191715978588444,False,False,False,True,False
2.306054495670157,-1.5753116676274244,-0.9003033177729267,1.0,1.0,0.8437483206447312,0.4041527212394904,1,0.0,1.5737624126131993,0.0,1.3528981197294272,0.305954,0.5211595181256249,True,False,False,False,False
-0.644215689274775,-1.6190496729726571,-1.601845108567736,0.0,1.0,1.088341755265735,0.2213254336968272,2,0.0,-1.6449050708254869,0.0,-0.3006284330812147,0.0,0.5211595181256249,False,False,False,True,False
-0.3908296285279958,-1.294059141098624,-0.8104694847174965,0.0,1.0,-0.7448426127233095,0.4041527212394904,1,0.0,-1.517757631931915,0.0,-0.5720318418801311,0.808599,0.5211595181256249,False,False,False,True,False
-0.7182328047000934,-1.708240899559014,-0.8680501557391958,0.0,1.0,0.3929334936298467,0.099318015971662,1,0.0,-0.8093500716100396,1.0,-0.8308833766002184,0.003229,0.5211595181256249,False,False,False,True,False
-0.3160529533948529,-1.0310843839604178,-0.1549546748408626,1.0,1.0,-0.6930142223383283,-0.0817287325679101,1,0.0,0.4447453085828292,0.0,1.2260223560174948,0.896185,-1.4191715978588444,False,False,False,True,False
-0.3645066841401131,-0.5539863624188602,-1.015317590701258,1.0,1.0,1.088341755265735,0.4041527212394904,1,0.0,-0.0130732639852372,0.0,-0.0121093668701423,0.0,0.5211595181256249,True,False,False,False,False
-0.4731199395341388,0.203281455617217,-1.3972160977574724,1.0,1.0,0.93769360080905,1.3012756909622598,2,0.0,-1.4048283435713425,0.0,-0.0202726711473796,0.08922,-1.4191715978588444,False,False,False,True,False
-0.9949774937058796,-1.5187953038578017,-1.2062668442293651,0.0,1.0,-0.7850187010698834,0.4041527212394904,1,0.0,-1.6449050708254869,0.0,-1.188039110061908,0.0,2.461490634110094,True,False,False,False,False
-0.4010498755864615,0.6698201792996925,1.8064781196517925,1.0,1.0,1.088341755265735,0.4041527212394904,1,0.0,0.5173047098739805,0.0,0.507405810304291,0.918468,0.5211595181256249,False,False,False,True,False
0.7388172325999781,0.4108225790200834,-0.5570393822338009,1.0,0.0,1.088341755265735,0.4041527212394904,3,0.0,-0.0130732639852372,0.0,-1.188039110061908,0.0,0.5211595181256249,True,False,False,False,False
-0.837359791314438,0.8383615812697267,-0.2480114639668926,1.0,1.0,-2.511266034129922,-1.894984657745368,1,0.0,0.9139100077038554,0.0,2.3397501195133885,0.817983,-1.4191715978588444,False,False,False,True,False
2.0779648152155845,-0.5208826956281555,-0.2515205765888294,1.0,1.0,-0.7218021524708377,0.4041527212394904,1,0.0,-0.8008808645325386,0.0,-1.188039110061908,1.517897,-1.4191715978588444,True,False,False,False,False
-0.9949774937058796,-0.1583718160314959,0.1305324466033398,1.0,1.0,0.5959270859574616,0.4041527212394904,1,0.0,-0.017650552203424,0.0,0.4025975441530952,0.468483,0.5211595181256249,False,False,False,True,False
-0.4838009031366951,-1.111227846695944,-1.5940597637927385,0.0,0.0,1.088341755265735,-1.2333517912494654,2,0.0,0.7116640372276888,0.0,0.3620361995211817,0.0,-1.4191715978588444,False,False,False,True,False
-0.3899898414096544,0.6140649425838709,1.955585083342643,1.0,1.0,1.088341755265735,0.4041527212394904,1,0.0,1.0321786497364094,0.0,1.0224947879253503,0.885993,0.5211595181256249,False,False,False,True,False
-0.6797420889229964,-0.8755893428985058,-1.5881653512855796,0.0,1.0,1.088341755265735,0.4041527212394904,2,0.0,-1.6449050708254869,0.0,-0.0121093668701423,0.0,0.5211595181256249,False,False,False,True,False
-0.5424329546315849,-0.1186002474455117,1.6491554879481929,1.0,1.0,1.088341755265735,0.4041527212394904,1,0.0,-1.3924639539709138,0.0,0.8326315234490944,0.959218,0.5211595181256249,False,False,False,True,False
-0.5201475453081613,-0.9276354252394626,-0.6848475606673211,1.0,1.0,-1.2911557357208154,1.192142148743921,0,0.0,0.0582426814691019,0.0,-0.5270278346784391,0.426643,0.5211595181256249,False,False,False,True,False
0.7353168586652691,-0.0179813949527804,-0.3279002780000723,1.0,1.0,1.088341755265735,0.4041527212394904,1,0.0,-0.8165252360647162,0.0,0.9572565576325576,1.0,2.461490634110094,True,False,False,False,False
0.1392732228912462,-0.1647824354423888,0.6869076261234025,1.0,1.0,1.088341755265735,0.4041527212394904,1,0.0,-1.3956656079759344,0.0,-0.8127340769437967,1.0,0.5211595181256249,False,False,False,True,False
0.2336819709457547,-0.3498863909071262,0.687717900185824,1.0,1.0,1.088341755265735,0.4041527212394904,1,0.0,-0.7393608054146615,0.0,-0.9415806989053184,0.823069,0.5211595181256249,False,False,False,True,False
0.2659641254256533,-0.7050861627475478,0.9541741024669984,1.0,1.0,1.088341755265735,0.4041527212394904,1,0.0,0.8214438902010595,0.0,-1.188039110061908,0.258472,0.5211595181256249,False,False,False,True,False
0.2659641254256533,-0.9080176434302042,0.6973527794304941,1.0,1.0,1.088341755265735,0.4041527212394904,1,0.0,1.053431627188697,0.0,-1.188039110061908,0.55415,0.5211595181256249,False,False,False,True,False
0.7388172325999781,-1.0899913298849375,-1.1680769935237438,1.0,0.0,-0.7850187010698834,0.4041527212394904,2,0.0,-1.6449050708254869,0.0,-1.188039110061908,1.0,0.5211595181256249,False,False,False,True,False
-0.5255658114455692,0.2077517370458853,1.7364441965931976,1.0,1.0,1.088341755265735,0.4041527212394904,1,0.0,-0.5372323268285871,0.0,0.7904509235608057,0.818871,0.5211595181256249,False,False,False,True,False
-0.8456974525355404,-1.95920914542598,-1.005104593496606,0.0,1.0,0.7849266756762492,0.066777219403979,1,0.0,-1.409159225186697,1.0,-0.3016444363793325,1.286844,0.5211595181256249,False,False,False,True,False
1.290659348003857,-0.2754889014228326,-0.4440070861773902,1.0,1.0,-0.2382859453301583,-1.452805473158962,1,0.0,-1.6449050708254869,0.0,-1.188039110061908,0.388271,0.5211595181256249,True,False,False,False,False
2.230595966356468,-0.0563271903253031,-0.2909355958949381,1.0,1.0,1.088341755265735,0.4041527212394904,1,0.0,1.588739364936379,0.0,-1.188039110061908,0.0,-1.4191715978588444,True,False,False,False,False
1.1149569056754265,-1.555468763731832,-0.318989020046572,1.0,1.0,-0.528686789829481,-0.7629308154573524,1,0.0,-0.8202082804527545,0.0,-1.188039110061908,0.0,0.5211595181256249,False,False,False,True,False
-0.837359791314438,-1.8231389243850429,-1.7027349034024435,0.0,1.0,0.6186303413277925,-1.6598082379240997,2,0.0,-1.1193769010961985,0.0,-0.6424676816378315,0.800993,0.5211595181256249,False,False,False,True,False
0.1969067662414862,-0.284000660306196,0.9179184531300646,1.0,1.0,1.088341755265735,0.4041527212394904,1,0.0,-0.8357939060398859,0.0,-1.0594782390279818,0.384129,0.5211595181256249,False,False,False,True,False
-0.2068889817486715,-0.5539863624188602,-0.6334190836450437,1.0,0.0,-0.7850187010698834,-2.1670227344876687,1,0.0,-0.0130732639852372,0.0,-1.188039110061908,0.0,0.5211595181256249,False,False,False,True,False
-0.5221243865315548,-1.6259962973510176,-1.0916972921125008,0.0,1.0,-0.7850187010698834,-2.1670227344876687,1,0.0,-1.6449050708254869,0.0,-0.0121093668701423,0.0,0.5211595181256249,False,False,False,True,False
0.1262418641106289,-2.104252089622302,-0.87343393175257,1.0,0.0,-0.7850187010698834,-1.917967109556385,1,0.0,-0.2636557244118191,0.0,-0.5455087465224407,0.235711,-1.4191715978588444,False,False,False,True,False
2.0824373751386447,-1.4339457175079224,-0.3993235478273367,1.0,1.0,-0.7850187010698834,0.4041527212394904,1,0.0,0.1549662481559442,0.0,-1.188039110061908,0.0,0.5211595181256249,True,False,False,False,False
-0.3900413823983362,-1.2181393975067285,-1.617339838504677,0.0,0.0,1.088341755265735,-1.272150828876388,2,0.0,0.8849352021416002,0.0,0.1041453994012819,0.0,-1.4191715978588444,False,False,False,True,False
-0.8450603617824745,-0.8643546787804174,-0.5529967573975065,1.0,0.0,1.088341755265735,1.541719163704585,1,0.0,-0.0130732639852372,0.0,-0.0121093668701423,1.0,0.5211595181256249,False,False,False,True,False
-0.857983910054656,0.5906415255056044,-0.2519105331543845,1.0,1.0,-0.7850187010698834,-0.0346967911317489,1,0.0,1.2624121675316933,0.0,1.1120700601832398,1.409198,2.461490634110094,False,False,False,True,False
0.2556806736685286,-1.3055403675017478,0.5937982495729512,1.0,1.0,1.088341755265735,0.4041527212394904,1,0.0,-1.6353360091101754,0.0,-1.1644499594134812,0.695838,0.5211595181256249,False,False,False,True,False
2.602097265685941,-1.5935572767199708,-0.3376318157568785,1.0,1.0,-0.7850187010698834,0.4041527212394904,1,0.0,-0.9821936965905588,0.0,-1.188039110061908,0.0,0.5211595181256249,True,False,False,False,False
1.0943376730839824,-0.0921644824500862,-0.5598127673818938,1.0,1.0,0.368574187616114,0.4041527212394904,1,0.0,-0.385488287110512,0.0,-0.2950121926277309,0.686529,0.5211595181256249,True,False,False,False,False
-0.2281645344528732,-0.7456831789834284,-0.1751408751775865,1.0,1.0,0.3161219681991733,-1.5472370341214534,1,0.0,-0.1572227584742774,0.0,-1.188039110061908,0.128681,0.5211595181256249,False,False,False,True,False
-0.5295738719996816,0.3071913786101907,1.738800434002033,1.0,1.0,1.088341755265735,0.4041527212394904,1,0.0,-0.5449508912749413,0.0,0.7916350848121998,0.780199,0.5211595181256249,False,False,False,True,False
-0.5000319012758584,0.1228056698018606,1.8006450018550149,1.0,1.0,1.088341755265735,0.4041527212394904,1,0.0,-0.9736265796046476,0.0,0.651841732871306,0.910683,0.5211595181256249,False,False,False,True,False
-0.3676954478771942,-1.0899913298849375,-0.7813297502625409,1.0,1.0,-0.3857400202087915,0.4041527212394904,1,0.0,0.0632409822934536,0.0,1.3667223497903895,0.0,0.5211595181256249,False,False,False,True,False
-0.3708208492979144,-2.3411984455403565,-0.90478535503144,1.0,0.0,-0.7850187010698834,-1.2917457570244848,1,0.0,-0.2845529625302155,0.0,-0.8565727377699858,0.575848,-1.4191715978588444,False,False,False,True,False
-0.9949774937058796,-0.3389626096701664,-0.0131135975757115,1.0,1.0,0.3560882401746373,0.4041527212394904,1,0.0,-0.086419208207286,0.0,0.2066288524501875,0.0,-1.4191715978588444,False,False,False,True,False
0.0291235101343084,0.37926260653568,1.7544781315137046,1.0,1.0,1.088341755265735,0.4041527212394904,1,0.0,1.3994240296976146,0.0,-0.0428434666382024,0.58345,0.5211595181256249,False,False,False,True,False
-0.6472164150929031,0.3936382597631207,0.2789624951904333,1.0,1.0,-0.7913169389240838,0.4041527212394904,1,0.0,-1.590729886670197,0.0,-0.5003636277515657,0.518297,0.5211595181256249,False,False,False,True,False
0.2659641254256533,-0.5539863624188602,-1.015317590701258,0.0,0.0,1.088341755265735,1.68974044910307,3,0.0,-0.0130732639852372,0.0,1.163820376321623,0.0,-1.4191715978588444,False,False,False,False,True
-0.915641726531064,-0.1988937915719303,1.5309441134781896,1.0,1.0,1.088341755265735,0.4041527212394904,1,0.0,-1.4556664316816437,0.0,0.6241532911381126,1.0,0.5211595181256249,False,False,False,True,False
-0.8987107481755804,-1.6182456655214577,-0.9913221055160512,0.0,1.0,0.757092286016015,-0.0526268831722622,1,0.0,-1.2748643629791645,1.0,-0.3089987009932538,0.008899,0.5211595181256249,False,False,False,True,False
-0.2311058383971996,0.5978025518709501,1.7864843961626244,1.0,1.0,1.088341755265735,0.4041527212394904,1,0.0,1.3713238859838257,0.0,0.2302015400822096,0.766668,0.5211595181256249,False,False,False,True,False
-0.837359791314438,-1.7331972908442337,-1.7027349034024435,0.0,1.0,1.088341755265735,-2.1670227344876687,1,0.0,-0.0130732639852372,0.0,-1.188039110061908,1.0,-1.4191715978588444,False,False,False,True,False
-0.9109946838114572,0.5277788629211817,2.137070624536942,1.0,1.0,1.088341755265735,0.4041527212394904,1,0.0,0.5940628144041323,0.0,0.369838493367259,0.870795,0.5211595181256249,False,False,False,True,False
2.472611958905836,-1.6259962973510176,-0.9389378892900152,1.0,0.0,1.088341755265735,0.4041527212394904,1,0.0,1.6187585428550124,0.0,-1.188039110061908,0.0,0.5211595181256249,True,False,False,False,False
-1.3102128984887629,-0.4467853689256443,-1.0916972921125008,0.0,0.0,-0.7850187010698834,-2.1670227344876687,1,0.0,-1.6449050708254869,0.0,-1.188039110061908,1.0,-1.4191715978588444,False,False,False,False,True
-0.3962105392699372,-0.3180691360383389,-1.397942926996102,1.0,1.0,1.0497186827374634,0.4041527212394904,2,0.0,1.5794101824966738,0.0,-0.0766761412795726,1.241755,-1.4191715978588444,False,False,False,True,False
2.13104635932076,-0.9734960102558604,-0.2515205765888294,1.0,1.0,-0.7164293546820674,-1.1167232725776814,1,0.0,-0.1263387096980189,0.0,0.9890819202022996,0.0,0.5211595181256249,True,False,False,False,False
-0.9949774937058796,0.6623697102519153,-1.386559105348517,0.0,1.0,-1.595994569257116,0.4041527212394904,1,0.0,-0.0226374302051277,0.0,-1.0610610404623178,1.0,0.5211595181256249,False,False,False,True,False
1.0085611737363458,-1.7672979268744269,-0.7895129187123385,1.0,0.0,-0.7283383071029927,0.3382290681423738,1,0.0,-0.0386554912210717,0.0,-0.0280855483611456,0.333673,-1.4191715978588444,False,False,False,True,False
-0.3937206524252597,-0.963258315377258,-0.7426280409879121,1.0,1.0,-1.0193105265414977,0.8802855633065015,1,0.0,0.8987502902183095,0.0,0.2302744477262875,0.271024,0.5211595181256249,False,False,False,True,False
0.1083464230342116,-0.7683883494052922,0.2449474825842491,0.0,0.0,1.088341755265735,1.68974044910307,3,0.0,-1.6449050708254869,0.0,1.163820376321623,0.0,-1.4191715978588444,False,False,False,True,False
-0.2210758359055206,-0.0175740311775064,-0.2515205765888294,1.0,1.0,-0.7850187010698834,0.4041527212394904,1,0.0,-0.0130732639852372,0.0,-0.0437254139455961,1.540298,-1.4191715978588444,False,False,False,True,False
0.5811995302085365,-0.0179813949527804,-0.5188495315281795,1.0,0.0,-0.7850187010698834,0.4041527212394904,2,0.0,-0.0130732639852372,1.0,1.163820376321623,0.0,0.5211595181256249,False,False,False,False,True
-0.8364574299682468,-1.0900020499842886,-0.4992247983765295,1.0,0.0,0.9799753463085448,-0.0230339392645703,1,0.0,0.2884370353010221,0.0,0.6045540701083354,0.805008,0.5211595181256249,False,False,False,True,False
-0.6905125793805107,-0.5195855636068871,-1.4344048397166964,0.0,0.0,0.2079859825781128,0.4041527212394904,1,0.0,-0.0698006330864249,0.0,1.163820376321623,1.0,0.5211595181256249,False,False,False,True,False
-0.9961254234323966,-0.8897077137415624,-0.7405956535130603,1.0,1.0,-0.8730909962035898,-2.1670227344876687,1,0.0,-1.0984763993141882,1.0,-0.3269339814364145,1.890214,-1.4191715978588444,False,False,False,True,False
-0.5172525809683376,0.1769100112178869,1.7903671200940137,1.0,1.0,1.088341755265735,0.4041527212394904,1,0.0,-0.8008971828506072,0.0,0.559732332016838,0.937492,0.5211595181256249,False,False,False,True,False
1.5633285160789074,-0.5103877183651689,-0.2630814845741366,1.0,1.0,-0.6222274241352305,-1.115378547814336,1,0.0,0.132043906765259,0.0,-0.8288842960367924,1.040787,-1.4191715978588444,True,False,False,False,False
0.2659641254256533,-0.5738935869105505,0.968649468908905,1.0,1.0,1.088341755265735,0.4041527212394904,1,0.0,1.2702270100546516,0.0,-1.188039110061908,0.079673,0.5211595181256249,False,False,False,True,False
0.258794253761569,-0.837918913784992,0.893416685094053,1.0,1.0,1.088341755265735,0.4041527212394904,1,0.0,0.3416021155678772,0.0,-1.1868455413725685,0.481031,0.5211595181256249,False,False,False,True,False
-0.5221243865315548,-0.8755893428985058,-0.8625581878787723,1.0,0.0,-0.7850187010698834,0.4041527212394904,1,0.0,-0.0130732639852372,0.0,-1.188039110061908,1.0,-1.4191715978588444,False,False,False,True,False
0.2659641254256533,-0.669216710324717,0.9677668250793968,1.0,1.0,1.088341755265735,0.4041527212394904,1,0.0,1.0893384542664095,0.0,-1.188039110061908,0.081929,0.5211595181256249,False,False,False,True,False
-0.9506724185052644,-0.0179813949527804,-1.3972160977574724,0.0,1.0,-2.590162609748497,0.66845284544778,1,0.0,-0.427625448026741,0.0,-1.051661834024986,1.0,0.5211595181256249,False,False,False,True,False
-0.2115142732253483,0.5361512605130033,-1.169312244244817,1.0,1.0,0.1121167612251372,0.8821753772664608,2,0.0,-0.0063403259502145,0.0,1.163820376321623,0.327376,-1.4191715978588444,False,False,False,True,False
-0.5867403940977357,0.3709009290432092,1.693379220495751,1.0,1.0,1.088341755265735,0.4041527212394904,1,0.0,-0.2534551437872607,0.0,0.5330634213709922,0.962336,0.5211595181256249,False,False,False,True,False
-0.8781531441057716,-1.553217542868474,-0.5651287182204151,1.0,0.0,1.088341755265735,0.5701928042317109,1,0.0,-0.0130732639852372,0.0,0.7335876648990246,1.0,-1.4191715978588444,False,False,False,True,False
2.6803996912038786,-1.6802721603566333,-0.3640298626398267,1.0,1.0,-0.7850187010698834,0.4041527212394904,1,0.0,0.13446554516661,0.0,-1.188039110061908,0.0,0.5211595181256249,True,False,False,False,False
0.2648447245032693,-0.6818235471595198,0.7046204607791772,1.0,1.0,1.088341755265735,0.4041527212394904,1,0.0,0.6709139333472741,0.0,-1.1652213693250149,0.597626,0.5211595181256249,False,False,False,True,False
0.2651679984108738,-1.1615908734390576,0.9005971790135749,1.0,1.0,1.088341755265735,0.4041527212394904,1,0.0,0.7168548942052478,0.0,-1.187505237958499,0.486558,0.5211595181256249,False,False,False,True,False
-0.5221243865315548,0.5662318592871983,-0.32954545857862,1.0,1.0,0.052133632773727,-0.4027965540754721,1,0.0,-0.322615439424764,0.0,-1.0764516089412115,1.650778,0.5211595181256249,False,False,False,True,False
2.472611958905836,-1.3043933168713695,-0.9007480385843938,0.0,1.0,-0.7850187010698834,0.4041527212394904,2,0.0,-0.0130732639852372,0.0,2.3397501195133885,1.0,0.5211595181256249,False,False,False,True,False
-0.5221243865315548,-1.7331972908442337,-1.4354059484630937,1.0,0.0,-0.7850187010698834,-2.1670227344876687,1,0.0,-0.0130732639852372,1.0,1.163820376321623,0.0,0.5211595181256249,False,False,False,True,False
-0.8575479394898411,0.574346974494636,-0.2515205765888294,1.0,1.0,-0.7850187010698834,-2.044605214277315,1,0.0,0.760630414255544,0.0,2.194753278458871,0.7939,-1.4191715978588444,False,False,False,True,False
1.1527812138068128,-0.3822182105446792,-0.5224322741822764,1.0,1.0,-0.7850187010698834,0.4041527212394904,1,0.0,-1.6449050708254869,0.0,-1.188039110061908,1.301385,0.5211595181256249,True,False,False,False,False
-0.7644280313877868,-1.624688445230401,-0.6358604462311023,1.0,0.0,0.1548143927459385,0.9116873291472974,1,0.0,-1.0943609194973372,0.0,-0.091028363795228,1.0,-1.4191715978588444,False,False,False,True,False
-0.6106301940138019,1.1162372765034925,2.542047563893369,1.0,1.0,1.088341755265735,0.4041527212394904,1,0.0,0.620062790582518,0.0,-0.187658038582525,0.656491,0.5211595181256249,False,False,False,True,False
-0.2068889817486715,-2.3764032518035294,-1.015317590701258,1.0,1.0,-0.7850187010698834,-2.1670227344876687,1,1.0,-1.6449050708254869,0.0,-1.188039110061908,0.0,0.5211595181256249,False,False,False,True,False
-0.0183203639917299,-0.0456285311746796,1.0653565967247811,1.0,1.0,1.088341755265735,0.4041527212394904,1,0.0,1.4713633349021669,0.0,-0.7636366583060541,0.573887,0.5211595181256249,False,False,False,True,False
1.999758851731511,-2.162001264817097,-0.4424698301169366,1.0,1.0,-0.7850187010698834,0.4041527212394904,2,0.0,-1.6449050708254869,0.0,-1.188039110061908,0.0,0.5211595181256249,False,False,True,False,False
-0.9010981835137032,-0.9882039865631314,-1.677660860453609,0.0,1.0,0.8945650963832912,-0.0773320225386169,1,0.0,1.3569441841019487,1.0,1.104632304557552,1.253311,-1.4191715978588444,False,False,False,True,False
-1.2675877127602355,1.2498633148927856,-1.5070227262638838,0.0,1.0,1.088341755265735,0.7723848997191832,1,0.0,0.2286760908709185,0.0,1.7026748940525882,1.273333,0.5211595181256249,False,False,False,True,False
0.2648850746350815,-0.9892116759019656,0.6976854130301404,1.0,1.0,1.088341755265735,0.4041527212394904,1,0.0,0.988062076838483,0.0,-1.1080935264710157,0.778632,0.5211595181256249,False,False,False,True,False
5.78258370912611,-0.5539863624188602,-0.7861784864675294,0.0,1.0,1.088341755265735,0.4041527212394904,3,0.0,-0.0130732639852372,0.0,-0.0121093668701423,1.0,2.461490634110094,False,False,False,True,False
-0.9949774937058796,-0.0179813949527804,-1.3972160977574724,0.0,1.0,-2.6000258525511035,0.4041527212394904,1,0.0,-0.0724262504636308,0.0,-1.1548755394444137,1.0,0.5211595181256249,False,False,False,True,False
-0.3645066841401131,-0.6611873559120762,-1.1680769935237438,1.0,0.0,1.088341755265735,0.4041527212394904,1,0.0,-0.0130732639852372,0.0,-1.188039110061908,0.0,-1.4191715978588444,False,False,False,True,False
-0.837359791314438,-1.7503708900018478,-1.7027349034024435,0.0,1.0,0.5618712662217364,-1.5588266074881436,2,0.0,-1.3762337548200807,0.0,0.265027875356577,0.930926,0.5211595181256249,False,False,False,True,False
-0.1670972894560354,-1.2013088415282949,-0.8195058526219082,0.0,1.0,-0.2489640999312714,0.3541600712660595,1,0.0,1.0595346781462798,0.0,1.0592567035570113,1.618227,0.5211595181256249,False,False,False,True,False
-0.3592849672775873,0.0272895845994055,-1.3422996652905494,1.0,1.0,1.0591641661583076,0.4041527212394904,2,0.0,0.0598598267896805,0.0,1.1735288522814142,1.250871,-1.4191715978588444,False,False,False,True,False
-0.5221243865315548,-1.8403982843374496,-1.282646545640608,0.0,1.0,1.088341755265735,0.4041527212394904,1,0.0,-0.0130732639852372,0.0,1.163820376321623,1.0,0.5211595181256249,False,False,False,True,False
-1.2722938621182394,-0.9127559273426048,-0.8219644770204856,1.0,1.0,-0.0578401194549992,-2.1670227344876687,1,0.0,-0.9301333664569345,1.0,-1.0576437886286023,1.165817,-1.4191715978588444,False,False,False,True,False
3.025956013395803,-1.2234994471813907,-0.3994637809591276,1.0,1.0,-0.7850187010698834,0.4041527212394904,1,0.0,0.1369475613448146,0.0,-1.188039110061908,0.0,0.5211595181256249,True,False,False,False,False
-0.4116740968161567,0.9420571022757148,1.954622584535309,1.0,1.0,1.088341755265735,0.4041527212394904,1,0.0,1.3456861764665582,0.0,0.582646498992673,0.923005,0.5211595181256249,False,False,False,True,False
-0.837359791314438,-2.162001264817097,-1.3972160977574724,0.0,1.0,-0.7850187010698834,0.4041527212394904,2,0.0,-1.6449050708254869,0.0,-1.188039110061908,2.0,0.5211595181256249,False,False,False,True,False
3.6206006344434,-0.620601059775544,-0.1759526768340362,1.0,1.0,-0.7146084483185091,-1.6283807603287468,1,0.0,-0.2948073936043995,0.0,-1.188039110061908,0.0,-1.4191715978588444,True,False,False,False,False
-0.7939066397952484,-0.8393875673958472,-0.1426291678545781,1.0,1.0,-2.139724328185335,0.2988939404329321,1,0.0,-0.9859974965323036,0.0,-0.5383249917212823,1.560402,0.5211595181256249,False,False,False,True,False
-1.1525951960973213,-1.0899913298849375,-1.282646545640608,0.0,1.0,-2.6583791574055016,0.4041527212394904,1,0.0,-1.6449050708254869,0.0,1.163820376321623,2.0,0.5211595181256249,False,False,False,False,True
-1.1525951960973213,-0.5539863624188602,-0.747988635761908,1.0,1.0,1.088341755265735,-2.1670227344876687,1,0.0,-0.0130732639852372,0.0,-0.0121093668701423,1.0,-1.4191715978588444,False,False,False,False,True
-0.4158159747995992,0.1940621701768019,1.744378710925052,1.0,1.0,1.088341755265735,0.4041527212394904,1,0.0,-0.3756581323061063,0.0,0.6754755688499741,0.927341,0.5211595181256249,False,False,False,True,False
-0.9949774937058796,-1.0899913298849375,-1.2062668442293651,0.0,1.0,-0.7850187010698834,1.68974044910307,2,0.0,-0.0130732639852372,0.0,1.163820376321623,1.0,0.5211595181256249,False,False,False,True,False
-0.5954787195183173,0.6077722442658202,-0.2717797959201022,1.0,1.0,0.8180158414165056,-2.1670227344876687,1,0.0,1.0702362311355371,0.0,2.060714926681157,0.783336,0.5211595181256249,False,False,False,True,False
2.57571836701371,-1.850475177725811,-0.2606509297158282,1.0,1.0,-0.7850187010698834,0.4041527212394904,1,0.0,-1.6449050708254869,0.0,-1.188039110061908,0.0,0.5211595181256249,True,False,False,False,False
2.361122653296273,-1.4423502753977897,-0.2515205765888294,1.0,1.0,-0.7372873500029085,-2.107700574373132,1,0.0,-0.1089858102640796,0.0,1.144141192069309,0.0,0.5211595181256249,True,False,False,False,False
1.3692880421657443,-1.5187953038578017,-1.4735957991687152,1.0,0.0,-0.7850187010698834,0.4041527212394904,1,0.0,-0.0130732639852372,0.0,-0.0121093668701423,0.0,0.5211595181256249,False,False,False,True,False
2.13735453500587,-1.4612712507493422,-0.2515205765888294,1.0,1.0,-0.7802154048598388,-0.91456074560795,1,0.0,-0.1184928623707311,0.0,0.7514206394545279,0.0,0.5211595181256249,True,False,False,False,False
-0.5221243865315548,-1.0899913298849375,-0.9771277399956366,0.0,1.0,-0.7850187010698834,0.4041527212394904,1,0.0,-1.6449050708254869,0.0,-0.0121093668701423,1.0,0.5211595181256249,False,False,False,True,False
1.999758851731511,-0.2323833819392123,-0.1369510244719651,1.0,1.0,-0.7850187010698834,-2.1670227344876687,1,0.0,-0.0130732639852372,0.0,-1.188039110061908,0.0,-1.4191715978588444,True,False,False,False,False
0.8964349349914197,0.0892195985404355,-0.1751408751775865,1.0,1.0,1.088341755265735,1.68974044910307,2,1.0,-1.6449050708254869,0.0,-1.188039110061908,0.0,-1.4191715978588444,True,False,False,False,False
-0.2068889817486715,-0.5568164686470792,-0.0936165425980883,1.0,1.0,-0.1584283357974834,-1.5283736053905108,1,0.0,1.254409664350949,0.0,-0.2679728641127795,0.167728,-1.4191715978588444,False,False,False,True,False
1.5851748024834689,-0.5303807036516537,-0.361002476794691,1.0,1.0,0.3298705605882204,-1.3702206031087334,1,0.0,-0.5968594610505298,0.0,-0.4085964224523668,0.999268,-1.4191715978588444,True,False,False,False,False
2.15335462321103,-1.516490482497699,-0.2515205765888294,1.0,1.0,0.2810639006193091,-0.2860626172100033,1,0.0,-0.7190591859057617,0.0,-0.7657227576704763,0.0,0.5211595181256249,True,False,False,False,False
2.172727730247367,-0.0506348175708127,-0.3219413246452206,1.0,1.0,1.088341755265735,0.4041527212394904,1,0.0,0.2578499799136086,0.0,-1.188039110061908,0.0,-1.4191715978588444,True,False,False,False,False
0.4235818278170949,-1.0899913298849375,-0.9771277399956366,0.0,1.0,1.088341755265735,0.4041527212394904,3,0.0,-0.0130732639852372,0.0,-1.188039110061908,0.0,0.5211595181256249,True,False,False,False,False
-0.9421725686684014,0.7436066231210727,1.9270178911294664,1.0,1.0,1.088341755265735,0.4041527212394904,1,0.0,1.3928036880572636,0.0,0.8164977673725032,0.655571,0.5211595181256249,False,False,False,True,False
-0.2418974496268347,-0.4316164283463525,1.304647594402033,1.0,1.0,1.088341755265735,0.4041527212394904,1,0.0,-0.1593017121961919,0.0,-0.9323273077561426,0.77582,0.5211595181256249,False,False,False,True,False
-0.3584656704605565,0.1049459842858914,-1.3221531442087084,1.0,1.0,0.8638401115389313,0.4041527212394904,2,0.0,-1.5937406163538177,0.0,1.4069297395696023,1.37465,-1.4191715978588444,False,False,False,True,False
-1.3102128984887629,-1.4115943103645856,-1.4354059484630937,0.0,1.0,-0.7850187010698834,1.68974044910307,3,0.0,-0.0130732639852372,0.0,-1.188039110061908,1.0,0.5211595181256249,False,False,False,True,False
-0.4399592239811105,1.093446345286834,2.828086261351313,1.0,1.0,1.088341755265735,0.4041527212394904,1,0.0,0.646266745736759,0.0,-0.6848528933014355,0.639894,0.5211595181256249,False,False,False,True,False
0.2659641254256533,-0.7770609097788916,0.6966102923530755,1.0,1.0,1.088341755265735,0.4041527212394904,1,0.0,1.0552902836166878,0.0,-1.188039110061908,0.555468,0.5211595181256249,False,False,False,True,False
-1.1525951960973213,-1.3043933168713695,-1.3972160977574724,0.0,1.0,-2.6583791574055016,1.68974044910307,2,0.0,-0.0130732639852372,0.0,-0.0121093668701423,2.0,0.5211595181256249,False,False,False,True,False
-0.9949774937058796,-1.0899913298849375,-0.1369510244719651,1.0,1.0,-0.7850187010698834,0.4041527212394904,1,0.0,-0.0130732639852372,1.0,-0.0121093668701423,0.0,-1.4191715978588444,False,False,False,True,False
2.242953036606255,-1.9771009912399995,-0.257507943192606,1.0,1.0,-0.7850187010698834,0.4041527212394904,1,0.0,-1.4896623837135463,0.0,-1.188039110061908,0.0,0.5211595181256249,True,False,False,False,False
-0.9949774937058796,-0.3395843754324283,0.1685677811730062,1.0,1.0,-2.6583791574055016,0.4041527212394904,2,0.0,-1.6449050708254869,0.0,-1.188039110061908,1.0,0.5211595181256249,False,False,False,True,False
0.0077762413755188,0.404926524377956,1.7857796788475535,1.0,1.0,1.088341755265735,0.4041527212394904,1,0.0,1.3778006264251743,0.0,0.1514706919160346,0.586035,0.5211595181256249,False,False,False,True,False
-0.3721812476872551,0.3054118421182045,-0.3115049168139407,1.0,1.0,-0.525869255703152,-2.1670227344876687,1,0.0,-0.0130732639852372,0.0,1.480213681165313,0.0,0.5211595181256249,False,False,False,True,False
-0.2073353550818443,-0.4924315519550543,-0.1574299500143478,1.0,1.0,0.5954793528083971,-1.5520824142677712,1,0.0,1.0923442884546093,0.0,-1.1112932313022406,0.40699,0.5211595181256249,False,False,False,True,False
2.826424296349025,0.7134617037507824,-0.4184365751693818,1.0,1.0,1.088341755265735,0.3422349595023966,1,0.0,0.1697441169986898,0.0,-0.7427345071208206,0.0,0.5211595181256249,True,False,False,False,False
-0.6797420889229964,-1.7331972908442337,-1.817304455519308,1.0,1.0,-2.6583791574055016,0.4041527212394904,1,0.0,-0.0130732639852372,0.0,2.3397501195133885,2.0,0.5211595181256249,False,False,False,True,False
-0.3645066841401131,-0.5539863624188602,-0.8243683371731508,1.0,1.0,-0.7850187010698834,0.4041527212394904,2,0.0,-0.0130732639852372,1.0,-0.0121093668701423,0.0,-1.4191715978588444,True,False,False,False,False
-0.2250588352449521,-0.8457124260119478,-0.1751408751775865,1.0,1.0,-1.2451141557854548,-2.1670227344876687,1,0.0,-0.0130732639852372,0.0,-1.188039110061908,0.301909,-1.4191715978588444,False,False,False,True,False
-0.5221243865315548,0.1964205920336515,-0.7670835611147188,1.0,1.0,1.088341755265735,1.68974044910307,3,0.0,1.6187585428550124,0.0,-1.188039110061908,2.0,-1.4191715978588444,False,False,False,True,False
-0.2827366691695644,-0.7218416780305371,-0.1593120604266725,1.0,1.0,-1.05981445296793,-1.754647330196324,1,0.0,0.2081248010955725,0.0,-0.8963685521390815,1.727828,0.5211595181256249,False,False,False,True,False
-0.5221243865315548,-0.5539863624188602,0.0539982290561419,1.0,1.0,1.088341755265735,-2.1670227344876687,1,0.0,1.6187585428550124,0.0,1.163820376321623,1.0,-1.4191715978588444,False,False,False,True,False
3.260700470863044,-0.2757676240059158,-0.2641873862708702,1.0,1.0,0.3353463932020894,0.4041527212394904,1,0.0,-1.6449050708254869,0.0,-1.188039110061908,0.0,-1.4191715978588444,True,False,False,False,False
-0.5201620461367812,0.4941499112623604,1.5778818841458435,1.0,1.0,1.088341755265735,0.4041527212394904,1,0.0,-0.4941079076692198,0.0,-0.7283246640477486,0.998646,0.5211595181256249,False,False,False,True,False
2.055916147681153,-1.5241660736318126,-0.3558502840359955,1.0,1.0,-0.7850187010698834,0.4041527212394904,1,0.0,-0.615989425322118,0.0,-1.188039110061908,0.0,0.5211595181256249,True,False,False,False,False
-0.5565242924607846,0.3474882320642912,1.471515091872189,1.0,1.0,1.088341755265735,0.4041527212394904,1,0.0,-0.75965263393272,0.0,-0.4499080102604366,0.450479,0.5211595181256249,False,False,False,True,False
-0.4503353549472413,-0.9720702370424014,-0.705679398620074,1.0,1.0,-0.8275477301496146,1.1176204849228526,0,0.0,0.3425959011382433,0.0,-0.0378387096511782,0.459759,0.5211595181256249,False,False,False,True,False
-0.6797420889229964,-2.162001264817097,-1.6263552019912009,0.0,1.0,-0.7850187010698834,0.4041527212394904,1,0.0,-1.6449050708254869,0.0,-1.188039110061908,0.0,0.5211595181256249,True,False,False,False,False
-0.4009425379311334,0.3398876816256215,1.8689654226921493,1.0,1.0,1.088341755265735,0.4041527212394904,1,0.0,-0.8522656162981315,0.0,1.1054636868859886,0.869238,0.5211595181256249,False,False,False,True,False
-0.568199193294621,-1.4129021624852025,-0.6432215399546104,1.0,0.0,-0.0026378068881569,0.4041527212394904,1,0.0,-0.1147788131783627,0.0,0.4782944935818356,1.0,-1.4191715978588444,False,False,False,True,False
-0.8231705728920535,-1.4927025820415525,-0.6165095724988623,1.0,0.0,0.6167101468600488,0.4946400990528963,1,0.0,-0.0745574228033643,0.0,0.1592847450595439,1.0,-1.4191715978588444,False,False,False,True,False
2.265154593312006,-2.1406361068139006,-0.3797260440392401,1.0,1.0,-0.7850187010698834,0.4041527212394904,1,0.0,-1.6449050708254869,0.0,-1.188039110061908,0.0,0.5211595181256249,True,False,False,False,False
-0.4739876249858036,-0.0720964564681551,1.801746435339216,1.0,1.0,1.088341755265735,0.4041527212394904,1,0.0,-1.092952648648034,0.0,1.077130835653526,0.886135,0.5211595181256249,False,False,False,True,False
0.2601242319343477,-0.8347243241788926,0.8940505220462144,1.0,1.0,1.088341755265735,0.4041527212394904,1,0.0,0.6321318186259084,0.0,-1.1877192571717596,0.461532,0.5211595181256249,False,False,False,True,False
-0.742940482873869,-1.4491039379878634,-1.713951911782147,0.0,1.0,1.0281188366759135,-2.1670227344876687,2,0.0,-1.4308332152451484,0.0,-1.188039110061908,0.504176,0.5211595181256249,False,False,False,True,False
-0.5221243865315548,-1.6259962973510176,-1.1298871428181223,0.0,1.0,-0.7850187010698834,1.68974044910307,2,0.0,-0.0130732639852372,1.0,1.163820376321623,0.0,0.5211595181256249,True,False,False,False,False
-0.8914365335925132,-1.3685316712783615,-1.732516303728955,0.0,1.0,-1.4407435681592144,-1.5064427643408862,1,0.0,-0.7474400046903275,0.0,-0.9201599627033372,1.972926,0.5211595181256249,False,False,False,True,False
0.6076476230521178,-0.4660601075557241,-0.3279002780000723,1.0,1.0,0.9722514811470732,-1.482019168686934,1,0.0,-0.1252747553599592,0.0,-0.5706736430267446,0.371941,2.461490634110094,True,False,False,False,False
-0.8317553786705054,-0.2045754442270723,1.5597269637783011,1.0,1.0,1.088341755265735,0.4041527212394904,1,0.0,-0.9247956446167598,0.0,0.4884980359635106,0.662277,0.5211595181256249,False,False,False,True,False
-0.2551217324751793,-0.7908147972440728,-0.1751408751775865,1.0,1.0,-0.938164045014864,-1.7096723291247444,1,0.0,-0.0161606897637789,0.0,-1.188039110061908,1.382906,0.5211595181256249,False,False,False,True,False
-0.4854532095108641,0.195487943390261,1.7178338240661395,1.0,1.0,1.088341755265735,0.4041527212394904,1,0.0,-0.5818286582777241,0.0,0.7592923131554535,0.939982,0.5211595181256249,False,False,False,True,False
-0.6156120167332884,0.5821083264235443,-1.2559304154911326,1.0,1.0,-0.7850187010698834,1.550889260967436,2,0.0,-0.2351166179419898,0.0,2.1870285959758444,2.0,-1.4191715978588444,False,False,False,True,False
-0.2068889817486715,-0.9200348748007952,-0.228021406703393,1.0,1.0,-0.7850187010698834,-2.1670227344876687,1,0.0,-0.0130732639852372,0.0,-1.1572979547153888,0.0,-1.4191715978588444,False,False,False,True,False
-0.9669401415690853,1.2852182025468484,2.120163404781802,1.0,1.0,1.088341755265735,0.4041527212394904,1,0.0,1.153603254483392,0.0,1.1635534402699186,0.813784,0.5211595181256249,False,False,False,True,False
-0.978140770736426,-1.067168238370234,-0.1593812604361511,1.0,1.0,-0.1862027779231157,0.4041527212394904,1,0.0,-1.4700314470772582,0.0,-0.3741510884147935,0.30402,-1.4191715978588444,False,False,False,True,False
0.993146950530975,-0.6021088883979645,-0.6651556897581309,1.0,1.0,-0.7841457150972312,0.4041527212394904,1,0.0,-1.4304040434799496,0.0,-1.115877005441202,0.0,0.5211595181256249,True,False,False,False,False
-0.3889334875682269,-0.9434690119784102,-0.7049503925599546,1.0,1.0,-1.2376338274833067,1.6665960132383415,1,0.0,0.2712701646930625,0.0,-0.1056240037677243,1.358163,0.5211595181256249,False,False,False,True,False
-0.8646620144872785,0.4796027364453304,1.8010697875644144,1.0,1.0,1.088341755265735,0.4041527212394904,1,0.0,1.3876732088565575,0.0,0.5104526442689008,0.713823,0.5211595181256249,False,False,False,True,False
1.8421411493400692,-1.3043933168713695,-1.015317590701258,1.0,0.0,1.088341755265735,0.4041527212394904,1,0.0,-1.6449050708254869,0.0,1.163820376321623,0.0,0.5211595181256249,True,False,False,False,False
-0.5221243865315548,-0.3395843754324283,-0.4424698301169366,1.0,1.0,-0.7850187010698834,0.4041527212394904,1,0.0,-0.0130732639852372,0.0,-0.0121093668701423,0.0,0.5211595181256249,False,False,False,True,False
0.1935963216381587,-0.3534240236924018,0.6938675736550994,1.0,1.0,1.088341755265735,0.4041527212394904,1,0.0,-0.9725104066487686,0.0,-1.0187581438807372,0.753077,0.5211595181256249,False,False,False,True,False
1.5883260532073809,-0.1110104171061927,-0.3446426321697156,1.0,1.0,1.088341755265735,-1.1355892724840793,1,0.0,-0.0130732639852372,0.0,-0.7283952198323402,0.0,-1.4191715978588444,True,False,False,False,False
0.0256352727626837,-0.0745191989211025,1.0002133423272503,1.0,1.0,1.088341755265735,0.4041527212394904,1,0.0,1.1685345155159803,0.0,-0.7919918522036372,0.153462,0.5211595181256249,False,False,False,True,False
-0.4700824887913534,0.4964440125231146,2.3185107198089017,1.0,1.0,1.088341755265735,0.4041527212394904,1,0.0,0.5357917324136735,0.0,0.4775477781949089,0.711724,0.5211595181256249,False,False,False,True,False
-0.2078851256277853,0.4255841558240988,-1.2109599567927285,1.0,1.0,1.088341755265735,0.4041527212394904,2,0.0,0.00291216039457,0.0,1.163820376321623,0.071317,-1.4191715978588444,False,False,False,True,False
3.260700470863044,-0.7683883494052922,-0.3660901287056937,1.0,1.0,-0.7850187010698834,0.4041527212394904,2,0.0,-1.6449050708254869,0.0,-1.188039110061908,0.0,-1.4191715978588444,True,False,False,False,False
-1.1525951960973213,0.5180235725132994,-1.1298871428181223,1.0,1.0,1.088341755265735,0.4041527212394904,2,0.0,-0.0130732639852372,0.0,-1.188039110061908,1.0,-1.4191715978588444,False,False,False,True,False
-0.4124394883789696,0.5767268365501848,1.8057858140382,1.0,1.0,1.088341755265735,0.4041527212394904,1,0.0,-0.0795100323371243,0.0,0.4972457773231141,0.911335,0.5211595181256249,False,False,False,True,False
-1.1395338899532497,-0.6523539940482336,-1.6506055662400172,0.0,1.0,0.7420641884352907,0.4041527212394904,1,0.0,1.4738306645941093,0.0,1.863649092527852,1.380204,0.5211595181256249,False,False,False,True,False
-0.6875276153326217,-1.871132809171954,-1.7027349034024435,0.0,0.0,0.5736959174221267,-1.833023186025527,2,0.0,-1.6449050708254869,0.0,0.4284762300115164,0.0,0.5211595181256249,False,False,False,True,False
0.1683289430031914,-0.7643254317518979,-1.5475712967186364,1.0,1.0,0.5090125275857706,0.4527350814754553,2,0.0,0.3333581012797201,0.0,0.7133005249694803,0.0,-1.4191715978588444,False,False,False,True,False
-0.2978857793995129,-0.0168021840243544,-1.39059302289885,1.0,1.0,0.4784336648570037,0.4041527212394904,2,0.0,0.7267731679272221,0.0,0.3660978608541659,1.990617,-1.4191715978588444,False,False,False,True,False
0.2659641254256533,-0.9803783140381253,0.7007960909396652,1.0,1.0,1.088341755265735,0.4041527212394904,1,0.0,-1.119448701695699,0.0,-1.188039110061908,0.539876,0.5211595181256249,False,False,False,True,False
-0.7900059168964653,0.4038973948404225,-1.4105973249766628,0.0,1.0,1.088341755265735,1.3742559350976191,1,0.0,-0.5154946953296679,0.0,1.163820376321623,1.0,0.5211595181256249,False,False,False,True,False
1.0540526373828614,-1.3043933168713695,-0.7097987850562866,1.0,0.0,-0.7850187010698834,-2.1670227344876687,1,0.0,-1.6449050708254869,0.0,-0.0121093668701423,0.0,0.5211595181256249,False,False,False,True,False
-1.3102128984887629,-0.9827903363917218,-0.8243683371731508,1.0,1.0,-2.6583791574055016,-2.1670227344876687,1,0.0,-0.0130732639852372,0.0,-1.188039110061908,0.0,-1.4191715978588444,False,False,False,True,False
-0.7873716522363972,0.3164321042493074,-1.410548289208357,0.0,1.0,0.9380064520052585,1.144783668024882,1,0.0,-0.095794081937583,0.0,1.0934786109433785,1.0,0.5211595181256249,False,False,False,True,False
1.559124063867616,-0.3939674394315355,-0.2367763154081046,1.0,1.0,-0.7850187010698834,0.4041527212394904,1,0.0,1.0339785602193543,0.0,-0.8518537317105571,1.50301,-1.4191715978588444,True,False,False,False,False
2.348629716587026,-1.2368459708712956,-0.2515205765888294,1.0,1.0,-0.7466110649940905,-1.86175478615555,1,0.0,-0.1249842892983416,0.0,1.1261588744364204,0.0,0.5211595181256249,True,False,False,False,False
-0.9949774937058796,-2.162001264817097,-1.0916972921125008,0.0,1.0,-0.7850187010698834,0.4041527212394904,1,0.0,-1.6449050708254869,0.0,-1.188039110061908,0.0,-1.4191715978588444,False,False,False,True,False
0.2659641254256533,-0.673665551554686,0.931237392702754,1.0,1.0,1.088341755265735,0.4041527212394904,1,0.0,1.0380467169138068,0.0,-1.188039110061908,0.357581,0.5211595181256249,False,False,False,True,False
1.5547717662514808,-0.2214381605035533,-0.3511128712458138,1.0,1.0,0.7062886238006495,-0.9181102533245814,1,0.0,-0.1410072458097061,0.0,-0.0882896234233345,0.704637,-1.4191715978588444,True,False,False,False,False
0.0007892062462084,-1.2320219261641,-0.2855466260618674,1.0,1.0,-0.7850187010698834,-2.1670227344876687,1,0.0,-0.0130732639852372,0.0,-0.18562250419706,0.0,-1.4191715978588444,False,False,False,True,False
-0.4149249619279806,0.5085684448871972,1.8090162935093892,1.0,1.0,1.088341755265735,0.4041527212394904,1,0.0,1.3377130462583369,0.0,0.4727934942431845,0.901071,0.5211595181256249,False,False,False,True,False
-0.862706294036006,-0.8238005429419353,-0.634350648673306,1.0,1.0,-0.3091888918815486,0.085735781626783,1,0.0,0.5227077049864287,0.0,-0.2290578211213343,0.024088,-1.4191715978588444,False,False,False,True,False
-0.8631594449303813,0.5355080545520422,-0.2515205765888294,1.0,1.0,-0.7850187010698834,-1.2187475146609352,1,0.0,0.3263118515377846,0.0,1.9176760086490543,0.707044,2.461490634110094,False,False,False,True,False
-0.2376531201368378,-0.9493543465211892,-0.1508459433729971,1.0,1.0,1.0216857168688571,-2.1670227344876687,1,0.0,1.5820684365100164,0.0,-0.3153663605526371,2.0,0.5211595181256249,False,False,False,True,False
-0.213690973695374,-0.8896755534435148,-0.2025773041012206,1.0,1.0,-0.0426715198400493,-2.0726335979201966,1,0.0,-0.0459824160337846,0.0,-1.1614654497252603,0.061282,-1.4191715978588444,False,False,False,True,False
-0.5457482853836866,-1.8947920684359076,-1.7027349034024435,0.0,1.0,0.8380289511715386,-1.8760402369875704,2,0.0,-1.6449050708254869,0.0,-1.0175880937862614,0.0,0.5211595181256249,False,False,False,True,False
-0.9481289416417736,-0.6891024946177078,-0.6334190836450437,1.0,1.0,-0.7850187010698834,-0.8827025961237625,1,0.0,0.5191731572928129,0.0,-1.179748805372406,0.0,-1.4191715978588444,False,False,False,True,False
1.211670339774303,-0.3395843754324283,0.1303779304673848,1.0,1.0,1.088341755265735,-2.1670227344876687,1,0.0,-0.0130732639852372,0.0,1.163820376321623,0.0,0.5211595181256249,True,False,False,False,False
0.2659641254256533,-0.6440244768538104,0.9640976587931523,1.0,1.0,1.088341755265735,0.4041527212394904,1,0.0,0.8883310441316348,0.0,-1.188039110061908,0.196288,0.5211595181256249,False,False,False,True,False
-0.7393932964815493,-1.4488573757028278,-0.953602791960974,0.0,1.0,0.9174107271483044,0.0133996169430835,1,0.0,-0.6285561620665946,1.0,-0.5530934933660278,0.001096,0.5211595181256249,False,False,False,True,False
-0.2613748995821544,-0.8623714604007943,-0.1751408751775865,1.0,1.0,-2.539516309811463,-2.1670227344876687,1,0.0,-0.0130732639852372,0.0,-1.188039110061908,1.482016,0.5211595181256249,False,False,False,True,False
-0.5221243865315548,-0.7683883494052922,-0.7861784864675294,1.0,1.0,1.088341755265735,-2.1670227344876687,1,1.0,1.6187585428550124,0.0,-1.188039110061908,0.0,0.5211595181256249,False,False,False,True,False
-0.9949774937058796,-0.6109958507585518,-0.6948232843295391,1.0,1.0,-0.7850187010698834,-1.9977172586666745,1,0.0,-1.0826753719285542,0.0,-1.188039110061908,1.59257,-1.4191715978588444,False,False,False,True,False
-0.3645066841401131,-0.2323833819392123,-1.3208363963462295,0.0,1.0,1.088341755265735,0.4041527212394904,2,0.0,-0.0130732639852372,0.0,-1.188039110061908,1.0,-1.4191715978588444,False,False,False,True,False
-0.8950027917268218,-0.3465095596120893,1.5085847578769134,1.0,1.0,1.088341755265735,0.4041527212394904,1,0.0,-1.409041733296604,0.0,-0.1038154238226953,0.899673,0.5211595181256249,False,False,False,True,False
0.2659641254256533,-0.8265341682760111,0.92484586290896,1.0,1.0,1.088341755265735,0.4041527212394904,1,0.0,1.137085852934555,0.0,-1.188039110061908,0.269577,0.5211595181256249,False,False,False,True,False
-0.4776386814439992,0.5067781882958602,1.7978454566591895,1.0,1.0,1.088341755265735,0.4041527212394904,1,0.0,0.3915867556432009,0.0,0.7051348688327568,0.849236,0.5211595181256249,False,False,False,True,False
-0.8998558407834543,-0.2139555311577282,0.1560365836508212,1.0,1.0,-1.6759364800103262,0.4041527212394904,1,0.0,-1.018557436574187,0.0,-1.0346778807440673,1.0,0.5211595181256249,False,False,False,True,False
-0.2068889817486715,-1.0899913298849375,-1.3208363963462295,0.0,1.0,-0.7850187010698834,1.68974044910307,2,0.0,-0.0130732639852372,0.0,1.163820376321623,1.0,0.5211595181256249,True,False,False,False,False
1.7042888644462164,-1.8421778208294384,-0.9044166320228773,0.0,1.0,-0.7850187010698834,-0.7456563731580493,1,0.0,-0.899841672626559,0.0,-1.188039110061908,0.9974,0.5211595181256249,True,False,False,False,False
-0.2098904956553118,-0.015665853493327,-0.2334343597627065,1.0,1.0,-0.7850187010698834,0.1666468164553335,1,0.0,-0.6295564749641877,0.0,-0.6425358855629365,1.462664,-1.4191715978588444,False,False,False,True,False
0.7388172325999781,-0.0179813949527804,-0.3279002780000723,1.0,1.0,1.088341755265735,0.4041527212394904,1,0.0,-1.6449050708254869,0.0,1.163820376321623,1.0,2.461490634110094,True,False,False,False,False
0.4235818278170949,-1.6259962973510176,-0.9389378892900152,0.0,1.0,1.088341755265735,-2.1670227344876687,1,0.0,-1.6449050708254869,0.0,-0.0121093668701423,0.0,0.5211595181256249,False,False,False,True,False
-0.837359791314438,0.6252245660065153,-0.2688970350395883,1.0,1.0,-0.7850187010698834,-1.978306169563662,1,0.0,1.6187585428550124,0.0,0.9400938630306735,1.690102,2.461490634110094,False,False,False,True,False
0.2221470346316418,-0.7847901014097521,0.7879670220850941,1.0,1.0,1.088341755265735,0.4041527212394904,1,0.0,0.7817430541724434,0.0,-1.1088649363825496,0.455823,0.5211595181256249,False,False,False,True,False
-0.3787657272046572,-0.9682538816740426,-0.7072748178231519,1.0,1.0,-1.095706165950864,1.6845428179193176,1,0.0,1.019665763441559,0.0,0.2655441085138381,1.980875,0.5211595181256249,False,False,False,True,False
0.2659641254256533,-0.6490522034486428,0.9645094217634608,1.0,1.0,1.088341755265735,0.4041527212394904,1,0.0,0.9944213253897398,0.0,-1.188039110061908,0.200379,0.5211595181256249,False,False,False,True,False
0.2659641254256533,-0.8060909388168561,0.9460009397580854,1.0,1.0,1.088341755265735,0.4041527212394904,1,0.0,0.9976670388535452,0.0,-1.188039110061908,0.171034,0.5211595181256249,False,False,False,True,False
-0.8458772943339691,-1.0313631065434985,-0.1736514710000673,1.0,1.0,0.6487202569774556,0.4041527212394904,1,0.0,-1.5656241543219602,0.0,-0.9616032546426446,0.720411,-1.4191715978588444,False,False,False,True,False
0.2596234804938505,-0.6386965874771979,0.70195618403455,1.0,1.0,1.088341755265735,0.4041527212394904,1,0.0,-0.8583588762648727,0.0,-0.948022442038523,0.657221,0.5211595181256249,False,False,False,True,False
-0.857567326467235,-1.2304782318577987,-1.7236482384966023,0.0,1.0,-0.7850187010698834,-2.0644842573132696,1,0.0,-1.6449050708254869,0.0,-0.9590326722240275,1.547086,0.5211595181256249,False,False,False,True,False
-0.8507494151325908,-0.7328404999629408,-1.5881653512855796,0.0,1.0,1.088341755265735,0.4041527212394904,1,0.0,1.4957086336284164,1.0,0.40247407153006,0.220087,0.5211595181256249,False,False,False,True,False
-0.3645066841401131,-1.5187953038578017,-1.4354059484630937,0.0,1.0,-0.7850187010698834,0.4041527212394904,1,0.0,-1.6449050708254869,1.0,1.163820376321623,0.0,-1.4191715978588444,False,False,False,False,True
0.2638154809066529,-0.3508297596498651,0.9800906135223996,1.0,1.0,1.088341755265735,0.4041527212394904,1,0.0,1.5047538773337323,0.0,-1.1373553622005994,0.138629,0.5211595181256249,False,False,False,True,False
-0.8026668740764626,-1.8375467379105312,-1.7027349034024435,0.0,1.0,1.088341755265735,-2.1670227344876687,2,0.0,-0.0866868286236075,0.0,-1.188039110061908,0.907868,0.5211595181256249,False,False,False,True,False
-0.9353660058083294,0.4757971011763225,1.59157516063515,1.0,1.0,1.088341755265735,0.4041527212394904,1,0.0,0.8055155799344916,0.0,0.6301587643365929,0.66488,0.5211595181256249,False,False,False,True,False
-0.6797420889229964,-1.3043933168713695,-1.2635516202877972,1.0,1.0,-0.7850187010698834,-2.1670227344876687,2,0.0,-0.0130732639852372,0.0,-0.0121093668701423,1.0,0.5211595181256249,False,False,False,True,False
-1.3102128984887629,-1.6259962973510176,-1.5881653512855796,0.0,1.0,-0.7850187010698834,0.4041527212394904,2,0.0,-0.0130732639852372,0.0,-0.0121093668701423,1.0,-1.4191715978588444,False,False,False,True,False
-0.2068889817486715,-1.0899913298849375,-0.3279002780000723,1.0,1.0,-0.7850187010698834,-2.1670227344876687,1,1.0,-0.0130732639852372,0.0,-0.0121093668701423,0.0,2.461490634110094,False,False,False,True,False
0.1387524540025448,-0.0179813949527804,-0.2228912876784054,1.0,1.0,0.2364685549562392,0.4041527212394904,1,0.0,0.4268098451938477,0.0,-0.5964029858077805,1.0,2.461490634110094,False,False,False,True,False
-0.5221243865315548,-1.6259962973510176,-1.3972160977574724,0.0,1.0,-0.7850187010698834,0.4041527212394904,1,0.0,-0.0130732639852372,0.0,-1.188039110061908,0.0,0.5211595181256249,False,False,False,True,False
-0.8362285690643748,-0.117388876219038,-1.4011986881484573,0.0,1.0,-2.2595257293679976,0.6703606576359297,1,0.0,-1.5964347706669109,0.0,1.163820376321623,1.0,0.5211595181256249,False,False,False,True,False
-0.9708815298350858,-0.0719142147792174,0.2261627351988694,1.0,1.0,-0.5829692824122613,0.4041527212394904,1,0.0,-1.0184546311703562,0.0,0.0237870644705295,0.831412,0.5211595181256249,False,False,False,True,False
-0.4765564782993797,0.0708989487524453,1.6956400596575227,1.0,1.0,1.088341755265735,0.4041527212394904,1,0.0,-1.3094853065930872,0.0,0.8391861558376453,0.952352,0.5211595181256249,False,False,False,True,False
0.2659641254256533,-0.742906673251954,0.9685174084051652,1.0,1.0,1.088341755265735,0.4041527212394904,1,0.0,1.189735274350449,0.0,-1.188039110061908,0.037078,0.5211595181256249,False,False,False,True,False
-0.7312417817669711,-1.0955014609504905,-1.5953927423417675,0.0,0.0,1.088341755265735,0.3714576541444639,2,0.0,-1.4070476348286451,1.0,-0.1536089928684075,0.0,0.5211595181256249,False,False,False,True,False
-0.4908818784166305,0.4519984806208275,-0.2942794610328715,1.0,1.0,0.1714873008073257,-2.1670227344876687,1,0.0,-0.0130732639852372,0.0,1.3045579998463002,0.0,0.5211595181256249,False,False,False,True,False
-0.8609289968238397,-1.625428132085505,-0.5206902823321902,1.0,0.0,1.088341755265735,0.4054048836864293,1,0.0,-0.0130732639852372,0.0,1.4863167565324784,1.0,0.5211595181256249,False,False,False,True,False
0.2659641254256533,-0.5027014071317045,0.9680017308510872,1.0,1.0,1.088341755265735,0.4041527212394904,1,0.0,1.2436412062576103,0.0,-1.188039110061908,0.088236,0.5211595181256249,False,False,False,True,False
-0.0492712793572299,-1.0899913298849375,0.5313713628764098,1.0,1.0,1.088341755265735,-2.1670227344876687,1,0.0,-1.6449050708254869,0.0,-1.188039110061908,2.0,0.5211595181256249,False,False,False,True,False
3.004782912198156,-1.2773465062130331,-0.1782169148925215,1.0,1.0,0.6505748838292276,-1.7583549652034824,1,0.0,-0.1936501398983725,0.0,-0.0231137174069308,0.0,-1.4191715978588444,True,False,False,False,False
-0.2068889817486715,-1.0899913298849375,-0.1369510244719651,1.0,1.0,1.088341755265735,0.4041527212394904,2,0.0,1.6187585428550124,0.0,2.3397501195133885,0.0,-1.4191715978588444,False,False,False,True,False
3.040808171874446,-1.4198059064661663,-0.181736720672656,1.0,1.0,0.9194639302084482,-2.1670227344876687,1,0.0,-0.0130732639852372,0.0,0.3510788861741207,0.0,-1.4191715978588444,True,False,False,False,False
-0.837359791314438,-0.5539863624188602,-1.1680769935237438,1.0,1.0,1.088341755265735,0.4041527212394904,2,1.0,1.6187585428550124,1.0,-0.0121093668701423,2.0,2.461490634110094,False,False,False,True,False
-0.9949774937058796,-0.5600003381538277,-0.0644766935735804,1.0,1.0,-0.7850187010698834,0.4041527212394904,1,0.0,-1.5807528670031763,0.0,-0.0121093668701423,0.0,-1.4191715978588444,False,False,False,True,False
-0.7578107673882871,-1.19379405188442,-1.6886957414352968,0.0,0.0,1.0127666477362438,0.4041527212394904,2,0.0,-1.6449050708254869,0.0,0.6021951550434929,0.0,0.5211595181256249,False,False,False,True,False
-0.8775658605466611,1.0752864969890823,1.964809307122676,1.0,1.0,1.088341755265735,0.4041527212394904,1,0.0,1.1154869271392176,0.0,0.1858795721315689,0.735372,0.5211595181256249,False,False,False,True,False
-0.4137765593483565,-1.0396390232411747,-0.7091697218354639,1.0,1.0,-0.9693367630082886,0.7467631363028621,0,0.0,1.4996266617966396,0.0,-0.0287229022819556,0.307982,0.5211595181256249,False,False,False,True,False
-0.2068889817486715,0.5180235725132994,-1.1680769935237438,0.0,0.0,1.088341755265735,0.4041527212394904,2,0.0,-0.0130732639852372,0.0,1.163820376321623,0.0,0.5211595181256249,False,False,False,True,False
0.8964349349914197,-0.8755893428985058,-1.0535074414068797,1.0,1.0,1.088341755265735,0.4041527212394904,1,0.0,-0.0130732639852372,0.0,1.163820376321623,0.0,0.5211595181256249,True,False,False,False,False
0.2659641254256533,-0.4846809201254944,0.9686440841399556,1.0,1.0,1.088341755265735,0.4041527212394904,1,0.0,1.266777317614991,0.0,-1.188039110061908,0.127775,0.5211595181256249,False,False,False,True,False
-0.9949774937058796,-2.1774274877807707,-1.1918879071604902,0.0,1.0,-0.7850187010698834,0.4041527212394904,1,0.0,-1.196611500513947,1.0,-1.035283484561811,0.978574,0.5211595181256249,False,False,False,True,False
-0.837359791314438,-2.0548002713238813,-1.0535074414068797,1.0,1.0,1.088341755265735,0.4041527212394904,2,0.0,-1.6449050708254869,0.0,-0.0121093668701423,2.0,0.5211595181256249,False,False,False,False,True
-0.0234966869559669,-0.5965451568356649,-1.403338503673344,1.0,1.0,1.088341755265735,1.1626996186003888,2,0.0,1.1789798709115653,0.0,-1.06212290502042,0.0,-1.4191715978588444,False,False,False,True,False
-0.3645066841401131,-0.2812027143760223,-1.3531373338831931,1.0,1.0,1.088341755265735,0.4041527212394904,2,0.0,1.3173477853089706,0.0,1.1386919336393584,1.0,-1.4191715978588444,False,False,False,True,False
-0.5221243865315548,0.5563800879851729,-0.3286957725902705,1.0,1.0,-0.2725646949601877,-0.3799658016163424,1,0.0,-0.5868187999430416,0.0,-0.1595203916874325,1.102696,0.5211595181256249,False,False,False,True,False
2.0320977485842704,-0.3667169468855595,-0.2135838100238339,1.0,1.0,-0.7652734818601055,0.1172609638894539,1,0.0,-0.5816883207423358,0.0,-1.188039110061908,0.790967,-1.4191715978588444,True,False,False,False,False
-0.837359791314438,-1.1971923233781536,-1.4354059484630937,1.0,1.0,-0.7850187010698834,-2.1670227344876687,0,0.0,-0.0130732639852372,0.0,1.163820376321623,0.0,-1.4191715978588444,False,False,False,True,False
-0.7139082477995796,0.4961760100393821,1.8083076426396951,1.0,1.0,1.088341755265735,0.4041527212394904,1,0.0,1.360504841104475,0.0,0.4926655309733822,0.775378,0.5211595181256249,False,False,False,True,False
-0.6178511338134608,-1.8914902778363167,-0.8159570607450887,1.0,0.0,0.0598837249815875,0.4041527212394904,1,0.0,-0.0130732639852372,0.0,1.372245691794161,1.323877,-1.4191715978588444,False,False,False,True,False
1.752623593826172,-0.4127168931934989,-0.2463585690385029,1.0,1.0,-0.7850187010698834,0.4041527212394904,1,0.0,-0.0252336746098107,0.0,-1.1419344326205882,1.528714,-1.4191715978588444,True,False,False,False,False
-0.7539901142823182,1.2461005600211736,2.1376044422701046,1.0,1.0,1.088341755265735,0.4041527212394904,1,0.0,0.904019475122597,0.0,1.1361001844853635,0.740331,0.5211595181256249,False,False,False,True,False
-0.6797420889229964,-0.6611873559120762,-1.4354059484630937,0.0,0.0,1.088341755265735,0.4041527212394904,1,1.0,-0.0130732639852372,0.0,1.163820376321623,1.0,0.5211595181256249,True,False,False,False,False
1.526905744557186,-0.2323833819392123,-0.3660901287056937,1.0,0.0,1.088341755265735,-2.1670227344876687,1,0.0,-0.0130732639852372,0.0,-0.0121093668701423,0.0,0.5211595181256249,True,False,False,False,False
-0.432079284567753,-1.0801931590796594,-0.707549326470024,1.0,1.0,-1.2217945648249893,0.818783046405508,1,0.0,0.992600201093306,0.0,-0.0790691583069679,0.256977,0.5211595181256249,False,False,False,True,False
-0.3026401597744482,-0.4936322030821795,1.3220987522007726,1.0,1.0,1.088341755265735,0.4041527212394904,1,0.0,-1.0777472398718966,0.0,-0.6436412595215368,0.31794,0.5211595181256249,False,False,False,True,False
-0.3645066841401131,-1.3043933168713695,-1.0916972921125008,1.0,1.0,-0.7850187010698834,-2.1670227344876687,1,0.0,-1.6449050708254869,0.0,-1.188039110061908,0.0,-1.4191715978588444,False,False,False,True,False
2.074104442448613,-1.628011676028691,-0.4011286675006396,1.0,1.0,-0.7850187010698834,0.1023134353775843,1,0.0,-0.7453316779958897,0.0,0.3994672191767187,0.0,0.5211595181256249,True,False,False,False,False
0.2659641254256533,-1.0011967469745089,0.71696212207231,1.0,1.0,1.088341755265735,0.4041527212394904,1,0.0,0.763681939734335,0.0,-1.188039110061908,0.546345,0.5211595181256249,False,False,False,True,False
-1.166623644463267,0.4990489966649997,-1.3999486961450116,0.0,1.0,0.1412662499257199,1.131075446082673,1,0.0,-0.8432383227426911,0.0,1.106231569008293,0.956204,0.5211595181256249,False,False,False,True,False
-0.7877158892984201,-0.4317450695385456,-1.3998054078251645,0.0,1.0,-0.4001574022807499,0.4041527212394904,1,0.0,-0.7791677105107222,0.0,1.163820376321623,1.0,0.5211595181256249,False,False,False,True,False
-0.0492712793572299,-1.0899913298849375,-1.4735957991687152,0.0,1.0,1.088341755265735,0.4041527212394904,1,0.0,-0.0130732639852372,0.0,1.163820376321623,0.0,-1.4191715978588444,False,False,False,True,False
-0.8040015807803135,-1.4332381909508658,-1.7052413796839552,0.0,1.0,-0.6520775496464825,-2.1670227344876687,1,0.0,-0.5401957333898086,0.0,-1.188039110061908,1.718513,0.5211595181256249,False,False,False,True,False
-0.837359791314438,0.6252245660065153,-0.2515205765888294,1.0,1.0,-0.7850187010698834,-2.1670227344876687,1,0.0,1.6187585428550124,0.0,2.3397501195133885,1.0,-1.4191715978588444,False,False,False,True,False
-0.5221243865315548,-0.7683883494052922,-1.3590262470518508,0.0,1.0,-0.7850187010698834,-2.1670227344876687,1,0.0,-1.6449050708254869,0.0,-0.0121093668701423,1.0,-1.4191715978588444,False,False,False,True,False
0.2659641254256533,-0.6482267557987462,0.965074096895994,1.0,1.0,1.088341755265735,0.4041527212394904,1,0.0,1.0017254045571566,0.0,-1.188039110061908,0.153669,0.5211595181256249,False,False,False,True,False
0.2505621964010688,-0.2467697552660014,0.7015008082547364,1.0,1.0,1.088341755265735,0.4041527212394904,1,0.0,-0.557843994380786,0.0,-0.9406811126517768,0.73421,0.5211595181256249,False,False,False,True,False
-0.9599018806864976,1.072745833443295,2.084409951981648,1.0,1.0,1.088341755265735,0.4041527212394904,1,0.0,0.6698287651957251,0.0,1.1580230426876876,0.893514,0.5211595181256249,False,False,False,True,False
-0.2068889817486715,0.0911706566220134,-1.3862186810193269,1.0,1.0,-0.7850187010698834,0.4041527212394904,2,0.0,0.1498863557412507,0.0,0.735558523148614,2.0,-1.4191715978588444,False,False,False,True,False
0.9367447166718166,-0.531645675374872,-0.4968529031289049,1.0,1.0,-0.7850187010698834,0.4041527212394904,1,0.0,-1.6449050708254869,0.0,-1.188039110061908,0.018877,0.5211595181256249,True,False,False,False,False
2.3349029485034567,-1.4878249368376124,-0.3790941547694647,1.0,1.0,-0.7850187010698834,0.4041527212394904,1,0.0,-0.9260407322853792,0.0,-1.188039110061908,0.0,0.5211595181256249,True,False,False,False,False
-0.203982038463466,-1.2530976414848654,-1.6119714911909877,0.0,0.0,-0.4011409165203263,-0.717140751766307,2,0.0,0.1832230477231902,0.0,-0.0171247072248552,0.0,-1.4191715978588444,False,False,False,True,False
-0.6412267847843263,-1.5275214647281503,-1.7045372734064956,0.0,1.0,0.3761556773829049,-2.1670227344876687,2,0.0,-1.3203614655856777,0.0,-1.188039110061908,0.751212,0.5211595181256249,False,False,False,True,False
0.2659641254256533,-0.6194647292445166,0.9661450548793316,1.0,1.0,1.088341755265735,0.4041527212394904,1,0.0,1.240403651952839,0.0,-1.188039110061908,0.094213,0.5211595181256249,False,False,False,True,False
-0.9939148351563568,-0.0179813949527804,-1.3972160977574724,0.0,1.0,-2.651698754018209,0.7104542821048112,2,0.0,-1.6210248441641866,0.0,-0.2664911926363578,1.0,0.5211595181256249,False,False,False,True,False
-1.3102128984887629,-1.0899913298849375,-1.1298871428181223,0.0,1.0,1.088341755265735,0.4041527212394904,1,0.0,-1.6449050708254869,0.0,2.3397501195133885,0.0,-1.4191715978588444,False,False,False,True,False
-0.6797420889229964,-0.7683883494052922,-0.8625581878787723,1.0,1.0,-2.6583791574055016,0.4041527212394904,3,0.0,-0.0130732639852372,0.0,-1.188039110061908,2.0,-1.4191715978588444,True,False,False,False,False
-0.6496791916927693,-0.2242146662350277,1.4830069907972714,1.0,1.0,1.088341755265735,0.4041527212394904,1,0.0,-1.4419606763359925,0.0,-0.1566699379899356,0.552006,0.5211595181256249,False,False,False,True,False
-0.8353309362492551,0.4329274238783846,1.802326500981584,1.0,1.0,1.088341755265735,0.4041527212394904,1,0.0,1.1324073911443446,0.0,0.5357668838505898,0.813235,0.5211595181256249,False,False,False,True,False
-0.5221243865315548,-0.1251823884459964,-0.9007480385843938,0.0,1.0,1.088341755265735,-2.1670227344876687,1,0.0,-1.6449050708254869,0.0,-1.188039110061908,0.0,0.5211595181256249,False,False,False,True,False
-0.7178404942388417,-0.3674137533432652,-1.4305957458174672,0.0,0.0,0.8650222019868787,0.7659055375707511,1,0.0,-0.078132766292151,0.0,0.5911766933497858,1.0,0.5211595181256249,False,False,False,True,False
0.2659641254256533,-0.8316476556656381,0.8933501201842735,1.0,1.0,1.088341755265735,0.4041527212394904,1,0.0,0.8416688136150375,0.0,-1.188039110061908,0.383953,0.5211595181256249,False,False,False,True,False
-1.1525951960973213,-1.5187953038578017,-1.3590262470518508,0.0,1.0,1.088341755265735,0.4041527212394904,1,0.0,-1.6449050708254869,0.0,-1.188039110061908,2.0,-1.4191715978588444,False,False,False,True,False
2.467170050113069,0.4032434687801129,-0.2166004645209218,0.0,1.0,-0.0056183233741875,0.6561831961730501,1,0.0,-1.0694412159750797,0.0,-1.013263024190802,1.08266,0.5211595181256249,True,False,False,False,False
1.0475835340236097,-0.7309644825768091,-0.6791058311832832,1.0,1.0,-0.6873192065510683,0.4041527212394904,1,0.0,-0.0586437990230578,0.0,-0.9195661181830254,0.0,0.5211595181256249,True,False,False,False,False
1.4050369980097424,-1.5408465482193558,-0.3413539513660513,1.0,1.0,-0.7458467339279051,-0.7608070245309213,1,0.0,-0.8183528876883772,0.0,-1.188039110061908,0.0,0.5211595181256249,True,False,False,False,False
-0.2068889817486715,0.0906024913564985,-1.394161253409679,1.0,1.0,-0.7850187010698834,0.4041527212394904,2,0.0,1.1061055260816934,0.0,-0.7491985929191456,2.0,-1.4191715978588444,False,False,False,True,False
-0.5221243865315548,-0.4467853689256443,-0.8625581878787723,1.0,1.0,-2.6583791574055016,0.4041527212394904,1,0.0,-1.6449050708254869,0.0,-1.188039110061908,0.0,-1.4191715978588444,False,False,False,True,False
0.2637866368671153,-0.4078499680889074,0.7078890155315188,1.0,1.0,1.088341755265735,0.4041527212394904,1,0.0,-0.622616294289696,0.0,-1.176064617486986,0.412806,0.5211595181256249,False,False,False,True,False
-0.0043765563319686,-0.5462035702912528,1.0383110027332685,1.0,1.0,1.088341755265735,0.4041527212394904,1,0.0,1.2130362007203213,0.0,-0.8059642494122418,0.516764,0.5211595181256249,False,False,False,True,False
-0.102119076409759,0.3983443833774737,1.7905916000364623,1.0,1.0,1.088341755265735,0.4041527212394904,1,0.0,1.3960347150348076,0.0,0.0189963266967661,0.714137,0.5211595181256249,False,False,False,True,False
